District Name,Market Name,Commodity,Min Price (Rs./Quintal),Max Price (Rs./Quintal),Modal Price (Rs./Quintal),Date,temperature_2m_max,temperature_2m_min,precipitation_sum,rain_sum,relative_humidity_2m_max,relative_humidity_2m_min
Jaunpur,Shahganj,Rice,3160,3300,3210,2/4/2024,36.6,21.4,0,0,40,11
Jaunpur,Shahganj,Rice,2900,3000,2950,3/4/2024,37.5,22.9,0,0,39,14
Jaunpur,Shahganj,Rice,3000,3100,3020,4/4/2024,39.2,23.9,0,0,38,16
Jaunpur,Shahganj,Rice,2600,2750,2650,5/4/2024,39.4,23.2,0,0,44,13
Jaunpur,Shahganj,Rice,2650,2750,2700,6/4/2024,38.2,24.2,0,0,43,15
Jaunpur,Shahganj,Rice,3360,3400,3380,7/4/2024,38,22.4,0,0,36,13
Jaunpur,Shahganj,Rice,3200,3300,3240,8/4/2024,38,19.7,0,0,52,10
Jaunpur,Shahganj,Rice,3150,3300,3210,9/4/2024,38.5,21.8,0,0,57,10
Jaunpur,Shahganj,Rice,3100,3160,3130,10/4/2024,38.8,24.4,0,0,43,10
Jaunpur,Shahganj,Rice,3150,3250,3200,11/4/2024,38.3,22,0,0,46,13
Jaunpur,Shahganj,Rice,3150,3300,3210,12/4/2024,37.6,24.2,0,0,46,18
Jaunpur,Shahganj,Rice,2750,2900,2810,13-04-2024,37.7,23,0,0,50,21
Jaunpur,Shahganj,Rice,3060,3200,3110,14-04-2024,37.5,24.7,0,0,56,24
Jaunpur,Shahganj,Rice,3150,3280,3200,15-04-2024,40,25.7,0,0,53,21
Jaunpur,Shahganj,Rice,3150,3250,3200,16-04-2024,40,25.8,0,0,54,18
Jaunpur,Shahganj,Rice,2950,3060,3010,17-04-2024,38.8,26.2,0,0,36,8
Jaunpur,Shahganj,Rice,3150,3250,3200,18-04-2024,40.1,25.2,0,0,26,15
Jaunpur,Shahganj,Rice,3150,3250,3200,19-04-2024,41.8,27,0,0,33,11
Jaunpur,Shahganj,Rice,3000,3100,3050,20-04-2024,42.2,28.2,0,0,28,11
Jaunpur,Shahganj,Rice,3355,3405,3380,21-04-2024,40.5,25.3,0,0,26,10
Jaunpur,Shahganj,Rice,3150,3250,3200,22-04-2024,40.1,28,0,0,32,15
Jaunpur,Shahganj,Rice,3340,3450,3380,23-04-2024,40,27.6,0,0,43,16
Jaunpur,Shahganj,Rice,3150,3250,3200,24-04-2024,40.7,24.2,0,0,36,11
Jaunpur,Shahganj,Rice,3150,3250,3200,25-04-2024,41.5,25,0,0,26,9
Jaunpur,Shahganj,Rice,3150,3250,3200,26-04-2024,42.4,24.8,0,0,28,10
Jaunpur,Shahganj,Rice,3300,3340,3320,27-04-2024,40.8,30.2,0,0,34,16
Jaunpur,Shahganj,Rice,2900,3000,2950,28-04-2024,42,27.1,0,0,35,10
Jaunpur,Shahganj,Rice,3300,3460,3400,29-04-2024,42.7,25,0,0,29,11
Jaunpur,Shahganj,Rice,2940,3000,2970,30-04-2024,42.5,26.1,0,0,30,11
Jaunpur,Shahganj,Rice,3350,3390,3370,1/5/2024,40.2,26.1,0,0,22,10
Jaunpur,Shahganj,Rice,3150,3260,3210,2/5/2024,38.1,23.9,0,0,26,8
Jaunpur,Shahganj,Rice,3200,3300,3230,3/5/2024,39.8,22.1,0,0,33,9
Jaunpur,Shahganj,Rice,3100,3200,3140,4/5/2024,41.6,24.6,0,0,28,8
Jaunpur,Shahganj,Rice,2900,3000,2940,5/5/2024,43.4,26.1,0,0,27,8
Jaunpur,Shahganj,Rice,3150,3300,3220,6/5/2024,41.3,27.7,0,0,62,18
Jaunpur,Shahganj,Rice,3170,3230,3200,7/5/2024,38.6,26.7,0.6,0.6,73,31
Jaunpur,Shahganj,Rice,3100,3200,3150,8/5/2024,37.4,25,0.6,0.6,73,30
Jaunpur,Shahganj,Rice,2950,3050,3000,9/5/2024,35.3,25.3,2.3,2.3,72,38
Jaunpur,Shahganj,Rice,3345,3395,3370,10/5/2024,36.8,25.9,0,0,77,32
Jaunpur,Shahganj,Rice,2860,3000,2920,11/5/2024,38.4,27.1,0.2,0.2,66,33
Jaunpur,Shahganj,Rice,3250,3400,3310,12/5/2024,36.7,27.6,0,0,68,36
Jaunpur,Shahganj,Rice,3200,3300,3220,13-05-2024,34.7,27.3,1,1,76,42
Jaunpur,Shahganj,Rice,2950,3100,3020,14-05-2024,39.6,26.5,0,0,72,20
Jaunpur,Shahganj,Rice,3200,3250,3210,15-05-2024,40.7,24.4,0,0,58,16
Jaunpur,Shahganj,Rice,3280,3400,3320,16-05-2024,41,26,0,0,54,17
Jaunpur,Shahganj,Rice,2900,3000,2960,17-05-2024,40.1,26.8,0,0,48,25
Jaunpur,Shahganj,Rice,3150,3300,3210,18-05-2024,43.1,30.1,0,0,51,17
Jaunpur,Shahganj,Rice,2950,3050,3000,19-05-2024,44.4,28.3,0,0,57,12
Jaunpur,Shahganj,Rice,2900,3020,2980,20-05-2024,40.2,28.1,0.5,0.5,69,29
Jaunpur,Shahganj,Rice,3150,3250,3200,21-05-2024,39.4,27.7,0,0,74,35
Jaunpur,Shahganj,Rice,3100,3140,3120,22-05-2024,38.5,28.4,0.4,0.4,69,35
Jaunpur,Shahganj,Rice,3250,3360,3310,23-05-2024,35.9,27.2,1.6,1.6,75,45
Jaunpur,Shahganj,Rice,3200,3300,3270,24-05-2024,39.2,28.5,0,0,72,36
Jaunpur,Shahganj,Rice,3070,3130,3100,25-05-2024,41.3,30.5,0,0,64,27
Jaunpur,Shahganj,Rice,3250,3350,3300,26-05-2024,41.2,30.8,1.2,1.2,54,29
Jaunpur,Shahganj,Rice,3050,3150,3100,27-05-2024,41.7,31.4,0,0,61,32
Jaunpur,Shahganj,Rice,3100,3200,3130,28-05-2024,46.2,29.8,0,0,65,11
Jaunpur,Shahganj,Rice,3150,3300,3210,29-05-2024,46.2,30.6,0,0,68,12
Jaunpur,Shahganj,Rice,3100,3200,3140,30-05-2024,46.5,32.4,0,0,70,13
Jaunpur,Shahganj,Rice,3290,3330,3310,31-05-2024,45.2,32.3,0,0,75,12
Jaunpur,Shahganj,Rice,3150,3240,3200,1/6/2024,44.1,29.7,0,0,77,14
Jaunpur,Shahganj,Rice,3070,3130,3100,2/6/2024,40.6,29,0,0,84,28
Jaunpur,Shahganj,Rice,3125,3175,3150,3/6/2024,43.7,29.5,0,0,64,13
Jaunpur,Shahganj,Rice,3200,3300,3240,4/6/2024,44.7,29.7,0,0,62,14
Jaunpur,Shahganj,Rice,3355,3405,3380,5/6/2024,40.5,28.9,0,0,71,32
Jaunpur,Shahganj,Rice,3300,3400,3340,6/6/2024,42.4,28,0,0,79,21
Jaunpur,Shahganj,Rice,3325,3375,3350,7/6/2024,42.9,28.4,0,0,63,18
Jaunpur,Shahganj,Rice,2800,2900,2840,8/6/2024,43.8,27.8,0,0,60,18
Jaunpur,Shahganj,Rice,3200,3300,3240,9/6/2024,44.3,29,0,0,56,15
Jaunpur,Shahganj,Rice,3020,3100,3060,10/6/2024,44.7,29,0,0,44,11
Jaunpur,Shahganj,Rice,3200,3300,3240,11/6/2024,45,29.5,0,0,37,14
Jaunpur,Shahganj,Rice,3150,3250,3200,12/6/2024,44.8,29.7,0,0,66,17
Jaunpur,Shahganj,Rice,3150,3240,3200,13-06-2024,45.5,29.6,0,0,57,13
Jaunpur,Shahganj,Rice,3100,3140,3120,14-06-2024,45.5,32.4,0,0,38,15
Jaunpur,Shahganj,Rice,3300,3460,3400,15-06-2024,44.8,31.4,0,0,75,18
Jaunpur,Shahganj,Rice,2900,3000,2960,16-06-2024,46.2,30.3,0,0,64,14
Jaunpur,Shahganj,Rice,3325,3370,3350,17-06-2024,46.8,31.7,0,0,69,15
Jaunpur,Shahganj,Rice,3100,3200,3140,18-06-2024,45.4,34.9,0,0,42,21
Jaunpur,Shahganj,Rice,3280,3320,3300,19-06-2024,42.4,31.7,0,0,60,28
Jaunpur,Shahganj,Rice,3330,3390,3360,20-06-2024,35.3,27.7,1.3,1.3,85,45
Jaunpur,Shahganj,Rice,3150,3300,3210,21-06-2024,36.1,27.7,0.2,0.2,84,47
Jaunpur,Shahganj,Rice,3300,3400,3320,22-06-2024,37,27.8,1,1,87,48
Jaunpur,Shahganj,Rice,3100,3220,3160,23-06-2024,37.6,27.4,4.5,4.5,93,46
Jaunpur,Shahganj,Rice,3100,3140,3120,24-06-2024,37.3,27.5,10.2,10.2,95,48
Jaunpur,Shahganj,Rice,2900,3000,2950,25-06-2024,35.8,27.1,13.3,13.3,92,54
Jaunpur,Shahganj,Rice,2950,3050,2980,26-06-2024,34.6,27.4,10.9,10.9,97,58
Jaunpur,Shahganj,Rice,3300,3400,3350,27-06-2024,35.9,26.7,9.8,9.8,94,57
Jaunpur,Shahganj,Rice,3345,3400,3375,28-06-2024,33.6,26.9,22.5,22.5,95,63
Jaunpur,Shahganj,Rice,3340,3390,3365,29-06-2024,34,27.2,9,9,95,63
Jaunpur,Shahganj,Rice,3150,3300,3210,30-06-2024,33.1,26.1,15.1,15.1,95,64
Jaunpur,Shahganj,Rice,3120,3200,3180,1/7/2024,33.1,25.9,29.1,29.1,96,67
Jaunpur,Shahganj,Rice,3350,3480,3400,2/7/2024,30.7,26,43,43,96,75
Jaunpur,Shahganj,Rice,3200,3300,3260,3/7/2024,30,26.5,11.3,11.3,96,76
Jaunpur,Shahganj,Rice,3180,3240,3210,4/7/2024,31.7,26.3,6.9,6.9,97,71
Jaunpur,Shahganj,Rice,3100,3200,3140,5/7/2024,30.4,26.3,27.3,27.3,96,74
Jaunpur,Shahganj,Rice,3240,3380,3310,6/7/2024,32.4,26.2,34.5,34.5,97,66
Jaunpur,Shahganj,Rice,2600,2750,2650,7/7/2024,30.8,26.2,15.7,15.7,97,75
Jaunpur,Shahganj,Rice,3200,3300,3260,8/7/2024,32.6,26.5,5.6,5.6,97,73
Jaunpur,Shahganj,Rice,2950,3050,2970,9/7/2024,34,27.2,6.8,6.8,94,65
Jaunpur,Shahganj,Rice,3250,3400,3310,10/7/2024,34.1,26.7,19.8,19.8,97,66
Jaunpur,Shahganj,Rice,2950,3050,3000,11/7/2024,32.8,26.9,16.5,16.5,98,73
Jaunpur,Shahganj,Rice,2600,2800,2700,12/7/2024,32.4,25.8,20.1,20.1,96,71
Jaunpur,Shahganj,Rice,3150,3250,3210,13-07-2024,32.1,26,15.2,15.2,99,68
Jaunpur,Shahganj,Rice,2900,3000,2950,14-07-2024,32.6,25.7,30.9,30.9,97,70
Jaunpur,Shahganj,Rice,3275,3325,3300,15-07-2024,34.7,26.5,9.9,9.9,95,60
Jaunpur,Shahganj,Rice,3300,3340,3320,16-07-2024,34.5,28.6,0.5,0.5,84,59
Jaunpur,Shahganj,Rice,3200,3300,3230,17-07-2024,33.1,28.2,0.2,0.2,85,68
Jaunpur,Shahganj,Rice,2950,3080,3010,18-07-2024,35.5,28.4,0.3,0.3,89,58
Jaunpur,Shahganj,Rice,2900,3050,2980,19-07-2024,34.8,27.1,1.6,1.6,94,64
Jaunpur,Shahganj,Rice,3240,3400,3300,20-07-2024,35.1,27.8,1.8,1.8,92,59
Jaunpur,Shahganj,Rice,2600,2750,2670,21-07-2024,34.5,28.6,0.3,0.3,82,58
Jaunpur,Shahganj,Rice,2650,2800,2710,22-07-2024,34.8,28.4,1.4,1.4,87,58
Jaunpur,Shahganj,Rice,3130,3190,3160,23-07-2024,32.7,27.5,6.5,6.5,97,67
Jaunpur,Shahganj,Rice,3240,3280,3260,24-07-2024,34.2,26.9,1.4,1.4,97,62
Jaunpur,Shahganj,Rice,3300,3400,3350,25-07-2024,33.8,27,9,9,98,68
Jaunpur,Shahganj,Rice,3140,3200,3180,26-07-2024,34.3,26.6,9.3,9.3,97,67
Jaunpur,Shahganj,Rice,2970,3100,3020,27-07-2024,34.5,26.8,4.6,4.6,96,64
Jaunpur,Shahganj,Rice,3050,4050,3090,28-07-2024,35,28.8,0.5,0.5,82,58
Jaunpur,Shahganj,Rice,3150,3300,3210,29-07-2024,35.6,28.8,2.9,2.9,87,57
Jaunpur,Shahganj,Rice,3100,3250,3200,30-07-2024,35.5,26.7,3,3,95,59
Jaunpur,Shahganj,Rice,2900,3000,2960,31-07-2024,33.6,26,15.7,15.7,97,65
Jaunpur,Shahganj,Rice,2650,2800,2700,1/8/2024,32.5,25.4,13.8,13.8,97,69
Jaunpur,Shahganj,Rice,2850,2980,2910,2/8/2024,31.7,26,4.8,4.8,97,67
Jaunpur,Shahganj,Rice,2960,3040,3000,3/8/2024,29.6,26.4,8.7,8.7,89,75
Jaunpur,Shahganj,Rice,3200,3320,3280,4/8/2024,32.7,26.1,7.1,7.1,92,67
Jaunpur,Shahganj,Rice,3150,3300,3210,5/8/2024,33.1,26,0.4,0.4,95,60
Jaunpur,Shahganj,Rice,3150,3300,3210,6/8/2024,30.1,26.6,0.8,0.8,97,78
Jaunpur,Shahganj,Rice,3300,3360,3330,7/8/2024,31.7,25.4,5.2,5.2,98,70
Jaunpur,Shahganj,Rice,2700,2800,2730,8/8/2024,30.1,25.5,20.4,20.4,97,75
Jaunpur,Shahganj,Rice,3150,3300,3210,9/8/2024,30.7,25.7,16.6,16.6,97,76
Jaunpur,Shahganj,Rice,2950,3050,3000,10/8/2024,31.1,25.4,10.3,10.3,97,69
Jaunpur,Shahganj,Rice,3200,3300,3220,11/8/2024,31.2,25.6,2.9,2.9,96,73
Jaunpur,Shahganj,Rice,3150,3300,3210,12/8/2024,31.6,26,3.4,3.4,97,72
Jaunpur,Shahganj,Rice,2900,3000,2950,13-08-2024,32.5,26,2.6,2.6,98,69
Jaunpur,Shahganj,Rice,3355,3405,3380,14-08-2024,31,26.5,20.2,20.2,98,74
Jaunpur,Shahganj,Rice,2800,2900,2830,15-08-2024,32.9,26.2,8.7,8.7,99,67
Jaunpur,Shahganj,Rice,3285,3335,3310,16-08-2024,33.5,25.6,3.7,3.7,97,66
Jaunpur,Shahganj,Rice,3050,3180,3110,17-08-2024,33,25.7,5.4,5.4,98,68
Jaunpur,Shahganj,Rice,3000,3100,3050,18-08-2024,32.5,25.8,11.6,11.6,97,66
Jaunpur,Shahganj,Rice,2650,2750,2700,19-08-2024,32.8,25.2,1.8,1.8,98,66
Jaunpur,Shahganj,Rice,3100,3200,3160,20-08-2024,32.1,26,7.4,7.4,98,72
Jaunpur,Shahganj,Rice,2700,2800,2740,21-08-2024,32.2,25.6,6.8,6.8,96,70
Jaunpur,Shahganj,Rice,3200,3300,3240,22-08-2024,31.6,24.8,21.8,21.8,99,74
Jaunpur,Shahganj,Rice,2950,3100,3000,23-08-2024,31.1,24.7,18.9,18.9,99,70
Jaunpur,Shahganj,Rice,2900,3000,2940,24-08-2024,32.2,25.4,11.2,11.2,95,67
Jaunpur,Shahganj,Rice,2900,3000,2960,25-08-2024,32.2,25.5,4.1,4.1,97,67
Jaunpur,Shahganj,Rice,3080,3140,3110,26-08-2024,31.8,25.6,12.5,12.5,96,73
Jaunpur,Shahganj,Rice,2960,3100,3020,27-08-2024,29.4,25.3,16.9,16.9,96,75
Jaunpur,Shahganj,Rice,3150,3250,3200,28-08-2024,30.2,24.7,33.3,33.3,99,74
Jaunpur,Shahganj,Rice,3150,3300,3210,29-08-2024,33.2,24.2,0.5,0.5,98,57
Jaunpur,Shahganj,Rice,3100,3200,3160,30-08-2024,33,25.8,1.1,1.1,97,70
Jaunpur,Shahganj,Rice,3200,3300,3250,31-08-2024,33.4,26.5,8,8,96,64
Jaunpur,Shahganj,Rice,2280,3340,3300,1/9/2024,32,26,14.1,14.1,98,71
Jaunpur,Shahganj,Rice,2640,2740,2680,2/9/2024,32.7,26.6,0.6,0.6,91,63
Jaunpur,Shahganj,Rice,3200,3350,3280,3/9/2024,33.5,26.8,0,0,89,60
Jaunpur,Shahganj,Rice,2550,2700,2610,4/9/2024,32.5,26.6,5.1,5.1,98,71
Jaunpur,Shahganj,Rice,3200,3320,3260,5/9/2024,30.9,25.9,22.2,22.2,100,76
Jaunpur,Shahganj,Rice,2900,3100,3010,6/9/2024,32.1,25.6,0.6,0.6,98,65
Jaunpur,Shahganj,Rice,2650,2800,2730,7/9/2024,33.1,25.7,1.4,1.4,99,65
Jaunpur,Shahganj,Rice,3250,3340,3300,8/9/2024,33.1,26.6,6.4,6.4,97,68
Jaunpur,Shahganj,Rice,3320,3360,3340,9/9/2024,32.8,26.3,7.3,7.3,97,72
Jaunpur,Shahganj,Rice,2700,2800,2730,10/9/2024,32.8,27.5,0.5,0.5,90,62
Jaunpur,Shahganj,Rice,3200,3300,3250,11/9/2024,32.2,27,19.3,19.3,95,68
Jaunpur,Shahganj,Rice,2950,3050,3000,12/9/2024,32.5,27,8.8,8.8,93,67
Jaunpur,Shahganj,Rice,2650,2750,2700,13-09-2024,31.8,26.4,0.8,0.8,92,71
Jaunpur,Shahganj,Rice,3350,3450,3400,14-09-2024,31.5,25.2,0.2,0.2,93,62
Jaunpur,Shahganj,Rice,3250,3310,3280,15-09-2024,30.8,26.3,0.7,0.7,87,68
Jaunpur,Shahganj,Rice,3100,3250,3140,16-09-2024,31.4,25.5,2.4,2.4,92,65
Jaunpur,Shahganj,Rice,3150,3250,3200,17-09-2024,27.8,25.3,52.1,52.1,92,78
Jaunpur,Shahganj,Rice,3180,3300,3220,18-09-2024,32,25.8,0.3,0.3,87,62
Jaunpur,Shahganj,Rice,3000,3100,3050,19-09-2024,32.8,24.9,0,0,94,61
Jaunpur,Shahganj,Rice,3180,3300,3210,20-09-2024,32.6,24.6,0,0,94,58
Jaunpur,Shahganj,Rice,2950,3050,3000,21-09-2024,33.3,25,0,0,94,56
Jaunpur,Shahganj,Rice,3150,3250,3200,22-09-2024,33.6,25.5,0,0,91,57
Jaunpur,Shahganj,Rice,2960,3050,3010,23-09-2024,33.4,25.6,0,0,95,64
Jaunpur,Shahganj,Rice,2900,3000,2960,24-09-2024,32.3,25.6,4,4,95,70
Jaunpur,Shahganj,Rice,3150,3250,3200,25-09-2024,31.6,26.6,4,4,92,69
Jaunpur,Shahganj,Rice,3250,3400,3320,26-09-2024,29.4,24.9,23.1,23.1,96,74
Jaunpur,Shahganj,Rice,3150,3300,3210,27-09-2024,29.7,24.9,37,37,96,76
Jaunpur,Shahganj,Rice,3070,3130,3100,28-09-2024,29.5,24.8,15.9,15.9,99,80
Jaunpur,Shahganj,Rice,3360,3400,3380,29-09-2024,30.7,24.2,7.1,7.1,99,75
Jaunpur,Shahganj,Rice,2900,3000,2950,30-09-2024,31.5,24.9,1.1,1.1,99,67
Jaunpur,Shahganj,Rice,3200,3350,3260,1/10/2024,32.2,25.6,0.2,0.2,91,59
Jaunpur,Shahganj,Rice,3100,3200,3120,2/10/2024,32.7,25.5,0.4,0.4,92,59
Jaunpur,Shahganj,Rice,3100,3200,3140,3/10/2024,32.7,25.2,0.3,0.3,94,60
Jaunpur,Shahganj,Rice,2950,3100,3000,4/10/2024,32.7,24.4,0.2,0.2,99,63
Jaunpur,Shahganj,Rice,2760,2850,2800,5/10/2024,31.4,24.7,2.3,2.3,97,71
Jaunpur,Shahganj,Rice,3200,3350,3280,6/10/2024,30.7,23.6,1.6,1.6,98,71
Jaunpur,Shahganj,Rice,3100,3200,3150,7/10/2024,30.9,23.5,0,0,99,69
Jaunpur,Shahganj,Rice,3200,3300,3220,8/10/2024,31.8,23.7,0,0,99,60
Jaunpur,Shahganj,Rice,3150,3250,3210,9/10/2024,31.6,24.5,4.8,4.8,93,67
Jaunpur,Shahganj,Rice,3150,3300,3210,10/10/2024,32,23.4,0,0,98,53
Jaunpur,Shahganj,Rice,3300,3400,3350,11/10/2024,31.6,23.8,0,0,89,56
Jaunpur,Shahganj,Rice,3200,3300,3240,12/10/2024,30.4,22.8,0,0,84,50
Jaunpur,Shahganj,Rice,3200,3300,3240,13-10-2024,31.2,23.8,0,0,91,54
Jaunpur,Shahganj,Rice,2950,3050,3000,14-10-2024,30.4,23,0.1,0.1,97,53
Jaunpur,Shahganj,Rice,2900,3000,2950,15-10-2024,31.1,23.4,0,0,93,58
Jaunpur,Shahganj,Rice,2870,3000,2920,16-10-2024,31.4,21.4,0,0,95,47
Jaunpur,Shahganj,Rice,2900,3000,2950,17-10-2024,31.1,21,0,0,92,48
Jaunpur,Shahganj,Rice,3150,3300,3210,18-10-2024,31.5,21.3,0,0,91,48
Jaunpur,Shahganj,Rice,3200,3300,3240,19-10-2024,32,21.2,0,0,93,49
Jaunpur,Shahganj,Rice,3300,3400,3320,20-10-2024,32.3,22.2,0,0,88,48
Jaunpur,Shahganj,Rice,3150,3250,3200,21-10-2024,32.1,21.6,0.4,0.4,96,48
Jaunpur,Shahganj,Rice,3100,3300,3200,22-10-2024,31.6,21.7,0,0,96,53
Jaunpur,Shahganj,Rice,3200,3300,3250,23-10-2024,31.4,21.7,0,0,92,49
Jaunpur,Shahganj,Rice,3070,3130,3100,24-10-2024,31,22.3,0.2,0.2,89,58
Jaunpur,Shahganj,Rice,3100,3200,3140,25-10-2024,30.3,22.2,0,0,94,57
Jaunpur,Shahganj,Rice,2900,3000,2960,26-10-2024,30.8,20.4,0,0,96,53
Jaunpur,Shahganj,Rice,2950,3040,3000,27-10-2024,29,23.9,0.2,0.2,92,66
Jaunpur,Shahganj,Rice,2970,3100,3020,28-10-2024,31,23.3,0.3,0.3,95,61
Jaunpur,Shahganj,Rice,3200,3300,3250,29-10-2024,30.7,23.6,0.5,0.5,96,62
Jaunpur,Shahganj,Rice,3200,3320,3250,30-10-2024,32.4,22.7,0,0,96,49
Jaunpur,Shahganj,Rice,2930,3000,2970,31-10-2024,33.3,22.3,0,0,91,42
Jaunpur,Shahganj,Rice,3070,3130,3100,1/11/2024,32.8,21.4,0,0,88,33
Jaunpur,Shahganj,Rice,2900,3000,2940,2/11/2024,31.3,18.8,0,0,88,36
Jaunpur,Shahganj,Rice,2900,3000,2960,3/11/2024,30.9,19.6,0,0,77,41
Jaunpur,Shahganj,Rice,3325,3350,3335,4/11/2024,30.1,19.9,0,0,89,50
Jaunpur,Shahganj,Rice,3150,3250,3200,5/11/2024,29.2,20.7,0.2,0.2,97,57
Jaunpur,Shahganj,Rice,3150,3300,3210,6/11/2024,30.2,19.9,0,0,97,50
Jaunpur,Shahganj,Rice,3100,3200,3160,7/11/2024,29.9,20.7,0,0,93,51
Jaunpur,Shahganj,Rice,3350,3390,3370,8/11/2024,29.2,20.6,0.2,0.2,95,53
Jaunpur,Shahganj,Rice,3150,3240,3200,9/11/2024,29.2,19.8,0,0,95,52
Jaunpur,Shahganj,Rice,3100,3250,3150,10/11/2024,29.4,20.3,0,0,96,52
Jaunpur,Shahganj,Rice,3300,3340,3320,11/11/2024,29.7,19.4,0,0,94,50
Jaunpur,Shahganj,Rice,2950,3100,3020,12/11/2024,29.9,19,0,0,94,47
Jaunpur,Shahganj,Rice,3200,3320,3280,13-11-2024,30.5,18.2,0,0,94,38
Jaunpur,Shahganj,Rice,3325,3375,3350,14-11-2024,29.5,17.3,0,0,91,38
Jaunpur,Shahganj,Rice,3000,3100,3020,15-11-2024,29.1,16.9,0,0,94,39
Jaunpur,Shahganj,Rice,3260,3340,3300,16-11-2024,28.7,16.5,0,0,92,38
Jaunpur,Shahganj,Rice,3150,3280,3200,17-11-2024,28.9,16.1,0,0,90,38
Jaunpur,Shahganj,Rice,3140,3240,3180,18-11-2024,28.3,16.3,0,0,91,42
Jaunpur,Shahganj,Rice,3200,3300,3250,19-11-2024,27.7,15.8,0,0,94,43
Jaunpur,Shahganj,Rice,2900,3000,2950,20-11-2024,26,14.9,0,0,90,41
Jaunpur,Shahganj,Rice,3250,3400,3310,21-11-2024,24.8,13.1,0,0,90,45
Jaunpur,Shahganj,Rice,3050,3140,3100,22-11-2024,24.3,12.8,0,0,92,44
Jaunpur,Shahganj,Rice,3325,3375,3350,23-11-2024,24.9,13.1,0,0,89,50
Jaunpur,Shahganj,Rice,3100,3200,3140,24-11-2024,25.6,14,0,0,94,47
Jaunpur,Shahganj,Rice,3150,3250,3200,25-11-2024,26.6,14,0,0,93,43
Jaunpur,Shahganj,Rice,3150,3300,3210,26-11-2024,26.2,13.9,0,0,94,47
Jaunpur,Shahganj,Rice,3200,3400,3300,27-11-2024,25,13.2,0,0,91,36
Jaunpur,Shahganj,Rice,3730,3770,3750,28-11-2024,24.6,12.5,0,0,91,41
Jaunpur,Shahganj,Rice,2980,3100,3020,29-11-2024,24.5,12,0,0,89,42
Jaunpur,Shahganj,Rice,3150,3250,3200,30-11-2024,24.3,11.5,0,0,91,42
Jaunpur,Shahganj,Rice,3250,3350,3300,1/12/2024,23.8,10.8,0,0,95,48
Jaunpur,Shahganj,Rice,3200,3300,3250,2/12/2024,24.4,11.5,0,0,94,49
Jaunpur,Shahganj,Rice,2650,2750,2710,3/12/2024,25.3,11.9,0,0,94,53
Jaunpur,Shahganj,Rice,3200,3300,3220,4/12/2024,26.3,13.9,0,0,91,44
Jaunpur,Shahganj,Rice,3200,3300,3220,5/12/2024,25.1,14,0,0,90,38
Jaunpur,Shahganj,Rice,3200,3350,3230,6/12/2024,23.2,12,0,0,84,34
Jaunpur,Shahganj,Rice,2600,2700,2650,7/12/2024,23.2,10.4,0,0,90,45
Jaunpur,Shahganj,Rice,2850,3000,2910,8/12/2024,23.5,10.8,0,0,90,45
Jaunpur,Shahganj,Rice,3000,3100,3020,9/12/2024,24,13.1,0.9,0.9,92,49
Jaunpur,Shahganj,Rice,3200,3320,3270,10/12/2024,21.9,12,0,0,94,41
Jaunpur,Shahganj,Rice,3220,3300,3260,11/12/2024,21.1,9.4,0,0,83,40
Jaunpur,Shahganj,Rice,2900,3000,2940,12/12/2024,21.4,7.9,0,0,85,43
Jaunpur,Shahganj,Rice,2970,3060,3020,13-12-2024,21.3,9,0,0,84,43
Jaunpur,Shahganj,Rice,2600,2740,2660,14-12-2024,19.9,8.9,0,0,82,47
Jaunpur,Shahganj,Rice,2700,2800,2730,15-12-2024,20.3,6.7,0,0,94,47
Jaunpur,Shahganj,Rice,2650,2800,2720,16-12-2024,21.7,7.7,0,0,94,45
Jaunpur,Shahganj,Rice,2750,2840,2800,17-12-2024,22.3,8.3,0,0,93,47
Jaunpur,Shahganj,Rice,3150,3300,3210,18-12-2024,22.5,9,0,0,94,51
Jaunpur,Shahganj,Rice,2800,2900,2850,19-12-2024,22.7,9.7,0,0,94,53
Jaunpur,Shahganj,Rice,2900,3000,2940,20-12-2024,23,10.3,0,0,96,54
Jaunpur,Shahganj,Rice,3200,3320,3280,21-12-2024,22.9,10.6,0,0,93,50
Jaunpur,Shahganj,Rice,2850,2930,2900,22-12-2024,22.5,9.4,0,0,94,42
Jaunpur,Shahganj,Rice,2850,3000,2920,23-12-2024,23.3,10.2,0,0,90,54
Jaunpur,Shahganj,Rice,3350,3500,3400,24-12-2024,23.1,12.6,0,0,92,53
Jaunpur,Shahganj,Rice,2900,3000,2940,25-12-2024,21.9,14.4,1,1,92,63
Jaunpur,Shahganj,Rice,3120,3180,3150,26-12-2024,24,13.1,0,0,97,57
Jaunpur,Shahganj,Rice,3200,3300,3280,27-12-2024,25.3,13.4,0,0,100,57
Jaunpur,Shahganj,Rice,2900,3000,2940,28-12-2024,19.4,15.1,17.2,17.2,96,85
Jaunpur,Shahganj,Rice,3000,3100,3040,29-12-2024,23.2,13.7,0,0,100,65
Jaunpur,Shahganj,Rice,3120,3300,3200,30-12-2024,21,11.6,0,0,96,60
Jaunpur,Shahganj,Rice,3200,3320,3280,31-12-2024,19.6,9.7,0,0,99,66
Jaunpur,Shahganj,Rice,3200,3320,3280,1/1/2025,17.9,8.4,0,0,97,63
Jaunpur,Shahganj,Rice,2650,2800,2720,2/1/2025,18.6,8.4,0,0,97,63
Jaunpur,Shahganj,Rice,3260,3400,3320,3/1/2025,19.5,7.9,0,0,100,69
Jaunpur,Shahganj,Rice,2950,3100,3020,4/1/2025,18.6,8.7,0,0,100,72
Jaunpur,Shahganj,Rice,2450,2530,2500,5/1/2025,18.1,7.1,0,0,100,73
Jaunpur,Shahganj,Rice,3000,3100,3020,6/1/2025,22,11.1,0,0,99,71
Jaunpur,Shahganj,Rice,3170,3230,3200,7/1/2025,19.3,11.2,0,0,98,66
Jaunpur,Shahganj,Rice,3100,3200,3150,8/1/2025,17.4,9.4,0,0,97,61
Jaunpur,Shahganj,Rice,3050,3140,3100,9/1/2025,19.2,7.5,0,0,98,57
Jaunpur,Shahganj,Rice,3100,3200,3150,10/1/2025,19.1,7.4,0,0,96,63
Jaunpur,Shahganj,Rice,3200,3300,3270,11/1/2025,19.8,7.7,0,0,100,64
Jaunpur,Shahganj,Rice,3100,3200,3150,12/1/2025,21,11.1,0.2,0.2,96,75
Jaunpur,Shahganj,Rice,3300,3400,3350,13-01-2025,20.6,11.4,0,0,100,67
Jaunpur,Shahganj,Rice,3150,3230,3180,14-01-2025,20.8,10.3,0,0,97,57
Jaunpur,Shahganj,Rice,3140,3210,3170,15-01-2025,20.3,8.8,0,0,100,61
Jaunpur,Shahganj,Rice,3200,3350,3240,16-01-2025,19.7,8.2,0,0,100,64
Jaunpur,Shahganj,Rice,2750,2900,2810,17-01-2025,21.3,11,0,0,98,58
Jaunpur,Shahganj,Rice,3360,3400,3380,18-01-2025,20.7,10.3,0,0,96,62
Jaunpur,Shahganj,Rice,3200,3320,3280,19-01-2025,20.7,8.9,0,0,97,60
Jaunpur,Shahganj,Rice,3150,3250,3170,20-01-2025,24,12.6,0,0,93,62
Jaunpur,Shahganj,Rice,3385,3435,3410,21-01-2025,23.6,13.4,0,0,96,61
Jaunpur,Shahganj,Rice,3375,3425,3400,22-01-2025,23.6,11.3,0,0,95,63
Jaunpur,Shahganj,Rice,3330,3380,3360,23-01-2025,24,10.8,0,0,100,60
Jaunpur,Shahganj,Rice,3150,3250,3200,24-01-2025,23.4,12.7,0,0,95,56
Jaunpur,Shahganj,Rice,3200,3300,3240,25-01-2025,21.5,10.9,0,0,84,53
Jaunpur,Shahganj,Rice,3330,3380,3355,26-01-2025,20.9,8.7,0,0,93,55
Jaunpur,Shahganj,Rice,2900,3000,2940,27-01-2025,21.1,8.9,0,0,95,53
Jaunpur,Shahganj,Rice,3200,3320,3270,28-01-2025,20.9,8.7,0,0,94,55
Jaunpur,Shahganj,Rice,2850,2940,2900,29-01-2025,21.5,8.8,0,0,95,59
Jaunpur,Shahganj,Rice,3300,3350,3330,30-01-2025,23.3,9.4,0,0,100,60
Jaunpur,Shahganj,Rice,3020,3100,3060,31-01-2025,25,9.8,0,0,98,52
Jaunpur,Shahganj,Rice,3285,3340,3310,1/2/2025,25.7,12.1,0,0,96,50
Jaunpur,Shahganj,Rice,3100,3260,3200,2/2/2025,26.2,13,0,0,94,43
Jaunpur,Shahganj,Rice,2900,3050,2950,3/2/2025,25.6,13.3,0,0,90,39
Jaunpur,Shahganj,Rice,2950,3050,3000,4/2/2025,25.7,11.9,0,0,91,41
Jaunpur,Shahganj,Rice,3100,3250,3180,5/2/2025,27.6,15.5,0,0,89,45
Jaunpur,Shahganj,Rice,3150,3300,3210,6/2/2025,23.9,12.7,0,0,73,31
Jaunpur,Shahganj,Rice,2650,2800,2710,7/2/2025,23.2,11.8,0,0,70,34
Jaunpur,Shahganj,Rice,2800,2900,2850,8/2/2025,23.7,10.8,0,0,69,33
Jaunpur,Shahganj,Rice,3200,3300,3230,9/2/2025,25.6,10.8,0,0,80,35
Jaunpur,Shahganj,Rice,2900,3000,2950,10/2/2025,27.3,10.4,0,0,91,32
Jaunpur,Shahganj,Rice,3100,3250,3140,11/2/2025,28,13.4,0,0,85,31
Jaunpur,Shahganj,Rice,3200,3300,3250,12/2/2025,29.2,14.3,0,0,81,30
Jaunpur,Shahganj,Rice,3155,3215,3185,13-02-2025,24.8,13.9,0,0,69,31
Jaunpur,Shahganj,Rice,2900,3050,3000,14-02-2025,25.6,13.2,0,0,57,25
Jaunpur,Shahganj,Rice,3100,3250,3200,15-02-2025,26.8,12.8,0,0,73,35
Jaunpur,Shahganj,Rice,3300,3450,3360,16-02-2025,27.7,13.2,0,0,89,41
Jaunpur,Shahganj,Rice,2970,3100,3020,17-02-2025,27.7,14.7,0,0,90,39
Jaunpur,Shahganj,Rice,3150,3300,3210,18-02-2025,27.9,14,0,0,93,39
Jaunpur,Shahganj,Rice,3200,3300,3260,19-02-2025,27.5,14.5,0,0,92,38
Jaunpur,Shahganj,Rice,3200,3320,3230,20-02-2025,28.8,14.9,0,0,84,34
Jaunpur,Shahganj,Rice,3150,3250,3200,21-02-2025,29.2,15.3,0,0,91,40
Jaunpur,Shahganj,Rice,2650,2750,2700,22-02-2025,28.9,16,0,0,85,35
Jaunpur,Shahganj,Rice,2050,2200,2100,23-02-2025,26.9,14.7,0,0,88,35
Jaunpur,Shahganj,Rice,3200,3350,3280,24-02-2025,27,13.7,0,0,87,35
Jaunpur,Shahganj,Rice,3200,3320,3280,25-02-2025,27,13.3,0,0,85,34
Jaunpur,Shahganj,Rice,2900,3000,2940,26-02-2025,27.3,12.7,0,0,89,33
Jaunpur,Shahganj,Rice,3320,3360,3340,27-02-2025,29.8,14.9,0,0,77,35
Jaunpur,Shahganj,Rice,2900,3000,2940,28-02-2025,30.6,17.1,0,0,87,36
Jaunpur,Shahganj,Rice,3200,3300,3260,1/3/2025,28.7,18.9,0.6,0.6,94,45
Jaunpur,Shahganj,Rice,2750,2850,2800,2/3/2025,31,16.3,0,0,94,30
Jaunpur,Shahganj,Rice,2950,3050,3000,3/3/2025,29.7,16.9,0,0,73,23
Jaunpur,Shahganj,Rice,3300,3400,3360,4/3/2025,30.4,15.7,0,0,83,33
Jaunpur,Shahganj,Rice,2950,3050,3000,5/3/2025,24.9,16.4,0,0,70,28
Jaunpur,Shahganj,Rice,2600,2740,2680,6/3/2025,25.1,13.5,0,0,59,33
Jaunpur,Shahganj,Rice,3060,3200,3100,7/3/2025,28.3,12.6,0,0,80,26
Ludhiana,Ludhiana,Carrot,200,400,300,1/4/2024,28.3,15.7,0,0,76,29
Ludhiana,Ludhiana,Carrot,200,500,300,2/4/2024,29.5,13,0,0,79,26
Ludhiana,Ludhiana,Carrot,200,500,300,3/4/2024,32.3,14.8,0,0,68,22
Ludhiana,Ludhiana,Carrot,200,500,300,4/4/2024,32.9,17.7,0,0,64,20
Ludhiana,Ludhiana,Carrot,200,500,300,5/4/2024,32,15.9,0,0,71,18
Ludhiana,Ludhiana,Carrot,200,500,300,6/4/2024,32.2,14.8,0,0,62,15
Ludhiana,Ludhiana,Carrot,200,500,300,7/4/2024,32.5,14.1,0,0,65,17
Ludhiana,Ludhiana,Carrot,200,500,300,8/4/2024,33.3,15.8,0,0,68,15
Ludhiana,Ludhiana,Carrot,200,500,300,9/4/2024,33.9,15.7,0,0,58,15
Ludhiana,Ludhiana,Carrot,200,500,300,10/4/2024,34.7,16.1,0,0,57,15
Ludhiana,Ludhiana,Carrot,200,500,300,11/4/2024,34.3,18.6,0,0,45,19
Ludhiana,Ludhiana,Carrot,200,500,300,12/4/2024,35.4,16.7,0,0,63,17
Ludhiana,Ludhiana,Carrot,200,500,300,13-04-2024,34.2,20.4,0.7,0.7,68,24
Ludhiana,Ludhiana,Carrot,200,500,300,14-04-2024,31.4,19.8,1.2,1.2,77,33
Ludhiana,Ludhiana,Carrot,200,500,300,15-04-2024,31.3,19.7,12.5,12.5,88,37
Ludhiana,Ludhiana,Carrot,200,500,300,16-04-2024,31.1,18,0.2,0.2,94,37
Ludhiana,Ludhiana,Carrot,200,500,300,17-04-2024,32.5,16.6,0,0,80,18
Ludhiana,Ludhiana,Carrot,200,500,300,18-04-2024,32.6,18.4,0,0,60,29
Ludhiana,Ludhiana,Carrot,200,500,300,19-04-2024,33.8,21.1,5.4,5.4,67,29
Ludhiana,Ludhiana,Carrot,200,500,300,20-04-2024,32.6,18.8,1.6,1.6,78,28
Ludhiana,Ludhiana,Carrot,200,500,300,21-04-2024,34.4,19,0,0,71,16
Ludhiana,Ludhiana,Carrot,200,500,300,22-04-2024,35.2,17.9,0,0,78,18
Ludhiana,Ludhiana,Carrot,200,500,300,23-04-2024,33.8,19.9,0,0,52,17
Ludhiana,Ludhiana,Carrot,200,500,300,24-04-2024,34.9,19.7,0.1,0.1,61,21
Ludhiana,Ludhiana,Carrot,200,500,300,25-04-2024,37,18.5,0,0,61,14
Ludhiana,Ludhiana,Carrot,200,500,300,26-04-2024,38.5,21.7,0,0,53,12
Ludhiana,Ludhiana,Carrot,200,500,300,27-04-2024,34.8,22.3,1.6,1.6,53,19
Ludhiana,Ludhiana,Carrot,200,500,300,28-04-2024,34.6,20.4,0,0,63,22
Ludhiana,Ludhiana,Carrot,200,500,300,29-04-2024,29.4,21.5,1.2,1.2,57,33
Ludhiana,Ludhiana,Carrot,200,500,300,30-04-2024,32.9,16.7,0,0,72,17
Ludhiana,Ludhiana,Carrot,200,600,300,1/5/2024,29.1,14.8,0,0,77,23
Ludhiana,Ludhiana,Carrot,200,600,300,2/5/2024,32.9,16,0,0,64,19
Ludhiana,Ludhiana,Carrot,200,600,300,3/5/2024,36.3,17.7,0,0,49,14
Ludhiana,Ludhiana,Carrot,200,600,300,4/5/2024,38.6,22.3,0,0,53,14
Ludhiana,Ludhiana,Carrot,200,600,400,5/5/2024,37.8,21.9,0,0,49,16
Ludhiana,Ludhiana,Carrot,200,600,400,6/5/2024,38.9,22.8,0,0,49,15
Ludhiana,Ludhiana,Carrot,200,600,400,7/5/2024,40.2,23.4,0,0,41,12
Ludhiana,Ludhiana,Carrot,200,600,400,8/5/2024,39.2,23.1,0,0,49,19
Ludhiana,Ludhiana,Carrot,200,600,400,9/5/2024,38.4,26,0,0,57,20
Ludhiana,Ludhiana,Carrot,200,600,400,10/5/2024,37.4,25.1,0.4,0.4,82,28
Ludhiana,Ludhiana,Carrot,200,600,400,11/5/2024,36.1,22.6,0.8,0.8,83,25
Ludhiana,Ludhiana,Carrot,200,600,400,12/5/2024,34,23.3,0.5,0.5,73,29
Ludhiana,Ludhiana,Carrot,200,600,400,13-05-2024,38.3,22,0,0,60,13
Ludhiana,Ludhiana,Carrot,200,600,400,14-05-2024,38.3,21.5,0,0,54,14
Ludhiana,Ludhiana,Carrot,200,600,400,15-05-2024,40.8,21.9,0,0,37,12
Ludhiana,Ludhiana,Carrot,200,600,400,16-05-2024,41.5,22.6,0,0,44,13
Ludhiana,Ludhiana,Carrot,200,600,400,17-05-2024,42.6,24.3,0,0,43,13
Ludhiana,Ludhiana,Carrot,200,600,400,18-05-2024,42.9,24.6,0,0,42,13
Ludhiana,Ludhiana,Carrot,200,600,400,19-05-2024,43.5,25.4,0,0,39,11
Ludhiana,Ludhiana,Carrot,200,600,400,20-05-2024,42.1,25.4,0,0,37,14
Ludhiana,Ludhiana,Carrot,200,600,400,21-05-2024,42.1,25.8,0,0,34,14
Ludhiana,Ludhiana,Carrot,200,600,400,22-05-2024,40.5,26.2,0,0,52,18
Ludhiana,Ludhiana,Carrot,200,600,400,23-05-2024,40,28.4,0,0,58,25
Ludhiana,Ludhiana,Carrot,200,700,400,24-05-2024,40.5,29.1,0.3,0.3,59,20
Ludhiana,Ludhiana,Carrot,200,700,400,25-05-2024,43.3,26.1,0,0,50,13
Ludhiana,Ludhiana,Carrot,200,700,400,26-05-2024,44.3,25.8,0,0,41,12
Ludhiana,Ludhiana,Carrot,200,700,400,27-05-2024,44.4,27.3,0,0,38,7
Ludhiana,Ludhiana,Carrot,200,700,400,28-05-2024,44.9,25.8,0,0,30,7
Ludhiana,Ludhiana,Carrot,200,700,400,29-05-2024,45.2,25.9,0,0,23,7
Ludhiana,Ludhiana,Carrot,200,700,400,30-05-2024,45.3,26.9,0,0,27,5
Ludhiana,Ludhiana,Carrot,200,700,400,31-05-2024,44.4,26.4,0,0,27,7
Ludhiana,Ludhiana,Carrot,200,700,400,1/6/2024,44.4,27.5,0,0,26,7
Ludhiana,Ludhiana,Carrot,200,700,400,2/6/2024,42.8,26.8,0,0,50,12
Ludhiana,Ludhiana,Carrot,300,700,500,3/6/2024,44.2,26.8,0,0,30,12
Ludhiana,Ludhiana,Carrot,300,700,500,4/6/2024,42.4,29.2,0,0,25,14
Ludhiana,Ludhiana,Carrot,300,700,500,5/6/2024,40.2,27.5,2,2,59,17
Ludhiana,Ludhiana,Carrot,300,700,500,6/6/2024,38.6,23.5,1.2,1.2,77,25
Ludhiana,Ludhiana,Carrot,300,700,500,7/6/2024,40.4,25.5,0,0,60,18
Ludhiana,Ludhiana,Carrot,300,700,500,8/6/2024,38.4,25.1,0,0,48,19
Ludhiana,Ludhiana,Carrot,300,800,500,9/6/2024,40.9,24.8,0,0,51,12
Ludhiana,Ludhiana,Carrot,300,800,500,10/6/2024,41.5,24.8,0,0,38,12
Ludhiana,Ludhiana,Carrot,300,800,500,11/6/2024,42.2,25.7,0,0,44,11
Ludhiana,Ludhiana,Carrot,300,800,500,12/6/2024,44.1,26.6,0,0,35,9
Ludhiana,Ludhiana,Carrot,300,800,500,13-06-2024,44.3,27.9,0,0,40,11
Ludhiana,Ludhiana,Carrot,300,800,500,14-06-2024,43.3,29.7,0,0,39,12
Ludhiana,Ludhiana,Carrot,300,800,500,15-06-2024,43.6,27.9,0,0,38,15
Ludhiana,Ludhiana,Carrot,300,800,500,16-06-2024,44.2,30.1,0,0,44,16
Ludhiana,Ludhiana,Carrot,300,800,500,17-06-2024,44.5,29.1,0,0,49,15
Ludhiana,Ludhiana,Carrot,300,800,500,18-06-2024,44.1,30.3,0,0,48,16
Ludhiana,Ludhiana,Carrot,300,800,500,19-06-2024,42.4,30.1,0,0,52,17
Ludhiana,Ludhiana,Carrot,300,900,700,20-06-2024,37.9,24.6,0.1,0.1,83,35
Ludhiana,Ludhiana,Carrot,300,900,700,21-06-2024,35.6,26.3,5.3,5.3,73,41
Ludhiana,Ludhiana,Carrot,300,900,700,22-06-2024,37.9,25.9,0,0,81,30
Ludhiana,Ludhiana,Carrot,300,900,700,23-06-2024,38.7,27,0,0,67,26
Ludhiana,Ludhiana,Carrot,300,900,700,24-06-2024,40.7,29.4,0.4,0.4,63,26
Ludhiana,Ludhiana,Carrot,300,1000,700,25-06-2024,40,29.6,0,0,72,28
Ludhiana,Ludhiana,Carrot,300,1100,700,26-06-2024,39.1,30.9,0.2,0.2,66,38
Ludhiana,Ludhiana,Carrot,300,1100,700,27-06-2024,35.3,26.8,13.1,13.1,92,52
Ludhiana,Ludhiana,Carrot,300,1100,700,28-06-2024,37.1,28,0,0,81,44
Ludhiana,Ludhiana,Carrot,300,1100,700,29-06-2024,35.6,28.3,0.5,0.5,79,50
Ludhiana,Ludhiana,Carrot,300,1100,700,30-06-2024,38.6,27.8,0.7,0.7,82,42
Ludhiana,Ludhiana,Carrot,300,1100,700,1/7/2024,37.2,26.7,1.6,1.6,91,50
Ludhiana,Ludhiana,Carrot,300,1100,700,2/7/2024,37.3,26,5.3,5.3,95,51
Ludhiana,Ludhiana,Carrot,300,1100,700,3/7/2024,35.7,25.3,15.2,15.2,97,62
Ludhiana,Ludhiana,Carrot,300,1100,700,4/7/2024,31.7,25.4,13.7,13.7,93,68
Ludhiana,Ludhiana,Carrot,300,1100,700,5/7/2024,32.7,26.3,0.4,0.4,91,63
Ludhiana,Ludhiana,Carrot,300,1100,700,6/7/2024,32.1,25.5,0.3,0.3,87,64
Ludhiana,Ludhiana,Carrot,300,1100,700,7/7/2024,31.7,25.5,1.5,1.5,94,63
Ludhiana,Ludhiana,Carrot,300,1100,700,8/7/2024,32.3,25.8,0.4,0.4,90,62
Ludhiana,Ludhiana,Carrot,400,800,600,9/7/2024,34.7,25.2,0,0,92,56
Ludhiana,Ludhiana,Carrot,400,800,600,10/7/2024,34.6,26.6,1.8,1.8,94,58
Ludhiana,Ludhiana,Carrot,400,800,600,11/7/2024,35.7,27.4,0.1,0.1,96,53
Ludhiana,Ludhiana,Carrot,400,800,600,12/7/2024,35.4,26.2,0,0,92,55
Ludhiana,Ludhiana,Carrot,400,800,600,13-07-2024,34.2,24,2.7,2.7,96,54
Ludhiana,Ludhiana,Carrot,400,800,600,14-07-2024,34,25.8,0,0,93,56
Ludhiana,Ludhiana,Carrot,400,800,600,15-07-2024,35.6,26.9,0,0,89,53
Ludhiana,Ludhiana,Carrot,400,800,600,16-07-2024,35.7,28.1,0.3,0.3,85,56
Ludhiana,Ludhiana,Carrot,400,800,600,17-07-2024,35.5,28.1,0.5,0.5,84,56
Ludhiana,Ludhiana,Carrot,400,800,600,18-07-2024,35.8,27.1,0.3,0.3,90,57
Ludhiana,Ludhiana,Carrot,400,800,600,19-07-2024,36.3,27.1,0.3,0.3,92,51
Ludhiana,Ludhiana,Carrot,400,800,600,20-07-2024,36.4,26.9,1,1,88,51
Ludhiana,Ludhiana,Carrot,400,800,600,21-07-2024,36.9,28.1,0.3,0.3,83,51
Ludhiana,Ludhiana,Carrot,400,800,600,22-07-2024,35.1,27.1,3.9,3.9,92,62
Ludhiana,Ludhiana,Carrot,400,800,600,23-07-2024,34.9,25,15.4,15.4,97,58
Ludhiana,Ludhiana,Carrot,400,800,600,24-07-2024,33.9,26.6,8.6,8.6,91,61
Ludhiana,Ludhiana,Carrot,400,800,600,25-07-2024,34.6,27,0.9,0.9,90,63
Ludhiana,Ludhiana,Carrot,400,800,600,26-07-2024,34.9,26.4,1.7,1.7,95,61
Ludhiana,Ludhiana,Carrot,400,800,600,27-07-2024,34.9,26.9,2.7,2.7,95,64
Ludhiana,Ludhiana,Carrot,400,800,600,28-07-2024,34.5,28.1,0.1,0.1,94,63
Ludhiana,Ludhiana,Carrot,400,800,600,29-07-2024,34.6,27.9,5.9,5.9,93,62
Ludhiana,Ludhiana,Carrot,400,800,600,30-07-2024,36.3,27.3,1.5,1.5,96,58
Ludhiana,Ludhiana,Carrot,400,800,600,31-07-2024,35.9,26.9,8.2,8.2,98,61
Ludhiana,Ludhiana,Carrot,400,900,600,1/8/2024,27.9,25.1,23.8,23.8,96,85
Ludhiana,Ludhiana,Carrot,400,900,600,2/8/2024,33.7,25.1,0.9,0.9,98,64
Ludhiana,Ludhiana,Carrot,400,900,600,3/8/2024,33,26.9,6,6,90,66
Ludhiana,Ludhiana,Carrot,400,900,600,4/8/2024,33.1,26.9,0.5,0.5,89,59
Ludhiana,Ludhiana,Carrot,400,900,600,5/8/2024,33.1,26.8,1.4,1.4,91,64
Ludhiana,Ludhiana,Carrot,400,900,600,6/8/2024,33.7,26.9,0.1,0.1,87,60
Ludhiana,Ludhiana,Carrot,400,900,600,7/8/2024,32.1,25.8,1.8,1.8,91,67
Ludhiana,Ludhiana,Carrot,400,900,600,8/8/2024,32.8,25.1,0.6,0.6,96,63
Ludhiana,Ludhiana,Carrot,400,900,600,9/8/2024,32.8,25.9,0,0,92,63
Ludhiana,Ludhiana,Carrot,400,900,600,10/8/2024,33.6,26,0.4,0.4,94,63
Ludhiana,Ludhiana,Carrot,400,900,600,11/8/2024,31.4,25.6,2.5,2.5,96,71
Ludhiana,Ludhiana,Carrot,400,900,600,12/8/2024,33.2,25.3,1.3,1.3,94,60
Ludhiana,Ludhiana,Carrot,400,900,600,13-08-2024,33,25.8,0.6,0.6,94,64
Ludhiana,Ludhiana,Carrot,500,800,600,14-08-2024,33.5,26.6,3.4,3.4,91,61
Ludhiana,Ludhiana,Carrot,500,800,600,15-08-2024,33,26.8,8.8,8.8,97,63
Ludhiana,Ludhiana,Carrot,500,800,600,16-08-2024,34.4,25.9,14.7,14.7,97,61
Ludhiana,Ludhiana,Carrot,500,800,600,17-08-2024,31.6,25.2,7,7,98,69
Ludhiana,Ludhiana,Carrot,500,800,600,18-08-2024,32.8,25.6,3.3,3.3,99,69
Ludhiana,Ludhiana,Carrot,500,800,600,19-08-2024,32.1,25.3,8.9,8.9,98,68
Ludhiana,Ludhiana,Carrot,500,800,600,20-08-2024,32.2,24.3,12.8,12.8,98,69
Ludhiana,Ludhiana,Carrot,500,800,600,21-08-2024,32.8,25,0.8,0.8,99,63
Ludhiana,Ludhiana,Carrot,500,800,600,22-08-2024,33.1,25.2,0.7,0.7,97,61
Ludhiana,Ludhiana,Carrot,500,800,600,23-08-2024,32.8,24.5,6.9,6.9,97,63
Ludhiana,Ludhiana,Carrot,500,800,600,24-08-2024,32.9,24.1,4.8,4.8,97,66
Ludhiana,Ludhiana,Carrot,500,900,700,25-08-2024,33.3,25.8,1.5,1.5,96,60
Ludhiana,Ludhiana,Carrot,500,1100,800,26-08-2024,33.5,26,0.8,0.8,94,57
Ludhiana,Ludhiana,Carrot,500,1100,800,27-08-2024,33,25.6,3.3,3.3,92,60
Ludhiana,Ludhiana,Carrot,500,1100,800,28-08-2024,31.6,25,4.2,4.2,94,68
Ludhiana,Ludhiana,Carrot,500,1100,800,29-08-2024,27.3,24,13.7,13.7,94,80
Ludhiana,Ludhiana,Carrot,500,1200,800,30-08-2024,32,23.9,7.9,7.9,95,68
Ludhiana,Ludhiana,Carrot,500,1200,800,31-08-2024,33.8,25.1,0,0,97,58
Ludhiana,Ludhiana,Carrot,500,1200,800,1/9/2024,33.9,25.3,0,0,94,58
Ludhiana,Ludhiana,Carrot,500,1200,800,2/9/2024,31.5,24.6,9.9,9.9,95,68
Ludhiana,Ludhiana,Carrot,500,1200,800,3/9/2024,32.9,25.3,4.9,4.9,95,61
Ludhiana,Ludhiana,Carrot,500,1200,800,4/9/2024,31.5,24.9,3.9,3.9,96,64
Ludhiana,Ludhiana,Carrot,500,1200,800,5/9/2024,31.4,23.7,1.8,1.8,99,64
Ludhiana,Ludhiana,Carrot,500,1200,800,6/9/2024,32.6,23.4,2.7,2.7,97,57
Ludhiana,Ludhiana,Carrot,500,1200,800,7/9/2024,30.3,23.5,39.4,39.4,99,71
Ludhiana,Ludhiana,Carrot,500,1200,800,8/9/2024,32.5,24.2,0.1,0.1,100,60
Ludhiana,Ludhiana,Carrot,500,1200,800,9/9/2024,33.1,25.2,1.2,1.2,95,63
Ludhiana,Ludhiana,Carrot,500,1300,900,10/9/2024,31,25.8,7.7,7.7,97,68
Ludhiana,Ludhiana,Carrot,500,1300,900,11/9/2024,33.1,24.8,0,0,99,56
Ludhiana,Ludhiana,Carrot,500,1300,900,12/9/2024,33.8,24.1,0,0,97,55
Ludhiana,Ludhiana,Carrot,500,1300,900,13-09-2024,31.5,23.4,1.1,1.1,100,64
Ludhiana,Ludhiana,Carrot,500,1400,900,14-09-2024,32,22.7,0.9,0.9,96,62
Ludhiana,Ludhiana,Carrot,500,1400,900,15-09-2024,32.9,23.1,0,0,99,50
Ludhiana,Ludhiana,Carrot,500,1400,900,16-09-2024,33.9,22.6,0,0,97,44
Ludhiana,Ludhiana,Carrot,500,1400,900,17-09-2024,33.9,23.3,0.4,0.4,86,50
Ludhiana,Ludhiana,Carrot,500,1400,1000,18-09-2024,32.7,23,2.4,2.4,96,55
Ludhiana,Ludhiana,Carrot,500,1500,900,19-09-2024,28.7,23.5,4.7,4.7,91,67
Ludhiana,Ludhiana,Carrot,500,1500,900,20-09-2024,33.4,21.8,0,0,90,50
Ludhiana,Ludhiana,Carrot,500,1500,900,21-09-2024,34.6,23.6,0,0,90,44
Ludhiana,Ludhiana,Carrot,500,1500,1100,22-09-2024,35.4,25.7,0,0,90,47
Ludhiana,Ludhiana,Carrot,500,1500,1100,23-09-2024,36.5,25.9,0,0,87,44
Ludhiana,Ludhiana,Carrot,500,1500,1100,24-09-2024,36.4,25.9,0,0,84,45
Ludhiana,Ludhiana,Carrot,500,1700,1100,25-09-2024,35.2,26.6,0.4,0.4,88,52
Ludhiana,Ludhiana,Carrot,600,1100,900,26-09-2024,30.7,24.4,6.5,6.5,94,64
Ludhiana,Ludhiana,Carrot,600,1200,900,27-09-2024,32.9,22.4,1.7,1.7,93,53
Ludhiana,Ludhiana,Carrot,600,1200,900,28-09-2024,32.8,23.8,0,0,95,49
Ludhiana,Ludhiana,Carrot,600,1200,900,29-09-2024,33.2,23.3,0,0,94,47
Ludhiana,Ludhiana,Carrot,600,1200,900,30-09-2024,34.1,22.2,0,0,92,46
Ludhiana,Ludhiana,Carrot,600,1200,900,1/10/2024,34.6,23,0,0,96,47
Ludhiana,Ludhiana,Carrot,600,1300,1200,2/10/2024,35.8,22.6,0,0,96,38
Ludhiana,Ludhiana,Carrot,600,1700,1100,3/10/2024,36.1,22.2,0,0,92,33
Ludhiana,Ludhiana,Carrot,600,1700,1100,4/10/2024,36,22.7,0,0,88,33
Ludhiana,Ludhiana,Carrot,600,1700,1100,5/10/2024,35.2,22.8,1.3,1.3,83,38
Ludhiana,Ludhiana,Carrot,600,1700,1100,6/10/2024,33.5,22.6,0.7,0.7,85,38
Ludhiana,Ludhiana,Carrot,600,1800,1100,7/10/2024,33.8,20.7,0,0,90,33
Ludhiana,Ludhiana,Carrot,600,1800,1100,8/10/2024,33.5,22.2,0,0,82,34
Ludhiana,Ludhiana,Carrot,600,1800,1200,9/10/2024,33.9,20.5,0,0,95,29
Ludhiana,Ludhiana,Carrot,600,2000,1200,10/10/2024,33.8,19.9,0,0,78,23
Ludhiana,Ludhiana,Carrot,600,2000,1200,11/10/2024,33.1,18.7,0,0,81,29
Ludhiana,Ludhiana,Carrot,600,2000,1200,12/10/2024,33.2,19.1,0,0,76,26
Ludhiana,Ludhiana,Carrot,600,2000,1200,13-10-2024,33,19.8,0,0,81,29
Ludhiana,Ludhiana,Carrot,600,2000,1200,14-10-2024,32.4,19.4,0,0,77,30
Ludhiana,Ludhiana,Carrot,600,2000,1400,15-10-2024,32.9,20.3,0,0,69,29
Ludhiana,Ludhiana,Carrot,600,2200,1400,16-10-2024,33.4,20.1,0,0,74,29
Ludhiana,Ludhiana,Carrot,600,2200,1400,17-10-2024,33.7,18.5,0,0,84,31
Ludhiana,Ludhiana,Carrot,600,2200,1400,18-10-2024,33.5,17.9,0,0,94,31
Ludhiana,Ludhiana,Carrot,600,2400,1200,19-10-2024,33,19.9,0,0,84,34
Ludhiana,Ludhiana,Carrot,600,2600,1200,20-10-2024,32.5,18.9,0,0,92,35
Ludhiana,Ludhiana,Carrot,600,2600,1500,21-10-2024,31.8,19,0,0,94,38
Ludhiana,Ludhiana,Carrot,600,2600,1500,22-10-2024,31.7,19.3,0,0,94,38
Ludhiana,Ludhiana,Carrot,600,2600,1500,23-10-2024,32.3,19.3,0,0,94,32
Ludhiana,Ludhiana,Carrot,600,2600,1500,24-10-2024,32.7,18.8,0,0,90,29
Ludhiana,Ludhiana,Carrot,600,2600,1500,25-10-2024,31.8,18.4,0,0,92,33
Ludhiana,Ludhiana,Carrot,600,2600,1500,26-10-2024,32.5,17.8,0,0,88,37
Ludhiana,Ludhiana,Carrot,600,2600,1500,27-10-2024,32.2,18.3,0,0,95,41
Ludhiana,Ludhiana,Carrot,600,2600,1500,28-10-2024,32,19.2,0,0,96,39
Ludhiana,Ludhiana,Carrot,600,3500,1500,29-10-2024,32.8,19.6,0,0,96,37
Ludhiana,Ludhiana,Carrot,600,3500,1500,30-10-2024,32.8,18.8,0,0,94,36
Ludhiana,Ludhiana,Carrot,700,900,800,31-10-2024,31.7,18.4,0,0,85,36
Ludhiana,Ludhiana,Carrot,700,900,800,1/11/2024,31.5,16.9,0,0,88,27
Ludhiana,Ludhiana,Carrot,700,900,800,2/11/2024,31.2,14.8,0,0,95,28
Ludhiana,Ludhiana,Carrot,700,900,800,3/11/2024,30.8,15.3,0,0,92,33
Ludhiana,Ludhiana,Carrot,700,900,800,4/11/2024,31,16,0,0,94,35
Ludhiana,Ludhiana,Carrot,700,900,800,5/11/2024,30,17.5,0,0,95,42
Ludhiana,Ludhiana,Carrot,700,900,800,6/11/2024,30.2,16.1,0,0,97,41
Ludhiana,Ludhiana,Carrot,700,900,800,7/11/2024,29.9,16.7,0,0,96,45
Ludhiana,Ludhiana,Carrot,700,900,800,8/11/2024,29.7,17.2,0,0,97,46
Ludhiana,Ludhiana,Carrot,700,900,800,9/11/2024,29.5,17.6,0,0,97,48
Ludhiana,Ludhiana,Carrot,700,1000,900,10/11/2024,29.1,17.5,0,0,97,49
Ludhiana,Ludhiana,Carrot,700,1000,900,11/11/2024,29.2,17.4,0,0,97,46
Ludhiana,Ludhiana,Carrot,700,1000,900,12/11/2024,28.4,16.8,0,0,96,44
Ludhiana,Ludhiana,Carrot,700,1000,900,13-11-2024,27,17,0,0,100,50
Ludhiana,Ludhiana,Carrot,700,1000,900,14-11-2024,26.9,15.7,0,0,100,46
Ludhiana,Ludhiana,Carrot,700,1000,900,15-11-2024,26,14.8,0,0,99,48
Ludhiana,Ludhiana,Carrot,700,1000,900,16-11-2024,24.9,14.7,0,0,99,53
Ludhiana,Ludhiana,Carrot,700,1000,900,17-11-2024,24,14.2,0,0,100,58
Ludhiana,Ludhiana,Carrot,700,1000,900,18-11-2024,23.7,12.9,0,0,96,48
Ludhiana,Ludhiana,Carrot,700,1400,1000,19-11-2024,23.7,11.4,0,0,92,46
Ludhiana,Ludhiana,Carrot,700,1400,1000,20-11-2024,23.8,11,0,0,95,49
Ludhiana,Ludhiana,Carrot,700,1400,1000,21-11-2024,23.5,11.3,0,0,99,51
Ludhiana,Ludhiana,Carrot,800,1000,900,22-11-2024,24.1,11.6,0,0,99,51
Ludhiana,Ludhiana,Carrot,800,1000,900,23-11-2024,25.2,12.6,0,0,95,46
Ludhiana,Ludhiana,Carrot,800,1000,900,24-11-2024,24.4,12.5,0,0,99,52
Ludhiana,Ludhiana,Carrot,800,1000,900,25-11-2024,23.1,12.3,0,0,95,50
Ludhiana,Ludhiana,Carrot,800,1000,900,26-11-2024,22.9,11.7,0,0,90,55
Ludhiana,Ludhiana,Carrot,800,1000,900,27-11-2024,22.6,11.1,0,0,94,52
Ludhiana,Ludhiana,Carrot,800,1000,900,28-11-2024,22.8,11,0,0,98,54
Ludhiana,Ludhiana,Carrot,800,1000,900,29-11-2024,22.2,10.1,0,0,99,56
Ludhiana,Ludhiana,Carrot,800,1000,900,30-11-2024,21.7,11.5,0,0,95,57
Ludhiana,Ludhiana,Carrot,800,1000,900,1/12/2024,22,11,0,0,90,53
Ludhiana,Ludhiana,Carrot,800,1000,900,2/12/2024,22.6,11.2,0,0,91,56
Ludhiana,Ludhiana,Carrot,800,1000,900,3/12/2024,22.4,11.7,0,0,92,53
Ludhiana,Ludhiana,Carrot,800,1000,900,4/12/2024,21,10.9,0,0,90,53
Ludhiana,Ludhiana,Carrot,800,1000,900,5/12/2024,21.1,8.9,0,0,84,45
Ludhiana,Ludhiana,Carrot,800,1000,900,6/12/2024,20.5,7.8,0,0,88,44
Ludhiana,Ludhiana,Carrot,800,1300,1100,7/12/2024,19.5,7.2,0,0,90,51
Ludhiana,Ludhiana,Carrot,800,1300,1100,8/12/2024,17.6,8.5,2.5,2.5,91,49
Ludhiana,Ludhiana,Carrot,800,1300,1100,9/12/2024,18.3,7.9,0,0,95,53
Ludhiana,Ludhiana,Carrot,800,1300,1100,10/12/2024,17.1,6.3,0,0,92,40
Ludhiana,Ludhiana,Carrot,800,1300,1100,11/12/2024,17.5,5.6,0,0,80,41
Ludhiana,Ludhiana,Carrot,800,1300,1100,12/12/2024,17.8,5.8,0,0,86,43
Ludhiana,Ludhiana,Carrot,800,1300,1100,13-12-2024,17.2,5.4,0,0,84,51
Ludhiana,Ludhiana,Carrot,800,1300,1100,14-12-2024,17.7,5.7,0,0,81,45
Ludhiana,Ludhiana,Carrot,800,1300,1100,15-12-2024,18.5,5.8,0,0,88,48
Ludhiana,Ludhiana,Carrot,800,1300,1100,16-12-2024,17.2,3.4,0,0,100,51
Ludhiana,Ludhiana,Carrot,800,1300,1100,17-12-2024,17.8,3.9,0,0,98,46
Ludhiana,Ludhiana,Carrot,800,1300,1100,18-12-2024,18.5,5.7,0,0,91,49
Ludhiana,Ludhiana,Carrot,800,1300,1100,19-12-2024,17.7,5.2,0,0,97,51
Ludhiana,Ludhiana,Carrot,800,1300,1100,20-12-2024,20,6.7,0,0,96,48
Ludhiana,Ludhiana,Carrot,800,1300,1100,21-12-2024,18.5,6.4,0,0,93,46
Ludhiana,Ludhiana,Carrot,800,1300,1100,22-12-2024,18.4,6.7,0,0,96,48
Ludhiana,Ludhiana,Carrot,800,1300,1100,23-12-2024,13.8,8.9,2.5,2.5,95,78
Ludhiana,Ludhiana,Carrot,800,1300,1100,24-12-2024,18.8,7.5,0,0,95,53
Ludhiana,Ludhiana,Carrot,800,1300,1100,25-12-2024,19.3,7.2,0,0,95,55
Ludhiana,Ludhiana,Carrot,800,1300,1100,26-12-2024,19.1,7,0,0,95,54
Ludhiana,Ludhiana,Carrot,800,1300,1100,27-12-2024,15,8.6,35.4,35.4,99,79
Ludhiana,Ludhiana,Carrot,800,1300,1100,28-12-2024,16.8,9.5,13.7,13.7,98,76
Ludhiana,Ludhiana,Carrot,800,1300,1100,29-12-2024,17.4,8.2,0,0,100,71
Ludhiana,Ludhiana,Carrot,800,1300,1100,30-12-2024,16.5,8,0,0,99,64
Ludhiana,Ludhiana,Carrot,800,1500,1200,31-12-2024,15.6,5.7,0,0,100,77
Ludhiana,Ludhiana,Carrot,800,1500,1200,1/1/2025,15,7.4,0,0,100,78
Ludhiana,Ludhiana,Carrot,800,1500,1200,2/1/2025,16.5,8.1,0,0,99,73
Ludhiana,Ludhiana,Carrot,800,1500,1200,3/1/2025,18.4,8.1,0,0,100,70
Ludhiana,Ludhiana,Carrot,800,1500,1200,4/1/2025,18.7,9.1,0,0,99,70
Ludhiana,Ludhiana,Carrot,800,1500,1200,5/1/2025,17.3,10,5.2,5.2,100,73
Ludhiana,Ludhiana,Carrot,800,1500,1200,6/1/2025,16.9,9.6,9,9,99,71
Ludhiana,Ludhiana,Carrot,800,1500,1200,7/1/2025,16.9,8.8,0,0,100,74
Ludhiana,Ludhiana,Carrot,800,1500,1200,8/1/2025,16.3,6,0,0,97,59
Ludhiana,Ludhiana,Carrot,800,1500,1200,9/1/2025,17,4.7,0,0,100,69
Ludhiana,Ludhiana,Carrot,800,1500,1200,10/1/2025,15.7,6.4,0,0,100,74
Ludhiana,Ludhiana,Carrot,800,1500,1200,11/1/2025,15.2,7.6,3.9,3.9,100,75
Ludhiana,Ludhiana,Carrot,800,1500,1200,12/1/2025,16,9.8,5.3,5.3,96,66
Ludhiana,Ludhiana,Carrot,800,1500,1200,13-01-2025,17.8,8.4,0,0,97,66
Ludhiana,Ludhiana,Carrot,800,1600,1200,14-01-2025,17.2,7.3,0,0,94,60
Ludhiana,Ludhiana,Carrot,800,1600,1200,15-01-2025,16.6,5.1,0,0,100,77
Ludhiana,Ludhiana,Carrot,800,1600,1200,16-01-2025,17.1,9,0.7,0.7,100,59
Ludhiana,Ludhiana,Carrot,800,1600,1200,17-01-2025,16.8,6.9,0,0,100,66
Ludhiana,Ludhiana,Carrot,800,1600,1200,18-01-2025,16.6,8.4,0,0,99,70
Ludhiana,Ludhiana,Carrot,800,1600,1200,19-01-2025,19.3,9.7,0,0,99,61
Ludhiana,Ludhiana,Carrot,1000,1400,1200,20-01-2025,20.2,11.4,0,0,95,64
Ludhiana,Ludhiana,Carrot,1000,1400,1200,21-01-2025,19.1,9.1,0,0,92,64
Ludhiana,Ludhiana,Carrot,1000,1400,1200,22-01-2025,20.8,8.1,0,0,98,54
Ludhiana,Ludhiana,Carrot,1000,1400,1200,23-01-2025,19.2,8.1,0,0,97,56
Ludhiana,Ludhiana,Carrot,1000,1400,1200,24-01-2025,18.8,7.3,0,0,94,52
Ludhiana,Ludhiana,Carrot,1000,1400,1200,25-01-2025,19.1,6.9,0,0,79,42
Ludhiana,Ludhiana,Carrot,1000,1400,1200,26-01-2025,19.9,6,0,0,93,35
Ludhiana,Ludhiana,Carrot,1000,1400,1200,27-01-2025,20.5,5.9,0,0,93,35
Ludhiana,Ludhiana,Carrot,1000,1400,1200,28-01-2025,21.9,7,0,0,92,29
Ludhiana,Ludhiana,Carrot,1000,1400,1200,29-01-2025,21.4,9.3,0,0,97,50
Ludhiana,Ludhiana,Carrot,1000,1400,1200,30-01-2025,22.2,9.6,0,0,97,38
Ludhiana,Ludhiana,Carrot,1000,1400,1200,31-01-2025,22.2,9.2,0,0,99,45
Ludhiana,Ludhiana,Carrot,1000,1400,1200,1/2/2025,20.3,10.1,0.4,0.4,100,51
Ludhiana,Ludhiana,Carrot,1000,1400,1200,2/2/2025,20.9,9.4,0,0,100,47
Ludhiana,Ludhiana,Carrot,1000,1400,1200,3/2/2025,20.7,8.5,0,0,100,46
Ludhiana,Ludhiana,Carrot,1000,1400,1200,4/2/2025,20,9.9,0.3,0.3,92,54
Ludhiana,Ludhiana,Carrot,1000,1400,1200,5/2/2025,19,8.1,0,0,100,54
Ludhiana,Ludhiana,Carrot,1000,1400,1200,6/2/2025,19.6,7.9,0,0,94,36
Ludhiana,Ludhiana,Carrot,1000,1400,1200,7/2/2025,18.6,7.2,0,0,80,50
Ludhiana,Ludhiana,Carrot,1000,1400,1200,8/2/2025,20.3,8.5,0,0,85,40
Ludhiana,Ludhiana,Carrot,1000,1400,1200,9/2/2025,22.4,8.8,0,0,90,39
Ludhiana,Ludhiana,Carrot,1000,1400,1200,10/2/2025,23.7,10.5,0,0,91,36
Ludhiana,Ludhiana,Carrot,1000,1400,1200,11/2/2025,24,10.2,0,0,93,35
Ludhiana,Ludhiana,Carrot,1000,1400,1200,12/2/2025,22.7,11,0,0,88,32
Ludhiana,Ludhiana,Carrot,1000,1400,1200,13-02-2025,21.7,8.8,0,0,85,32
Ludhiana,Ludhiana,Carrot,1000,1400,1200,14-02-2025,22.1,8.7,0,0,82,34
Ludhiana,Ludhiana,Carrot,1000,1400,1200,15-02-2025,22.2,11.4,0.3,0.3,80,37
Ludhiana,Ludhiana,Carrot,1000,1400,1200,16-02-2025,22.1,10.6,0,0,95,42
Ludhiana,Ludhiana,Carrot,1000,1400,1200,17-02-2025,24.5,11.1,0,0,95,35
Ludhiana,Ludhiana,Carrot,1000,1400,1200,18-02-2025,25,12.2,0,0,91,31
Ludhiana,Ludhiana,Carrot,1000,1500,1200,19-02-2025,25.2,10.6,0.8,0.8,88,27
Ludhiana,Ludhiana,Carrot,1000,1500,1200,20-02-2025,20.1,12.9,19.6,19.6,97,56
Ludhiana,Ludhiana,Carrot,1000,1500,1200,21-02-2025,21.1,9.8,0,0,100,59
Ludhiana,Ludhiana,Carrot,1000,1500,1200,22-02-2025,21.6,11.3,0.1,0.1,95,49
Ludhiana,Ludhiana,Carrot,1000,1500,1200,23-02-2025,23.2,11.2,0,0,94,45
Ludhiana,Ludhiana,Carrot,1000,1500,1200,24-02-2025,25.4,11.4,0,0,95,29
Ludhiana,Ludhiana,Carrot,1000,1500,1200,25-02-2025,22.1,13.7,0.6,0.6,89,48
Ludhiana,Ludhiana,Carrot,1000,1500,1200,26-02-2025,26.5,16.5,0.3,0.3,81,40
Ludhiana,Ludhiana,Carrot,1000,1500,1200,27-02-2025,20.8,16.3,5.8,5.8,92,61
Ludhiana,Ludhiana,Carrot,1000,1500,1200,28-02-2025,18.9,14.5,45.8,45.8,95,76
Ludhiana,Ludhiana,Carrot,1000,1500,1200,1/3/2025,22.8,11.7,0,0,97,60
Ludhiana,Ludhiana,Carrot,1000,1500,1200,2/3/2025,21.7,11.3,0,0,95,44
Ludhiana,Ludhiana,Carrot,1000,1500,1200,3/3/2025,21.3,9.9,1.1,1.1,95,50
Ludhiana,Ludhiana,Carrot,1000,1500,1200,4/3/2025,21.4,11.5,0.6,0.6,93,44
Ludhiana,Ludhiana,Carrot,1000,1500,1200,5/3/2025,20.8,9.1,0,0,84,41
Ludhiana,Ludhiana,Carrot,1000,1500,1200,6/3/2025,23.5,9.3,0,0,83,38
Ludhiana,Ludhiana,Carrot,1000,1500,1200,7/3/2025,25.3,10.3,0,0,94,28
Ludhiana,Ludhiana,Carrot,1000,1500,1200,8/3/2025,27,12.6,0,0,95,32
Ludhiana,Ludhiana,Carrot,1000,1500,1200,9/3/2025,30,11.9,0,0,96,15
Ludhiana,Ludhiana,Carrot,1000,1500,1200,10/3/2025,31,17.9,0,0,74,26
Ludhiana,Ludhiana,Carrot,1000,1600,1400,11/3/2025,29.8,16.1,0.1,0.1,97,34
Ludhiana,Ludhiana,Carrot,1000,1800,1400,12/3/2025,28.9,16.5,0,0,91,34
Ludhiana,Ludhiana,Carrot,1000,1800,1400,13-03-2025,27.6,16,3.5,3.5,95,40
Ludhiana,Ludhiana,Carrot,1000,1800,1400,14-03-2025,29.3,14.2,2.3,2.3,91,28
Ludhiana,Ludhiana,Carrot,1000,1800,1400,15-03-2025,23.2,14.7,7.9,7.9,96,53
Ludhiana,Ludhiana,Carrot,1000,1800,1400,16-03-2025,25.6,12.1,0.1,0.1,99,37
Ludhiana,Ludhiana,Carrot,1000,1800,1400,17-03-2025,26.4,12.2,0,0,97,28
Ludhiana,Ludhiana,Carrot,1000,1800,1400,18-03-2025,28.7,13.8,0,0,90,25
Ludhiana,Ludhiana,Carrot,1000,1800,1400,19-03-2025,29.8,16.3,0.2,0.2,87,20
Ludhiana,Ludhiana,Carrot,1000,1800,1400,20-03-2025,29.1,16.3,0,0,71,23
Ludhiana,Ludhiana,Carrot,1000,1800,1400,21-03-2025,28.9,15.1,0,0,85,23
Ludhiana,Ludhiana,Carrot,1000,1800,1400,22-03-2025,30.2,15.2,0,0,91,20
Ludhiana,Ludhiana,Carrot,1000,1800,1400,23-03-2025,31.7,15.7,0,0,73,17
Ludhiana,Ludhiana,Carrot,1000,1800,1400,24-03-2025,32.4,15.8,0,0,79,19
Ludhiana,Ludhiana,Carrot,1000,1800,1400,25-03-2025,33.3,17.3,0,0,75,18
Ludhiana,Ludhiana,Carrot,1000,1800,1400,26-03-2025,35.3,19.1,0,0,77,14
Ludhiana,Ludhiana,Carrot,1000,1900,1500,27-03-2025,35.6,21.2,0,0,56,14
Mumbai,Mumbai- Fruit Market,Pineapple,2000,5000,3500,4/9/2024,28.4,24.7,8.1,8.1,96,79
Mumbai,Mumbai- Fruit Market,Pineapple,2000,5000,3500,5/9/2024,28.6,24.6,27.6,27.6,96,79
Mumbai,Mumbai- Fruit Market,Pineapple,2000,5500,3750,6/9/2024,28.9,24.9,13.9,13.9,95,76
Mumbai,Mumbai- Fruit Market,Pineapple,2000,4000,3000,7/9/2024,28.6,24.3,10.1,10.1,96,78
Mumbai,Mumbai- Fruit Market,Pineapple,2000,4000,3000,8/9/2024,29.2,24,2.4,2.4,96,76
Mumbai,Mumbai- Fruit Market,Pineapple,2000,4000,3000,9/9/2024,29.2,24.5,3.3,3.3,95,74
Mumbai,Mumbai- Fruit Market,Pineapple,2000,4000,3000,10/9/2024,28.5,25,8,8,95,79
Mumbai,Mumbai- Fruit Market,Pineapple,2000,4000,3000,11/9/2024,28.5,24.3,4.8,4.8,95,77
Mumbai,Mumbai- Fruit Market,Pineapple,2000,4500,3250,12/9/2024,28.5,24.3,6,6,94,77
Mumbai,Mumbai- Fruit Market,Pineapple,2000,4500,3250,13-09-2024,28.6,23.7,4.8,4.8,96,73
Mumbai,Mumbai- Fruit Market,Pineapple,2000,4500,3250,14-09-2024,27.7,23,6.8,6.8,98,74
Mumbai,Mumbai- Fruit Market,Pineapple,2000,4500,3250,15-09-2024,28.2,23.2,2.7,2.7,96,75
Mumbai,Mumbai- Fruit Market,Pineapple,2000,4500,3250,16-09-2024,28.8,23.1,2.3,2.3,94,74
Mumbai,Mumbai- Fruit Market,Pineapple,2000,5000,2500,17-09-2024,29.8,21.6,0.3,0.3,98,69
Mumbai,Mumbai- Fruit Market,Pineapple,2000,5000,3500,18-09-2024,29.4,22.5,3.3,3.3,97,65
Mumbai,Mumbai- Fruit Market,Pineapple,2000,5000,3500,19-09-2024,30.1,24.1,2.8,2.8,94,66
Mumbai,Mumbai- Fruit Market,Pineapple,2000,5000,3500,20-09-2024,28.5,23.7,5.2,5.2,96,75
Mumbai,Mumbai- Fruit Market,Pineapple,2000,5000,3500,21-09-2024,29.9,23.5,4.6,4.6,96,69
Mumbai,Mumbai- Fruit Market,Pineapple,2000,5000,3500,22-09-2024,30.7,24.3,3.4,3.4,93,68
Mumbai,Mumbai- Fruit Market,Pineapple,2000,5000,3500,23-09-2024,30,25.2,15.3,15.3,96,76
Mumbai,Mumbai- Fruit Market,Pineapple,2000,5000,3500,24-09-2024,30.4,23.7,35.2,35.2,99,75
Mumbai,Mumbai- Fruit Market,Pineapple,2000,5000,3500,25-09-2024,28.2,24.5,47.4,47.4,97,85
Mumbai,Mumbai- Fruit Market,Pineapple,2000,5000,3500,26-09-2024,26.6,24.5,55.9,55.9,97,90
Mumbai,Mumbai- Fruit Market,Pineapple,2000,5000,3500,27-09-2024,27,25.3,37,37,94,83
Mumbai,Mumbai- Fruit Market,Pineapple,2000,5000,3500,28-09-2024,28.9,24.8,6.7,6.7,95,77
Mumbai,Mumbai- Fruit Market,Pineapple,2000,5000,3500,29-09-2024,29.1,24.2,1.6,1.6,96,77
Mumbai,Mumbai- Fruit Market,Pineapple,2000,5000,3500,30-09-2024,31,23.9,1.6,1.6,98,68
Mumbai,Mumbai- Fruit Market,Pineapple,2000,5000,3500,1/10/2024,32.8,23.8,0,0,100,64
Mumbai,Mumbai- Fruit Market,Pineapple,2000,5000,3500,2/10/2024,31.7,25.4,3.6,3.6,100,73
Mumbai,Mumbai- Fruit Market,Pineapple,2000,5000,3500,3/10/2024,30.5,24.9,1,1,96,70
Mumbai,Mumbai- Fruit Market,Pineapple,2000,5000,3500,4/10/2024,30.5,24.8,1.5,1.5,96,70
Mumbai,Mumbai- Fruit Market,Pineapple,2000,5000,3500,5/10/2024,30.4,23.7,1.8,1.8,99,71
Mumbai,Mumbai- Fruit Market,Pineapple,2000,5000,3500,6/10/2024,32.5,23.7,5.3,5.3,99,63
Mumbai,Mumbai- Fruit Market,Pineapple,2000,5000,3500,7/10/2024,34.1,24.5,0.4,0.4,94,56
Mumbai,Mumbai- Fruit Market,Pineapple,2000,5000,3500,8/10/2024,34.4,24.8,0,0,97,46
Mumbai,Mumbai- Fruit Market,Pineapple,2000,5000,3500,9/10/2024,29.4,24.9,9.6,9.6,97,71
Mumbai,Mumbai- Fruit Market,Pineapple,2000,5000,3500,10/10/2024,30.4,24.1,15.8,15.8,96,71
Mumbai,Mumbai- Fruit Market,Pineapple,2000,5000,3500,11/10/2024,32.8,24.6,29.8,29.8,97,59
Mumbai,Mumbai- Fruit Market,Pineapple,2000,5000,3500,12/10/2024,32.9,24,11.1,11.1,99,61
Mumbai,Mumbai- Fruit Market,Pineapple,2000,5000,3500,13-10-2024,32,24.2,25.2,25.2,98,63
Mumbai,Mumbai- Fruit Market,Pineapple,2000,5000,3500,14-10-2024,32.7,23.7,15.9,15.9,98,65
Mumbai,Mumbai- Fruit Market,Pineapple,2000,5000,3500,15-10-2024,30.7,24.3,0.7,0.7,99,68
Mumbai,Mumbai- Fruit Market,Pineapple,2000,5000,3500,16-10-2024,31.5,24.2,13.9,13.9,98,68
Mumbai,Mumbai- Fruit Market,Pineapple,2000,5000,3500,17-10-2024,29.5,24.6,4.3,4.3,98,77
Mumbai,Mumbai- Fruit Market,Pineapple,2000,5000,3500,18-10-2024,33.7,24.8,23.6,23.6,97,59
Mumbai,Mumbai- Fruit Market,Pineapple,2000,5000,3500,19-10-2024,30.5,23.9,13.2,13.2,99,72
Mumbai,Mumbai- Fruit Market,Pineapple,2000,5500,3750,20-10-2024,30.6,24,18.7,18.7,97,68
Mumbai,Mumbai- Fruit Market,Pineapple,2000,5500,3750,21-10-2024,31.2,23.6,27.6,27.6,98,67
Mumbai,Mumbai- Fruit Market,Pineapple,2000,5500,3750,22-10-2024,31.7,23.4,5.4,5.4,99,68
Mumbai,Mumbai- Fruit Market,Pineapple,2000,5500,3750,23-10-2024,32.6,24,0,0,98,62
Mumbai,Mumbai- Fruit Market,Pineapple,2000,5500,3750,24-10-2024,33,23.8,0.3,0.3,97,48
Mumbai,Mumbai- Fruit Market,Pineapple,2000,6000,4000,25-10-2024,33,22.4,0,0,89,46
Mumbai,Mumbai- Fruit Market,Pineapple,2000,6000,4000,26-10-2024,32.9,20.9,0,0,87,49
Mumbai,Mumbai- Fruit Market,Pineapple,2500,4000,3250,27-10-2024,32.8,21.1,0,0,92,51
Mumbai,Mumbai- Fruit Market,Pineapple,2500,4000,3250,28-10-2024,33.2,22.4,0,0,97,52
Mumbai,Mumbai- Fruit Market,Pineapple,2500,4000,3250,29-10-2024,32.4,23.8,0.8,0.8,100,59
Mumbai,Mumbai- Fruit Market,Pineapple,2500,4000,3250,30-10-2024,33.7,23.2,0,0,99,45
Mumbai,Mumbai- Fruit Market,Pineapple,2500,4000,3250,31-10-2024,34.8,23.9,2.4,2.4,93,50
Mumbai,Mumbai- Fruit Market,Pineapple,2500,4000,3250,1/11/2024,33.1,24.5,0.6,0.6,95,58
Mumbai,Mumbai- Fruit Market,Pineapple,2500,4000,3250,2/11/2024,35,24.1,0,0,100,36
Mumbai,Mumbai- Fruit Market,Pineapple,2500,4000,3750,3/11/2024,35.5,22.5,0,0,79,33
Mumbai,Mumbai- Fruit Market,Pineapple,2500,4500,3500,4/11/2024,35.1,22.9,0,0,74,32
Mumbai,Mumbai- Fruit Market,Pineapple,2500,4500,3500,5/11/2024,34.8,22.9,0,0,78,33
Mumbai,Mumbai- Fruit Market,Pineapple,2500,4500,3500,6/11/2024,34.9,22.3,0,0,79,32
Mumbai,Mumbai- Fruit Market,Pineapple,2500,4500,3500,7/11/2024,35,20.8,0,0,74,32
Mumbai,Mumbai- Fruit Market,Pineapple,2500,4500,3500,8/11/2024,34.6,22.3,0,0,75,35
Mumbai,Mumbai- Fruit Market,Pineapple,2500,4500,3500,9/11/2024,34.8,21.2,0,0,77,28
Mumbai,Mumbai- Fruit Market,Pineapple,2500,4500,3500,10/11/2024,34.7,20.9,0,0,81,29
Mumbai,Mumbai- Fruit Market,Pineapple,2500,4500,3500,11/11/2024,33.7,21.6,0,0,65,30
Mumbai,Mumbai- Fruit Market,Pineapple,2500,4500,3500,12/11/2024,34.6,21.2,0,0,72,28
Mumbai,Mumbai- Fruit Market,Pineapple,2500,4500,3500,13-11-2024,34.9,20.9,0,0,71,31
Mumbai,Mumbai- Fruit Market,Pineapple,2500,4500,3500,14-11-2024,35.5,21.5,0,0,72,32
Mumbai,Mumbai- Fruit Market,Pineapple,2500,4500,3500,15-11-2024,34.3,24.3,0.8,0.8,86,41
Mumbai,Mumbai- Fruit Market,Pineapple,2500,4500,3500,16-11-2024,34.8,25.1,0.3,0.3,86,40
Mumbai,Mumbai- Fruit Market,Pineapple,2500,4500,3500,17-11-2024,35.8,24.9,0,0,79,32
Mumbai,Mumbai- Fruit Market,Pineapple,2500,4500,3500,18-11-2024,34.4,22.8,0,0,85,27
Mumbai,Mumbai- Fruit Market,Pineapple,2500,5000,3500,19-11-2024,33.5,20.2,0,0,68,24
Mumbai,Mumbai- Fruit Market,Pineapple,2500,5000,3500,20-11-2024,32.7,19.3,0,0,74,26
Mumbai,Mumbai- Fruit Market,Pineapple,2500,5000,3750,21-11-2024,33,19.9,0,0,72,25
Mumbai,Mumbai- Fruit Market,Pineapple,2500,5000,3750,22-11-2024,33.2,20.2,0,0,77,29
Mumbai,Mumbai- Fruit Market,Pineapple,2500,5000,3750,23-11-2024,32.4,21.4,0,0,77,34
Mumbai,Mumbai- Fruit Market,Pineapple,2500,5000,3750,24-11-2024,33.3,20.6,0,0,82,28
Mumbai,Mumbai- Fruit Market,Pineapple,2500,5000,3750,25-11-2024,33,20.2,0,0,80,24
Mumbai,Mumbai- Fruit Market,Pineapple,2500,5000,3750,26-11-2024,32.6,19.1,0,0,65,22
Mumbai,Mumbai- Fruit Market,Pineapple,2500,5000,3750,27-11-2024,32.9,18.4,0,0,66,19
Mumbai,Mumbai- Fruit Market,Pineapple,2500,5000,3750,28-11-2024,32.3,17.9,0,0,70,23
Mumbai,Mumbai- Fruit Market,Pineapple,2500,5000,3750,29-11-2024,31.9,18,0,0,63,19
Mumbai,Mumbai- Fruit Market,Pineapple,2500,5000,3750,30-11-2024,32.6,17.6,0,0,64,23
Mumbai,Mumbai- Fruit Market,Pineapple,2500,5000,3750,1/12/2024,33.5,19.8,0,0,65,30
Mumbai,Mumbai- Fruit Market,Pineapple,2500,5000,3750,2/12/2024,34.7,22.5,0,0,69,38
Mumbai,Mumbai- Fruit Market,Pineapple,2500,5000,3750,3/12/2024,35.1,24.7,1.2,1.2,72,42
Mumbai,Mumbai- Fruit Market,Pineapple,2500,5000,3750,4/12/2024,35.9,26,0,0,80,40
Mumbai,Mumbai- Fruit Market,Pineapple,2500,5000,3750,5/12/2024,35.8,25.1,0.1,0.1,93,36
Mumbai,Mumbai- Fruit Market,Pineapple,2500,5000,3750,6/12/2024,35,25.1,0,0,84,40
Mumbai,Mumbai- Fruit Market,Pineapple,2500,5000,3750,7/12/2024,34.1,23.7,0,0,78,27
Mumbai,Mumbai- Fruit Market,Pineapple,2500,5000,3750,8/12/2024,31.8,20.7,0,0,69,22
Mumbai,Mumbai- Fruit Market,Pineapple,2500,5000,3750,9/12/2024,31.1,18.4,0,0,66,19
Mumbai,Mumbai- Fruit Market,Pineapple,2500,5000,3750,10/12/2024,34,18.6,0,0,68,29
Mumbai,Mumbai- Fruit Market,Pineapple,2500,5000,3750,11/12/2024,34.2,20.4,0,0,80,28
Mumbai,Mumbai- Fruit Market,Pineapple,2500,5000,3750,12/12/2024,33.2,20.3,0,0,79,28
Mumbai,Mumbai- Fruit Market,Pineapple,2500,5000,3750,13-12-2024,32.9,19.5,0,0,80,23
Mumbai,Mumbai- Fruit Market,Pineapple,2500,5000,3750,14-12-2024,33.5,19,0,0,64,19
Mumbai,Mumbai- Fruit Market,Pineapple,2500,5000,3750,15-12-2024,34.4,18.5,0,0,62,16
Mumbai,Mumbai- Fruit Market,Pineapple,2500,5000,3750,16-12-2024,33.8,18,0,0,58,15
Mumbai,Mumbai- Fruit Market,Pineapple,2500,5000,3750,17-12-2024,33.2,17,0,0,75,18
Mumbai,Mumbai- Fruit Market,Pineapple,2500,5000,3750,18-12-2024,33.8,18,0,0,77,20
Mumbai,Mumbai- Fruit Market,Pineapple,2500,5000,3750,19-12-2024,32.3,17.5,0,0,85,25
Mumbai,Mumbai- Fruit Market,Pineapple,2500,5000,3750,20-12-2024,30.4,18.3,0,0,90,36
Mumbai,Mumbai- Fruit Market,Pineapple,2500,5000,3750,21-12-2024,29.1,19,0,0,92,48
Mumbai,Mumbai- Fruit Market,Pineapple,2500,5000,3750,22-12-2024,28.6,20.3,0,0,93,55
Mumbai,Mumbai- Fruit Market,Pineapple,2500,5000,3750,23-12-2024,28.8,20.8,0.2,0.2,97,51
Mumbai,Mumbai- Fruit Market,Pineapple,2500,5000,3750,24-12-2024,31.1,20.2,0,0,82,40
Mumbai,Mumbai- Fruit Market,Pineapple,2500,5000,3750,25-12-2024,31.9,20.2,0,0,72,38
Mumbai,Mumbai- Fruit Market,Pineapple,2500,5000,3750,26-12-2024,32.2,21.8,0,0,81,43
Mumbai,Mumbai- Fruit Market,Pineapple,2500,5000,3750,27-12-2024,31.2,21.6,0,0,86,48
Mumbai,Mumbai- Fruit Market,Pineapple,2500,5000,3750,28-12-2024,31.5,22.4,0.1,0.1,80,45
Mumbai,Mumbai- Fruit Market,Pineapple,2500,5000,3750,29-12-2024,33.2,22.5,0.2,0.2,81,41
Mumbai,Mumbai- Fruit Market,Pineapple,2500,5000,3750,30-12-2024,34.9,22.9,0,0,77,32
Mumbai,Mumbai- Fruit Market,Pineapple,2500,5000,3750,31-12-2024,35,22.8,0,0,80,28
Mumbai,Mumbai- Fruit Market,Pineapple,2500,5000,3750,1/1/2025,34.8,22.5,0,0,79,27
Mumbai,Mumbai- Fruit Market,Pineapple,2500,5000,3750,2/1/2025,35.4,21.7,0,0,81,24
Mumbai,Mumbai- Fruit Market,Pineapple,2500,5000,3750,3/1/2025,35.7,20.6,0,0,73,18
Mumbai,Mumbai- Fruit Market,Pineapple,2500,5000,3750,4/1/2025,34.8,19.4,0,0,73,15
Mumbai,Mumbai- Fruit Market,Pineapple,2500,5000,3750,5/1/2025,32.6,19.4,0,0,78,26
Mumbai,Mumbai- Fruit Market,Pineapple,2500,5000,3750,6/1/2025,32.5,19.3,0,0,76,25
Mumbai,Mumbai- Fruit Market,Pineapple,2500,5000,3750,7/1/2025,33.9,18.5,0,0,70,23
Mumbai,Mumbai- Fruit Market,Pineapple,2500,5000,3750,8/1/2025,33.8,19.5,0,0,72,23
Mumbai,Mumbai- Fruit Market,Pineapple,2500,5000,3750,9/1/2025,33.7,20.6,0,0,57,22
Mumbai,Mumbai- Fruit Market,Pineapple,2500,5000,3750,10/1/2025,33.2,20.1,0,0,62,25
Mumbai,Mumbai- Fruit Market,Pineapple,2500,5000,3750,11/1/2025,31.6,20.3,0,0,66,31
Mumbai,Mumbai- Fruit Market,Pineapple,2500,5000,3750,12/1/2025,32.5,19.6,0,0,77,29
Mumbai,Mumbai- Fruit Market,Pineapple,2500,5000,3750,13-01-2025,35,20.7,0,0,69,28
Mumbai,Mumbai- Fruit Market,Pineapple,2500,5000,3750,14-01-2025,34.8,22.2,0,0,69,30
Mumbai,Mumbai- Fruit Market,Pineapple,2500,5000,3750,15-01-2025,33.2,22.2,0,0,76,39
Mumbai,Mumbai- Fruit Market,Pineapple,2500,5000,3750,16-01-2025,33.5,20.5,0,0,82,34
Mumbai,Mumbai- Fruit Market,Pineapple,2500,5000,3750,17-01-2025,36,22.4,0,0,72,25
Mumbai,Mumbai- Fruit Market,Pineapple,2500,5000,3750,18-01-2025,35.3,21.7,0,0,61,18
Mumbai,Mumbai- Fruit Market,Pineapple,2500,5500,4000,19-01-2025,35.4,20.6,0,0,61,20
Mumbai,Mumbai- Fruit Market,Pineapple,2500,5500,4000,20-01-2025,35.9,20.7,0,0,63,19
Mumbai,Mumbai- Fruit Market,Pineapple,2500,5500,4000,21-01-2025,34.7,20.6,0,0,70,25
Mumbai,Mumbai- Fruit Market,Pineapple,2500,5500,4000,22-01-2025,34.8,20.5,0,0,73,25
Mumbai,Mumbai- Fruit Market,Pineapple,2500,5500,4000,23-01-2025,34.3,21.3,0,0,67,26
Mumbai,Mumbai- Fruit Market,Pineapple,2500,5500,4000,24-01-2025,35.3,20.5,0,0,60,29
Mumbai,Mumbai- Fruit Market,Pineapple,2500,5500,4000,25-01-2025,36.3,22.5,0,0,69,26
Mumbai,Mumbai- Fruit Market,Pineapple,2500,5500,4000,26-01-2025,37.1,22.6,0,0,74,23
Mumbai,Mumbai- Fruit Market,Pineapple,2500,6000,4250,27-01-2025,36.6,21.6,0,0,80,24
Mumbai,Mumbai- Fruit Market,Pineapple,2500,6000,4250,28-01-2025,34,20.7,0,0,73,24
Mumbai,Mumbai- Fruit Market,Pineapple,2500,6000,4250,29-01-2025,34.4,19.5,0,0,83,19
Mumbai,Mumbai- Fruit Market,Pineapple,2500,6000,4250,30-01-2025,34.4,19.4,0,0,86,25
Mumbai,Mumbai- Fruit Market,Pineapple,2500,6000,4250,31-01-2025,33.2,19.5,0,0,68,24
Mumbai,Mumbai- Fruit Market,Pineapple,2500,6000,4250,1/2/2025,32.8,18.8,0,0,89,22
Mumbai,Mumbai- Fruit Market,Pineapple,2500,6000,4250,2/2/2025,34.9,19.6,0,0,64,21
Mumbai,Mumbai- Fruit Market,Pineapple,2500,6000,4250,3/2/2025,33.4,20.4,0,0,63,27
Mumbai,Mumbai- Fruit Market,Pineapple,2500,6000,4250,4/2/2025,33.9,20,0,0,67,25
Mumbai,Mumbai- Fruit Market,Pineapple,2500,6000,4250,5/2/2025,35.1,20.6,0,0,47,17
Mumbai,Mumbai- Fruit Market,Pineapple,2500,6000,4250,6/2/2025,36.5,19.9,0,0,56,22
Mumbai,Mumbai- Fruit Market,Pineapple,2500,6000,4250,7/2/2025,37.7,22.3,0,0,67,20
Mumbai,Mumbai- Fruit Market,Pineapple,2500,6000,4250,8/2/2025,37.4,22.4,0,0,68,23
Mumbai,Mumbai- Fruit Market,Pineapple,2500,6000,4250,9/2/2025,37.2,22.6,0,0,62,22
Mumbai,Mumbai- Fruit Market,Pineapple,2500,6000,4250,10/2/2025,37.2,22.8,0,0,51,18
Mumbai,Mumbai- Fruit Market,Pineapple,2500,6000,4250,11/2/2025,36.6,21.5,0,0,57,15
Mumbai,Mumbai- Fruit Market,Pineapple,2500,6000,4250,12/2/2025,36.8,20,0,0,56,14
Mumbai,Mumbai- Fruit Market,Pineapple,2500,6000,4250,13-02-2025,38.7,21.2,0,0,53,10
Mumbai,Mumbai- Fruit Market,Pineapple,2500,6000,4250,14-02-2025,38.5,22.5,0,0,45,12
Mumbai,Mumbai- Fruit Market,Pineapple,2500,6000,4250,15-02-2025,38.9,22.2,0,0,46,10
Mumbai,Mumbai- Fruit Market,Pineapple,2500,6000,4250,16-02-2025,38.1,21.9,0,0,42,11
Mumbai,Mumbai- Fruit Market,Pineapple,2500,6000,4750,17-02-2025,38.2,21.6,0,0,42,14
Mumbai,Mumbai- Fruit Market,Pineapple,3000,5000,4000,18-02-2025,38.7,22.5,0,0,52,12
Mumbai,Mumbai- Fruit Market,Pineapple,3000,5000,4000,19-02-2025,37.1,22.4,0,0,55,17
Mumbai,Mumbai- Fruit Market,Pineapple,3000,5000,4000,20-02-2025,37.7,22.3,0,0,50,14
Mumbai,Mumbai- Fruit Market,Pineapple,3000,5000,4000,21-02-2025,39.1,23.9,0,0,42,15
Mumbai,Mumbai- Fruit Market,Pineapple,3000,5000,4000,22-02-2025,39.5,23.8,0,0,44,12
Mumbai,Mumbai- Fruit Market,Pineapple,3000,5000,4000,23-02-2025,39.4,22.7,0,0,55,11
Mumbai,Mumbai- Fruit Market,Pineapple,3000,5000,4000,24-02-2025,39.9,24.5,0,0,40,11
Mumbai,Mumbai- Fruit Market,Pineapple,3000,5000,4000,25-02-2025,40.3,23.9,0,0,58,12
Mumbai,Mumbai- Fruit Market,Pineapple,3000,5000,4000,26-02-2025,39.9,23.1,0,0,58,14
Mumbai,Mumbai- Fruit Market,Pineapple,3000,5000,4000,27-02-2025,38.4,24.4,0,0,56,19
Mumbai,Mumbai- Fruit Market,Pineapple,3000,5000,4000,28-02-2025,38.2,24.1,0,0,64,19
Mumbai,Mumbai- Fruit Market,Pineapple,3000,5000,4000,1/3/2025,38.2,24.6,0,0,44,20
Mumbai,Mumbai- Fruit Market,Pineapple,3000,5000,4000,2/3/2025,39.5,24.4,0,0,47,12
Mumbai,Mumbai- Fruit Market,Pineapple,3000,5000,4000,3/3/2025,40.3,24.1,0,0,48,11
Mumbai,Mumbai- Fruit Market,Pineapple,3000,5000,4000,4/3/2025,39.8,25,0,0,44,12
Mumbai,Mumbai- Fruit Market,Pineapple,3000,5000,4000,5/3/2025,40.2,24.2,0,0,40,10
Mumbai,Mumbai- Fruit Market,Pineapple,3000,5000,4000,6/3/2025,39.2,22.2,0,0,36,9
Mumbai,Mumbai- Fruit Market,Pineapple,3000,5000,4000,7/3/2025,40,23.4,0,0,30,9
Mumbai,Mumbai- Fruit Market,Pineapple,3000,5000,4000,8/3/2025,39.7,22,0,0,42,10
Mumbai,Mumbai- Fruit Market,Pineapple,3000,5000,4000,9/3/2025,40.9,22.1,0,0,50,11
Mumbai,Mumbai- Fruit Market,Pineapple,3000,5000,4000,10/3/2025,42.3,24.4,0,0,50,12
Mumbai,Mumbai- Fruit Market,Pineapple,3000,5000,4000,11/3/2025,40.9,25.3,0,0,58,17
Mumbai,Mumbai- Fruit Market,Pineapple,3000,5000,4000,12/3/2025,40.5,25.3,0,0,64,17
Mumbai,Mumbai- Fruit Market,Pineapple,3000,5000,4000,13-03-2025,37.8,24.9,0,0,82,24
Mumbai,Mumbai- Fruit Market,Pineapple,3000,5000,4000,14-03-2025,37.8,23.4,0,0,93,17
Mumbai,Mumbai- Fruit Market,Pineapple,3000,5000,4000,15-03-2025,39.3,24.7,0,0,52,15
Mumbai,Mumbai- Fruit Market,Pineapple,3000,5500,4250,16-03-2025,38.1,24.4,0,0,63,22
Mumbai,Mumbai- Fruit Market,Pineapple,3000,5500,4250,17-03-2025,37.8,24.6,0,0,63,20
Mumbai,Mumbai- Fruit Market,Pineapple,3000,5500,4250,18-03-2025,37.6,23.1,0,0,78,20
Mumbai,Mumbai- Fruit Market,Pineapple,3000,5500,4250,19-03-2025,35.9,23.6,0,0,78,22
Mumbai,Mumbai- Fruit Market,Pineapple,3000,5500,4250,20-03-2025,38.4,23.6,0,0,52,11
Mumbai,Mumbai- Fruit Market,Pineapple,3000,5500,4250,21-03-2025,36.5,24.1,0,0,69,25
Mumbai,Mumbai- Fruit Market,Pineapple,3000,6000,4500,22-03-2025,37.6,22.4,0,0,82,13
Mumbai,Mumbai- Fruit Market,Pineapple,3000,6000,4500,23-03-2025,37.6,22.4,0,0,92,28
Mumbai,Mumbai- Fruit Market,Pineapple,3000,6000,4500,24-03-2025,36.8,23.6,0,0,96,34
Mumbai,Mumbai- Fruit Market,Pineapple,3000,6000,4500,25-03-2025,37.6,23.5,0,0,88,27
Mumbai,Mumbai- Fruit Market,Pineapple,3000,6000,4500,26-03-2025,34.9,23.2,0,0,94,34
Mumbai,Mumbai- Fruit Market,Pineapple,3000,6000,4500,27-03-2025,34.3,23.6,0,0,87,40
Mumbai,Mumbai- Fruit Market,Pineapple,3000,6000,4500,28-03-2025,37.6,23.5,0,0,88,29
Mumbai,Mumbai- Fruit Market,Pineapple,3000,6000,4500,29-03-2025,40.5,24.6,0,0,46,15
Mumbai,Mumbai- Fruit Market,Pineapple,3000,6000,4500,30-03-2025,41.7,25.9,0,0,58,14
Mumbai,Mumbai- Fruit Market,Pineapple,3000,6000,4500,31-03-2025,40.5,25.3,0,0,77,16
Mumbai,Mumbai- Fruit Market,Pineapple,3000,6000,4500,1/4/2025,41.4,25.9,0,0,65,16
Mumbai,Mumbai- Fruit Market,Pineapple,3000,6000,4500,2/4/2025,40.5,28,0,0,67,21
Mumbai,Mumbai- Fruit Market,Pineapple,3000,6000,4500,3/4/2025,33.5,26.8,3.5,3.5,93,53
Mumbai,Mumbai- Fruit Market,Pineapple,3000,6000,4500,4/4/2025,35.9,26.3,2.8,2.8,99,41
Mumbai,Mumbai- Fruit Market,Pineapple,3000,6000,4500,5/4/2025,41.2,24.1,0,0,91,14
Mumbai,Mumbai- Fruit Market,Pineapple,3000,6000,4500,6/4/2025,39.2,23.9,0,0,90,22
Mumbai,Mumbai- Fruit Market,Pineapple,3000,6000,4500,7/4/2025,40.5,23.4,0,0,93,18
Mumbai,Mumbai- Fruit Market,Pineapple,3000,6000,4500,8/4/2025,40.8,24.8,0,0,54,17
Mumbai,Mumbai- Fruit Market,Pineapple,3000,6000,4500,9/4/2025,38.6,24.8,0,0,76,33
Mumbai,Mumbai- Fruit Market,Pineapple,3000,6000,4500,10/4/2025,35.3,25.1,0,0,93,43
Mumbai,Mumbai- Fruit Market,Pineapple,3000,6000,4500,11/4/2025,35.1,24.8,0,0,94,38
Mumbai,Mumbai- Fruit Market,Pineapple,3000,6000,4500,12/4/2025,33.9,24.5,0,0,93,48
Mumbai,Mumbai- Fruit Market,Pineapple,3000,6000,4500,13-04-2025,35.8,24.2,0,0,98,45
Mumbai,Mumbai- Fruit Market,Pineapple,3000,6000,4500,14-04-2025,41.1,24.3,0,0,91,13
Mumbai,Mumbai- Fruit Market,Pineapple,3000,6000,4500,15-04-2025,39.7,25.4,0,0,72,20
Mumbai,Mumbai- Fruit Market,Pineapple,3000,6000,4500,16-04-2025,35.6,24.6,0,0,88,45
Mumbai,Mumbai- Fruit Market,Pineapple,3000,6000,4500,17-04-2025,34.4,24.5,0,0,98,52
Mumbai,Mumbai- Fruit Market,Pineapple,3000,6000,4500,18-04-2025,34.1,24.6,0,0,99,52
Mumbai,Mumbai- Fruit Market,Pineapple,3000,6000,4500,19-04-2025,35,24.7,0,0,96,49
Mumbai,Mumbai- Fruit Market,Pineapple,3000,6000,4500,20-04-2025,35.1,25,0,0,90,41
Mumbai,Mumbai- Fruit Market,Pineapple,3000,6000,4500,21-04-2025,35.8,25.4,0,0,92,46
Mumbai,Mumbai- Fruit Market,Pineapple,3000,6000,4500,22-04-2025,39,24.8,0,0,91,27
Mumbai,Mumbai- Fruit Market,Pineapple,3000,6000,4500,23-04-2025,38.6,25.4,0,0,88,30
Mumbai,Mumbai- Fruit Market,Pineapple,3000,6000,4500,24-04-2025,35.7,25.5,0,0,94,42
Mumbai,Mumbai- Fruit Market,Pineapple,3000,7000,5000,25-04-2025,36.4,25.2,0,0,93,33
Mumbai,Mumbai- Fruit Market,Pineapple,3500,4000,3750,26-04-2025,36,25.2,0,0,91,35
Mumbai,Mumbai- Fruit Market,Pineapple,3500,4500,4000,27-04-2025,36.8,25.6,0,0,93,38
Mumbai,Mumbai- Fruit Market,Pineapple,3500,4500,4000,28-04-2025,35.5,24.9,0,0,97,46
Mumbai,Mumbai- Fruit Market,Pineapple,3500,4500,4000,29-04-2025,34.6,25.2,0,0,98,48
Mumbai,Mumbai- Fruit Market,Pineapple,3500,5500,4500,30-04-2025,35.5,25,0,0,96,51
Mumbai,Mumbai- Fruit Market,Pineapple,3500,6000,4750,1/5/2025,36,24.9,0,0,99,48
Mumbai,Mumbai- Fruit Market,Pineapple,3500,6000,4750,2/5/2025,36.6,24.8,0,0,96,38
Mumbai,Mumbai- Fruit Market,Pineapple,3500,6000,4750,3/5/2025,35,26.1,0,0,82,45
Mumbai,Mumbai- Fruit Market,Pineapple,3500,6000,4750,4/5/2025,34.2,25.3,0,0,95,50
Mumbai,Mumbai- Fruit Market,Pineapple,3500,6000,4750,5/5/2025,35.6,26.4,0,0,86,42
Mumbai,Mumbai- Fruit Market,Pineapple,3500,6000,4750,6/5/2025,34.5,23.1,5.2,5.2,89,46
Mumbai,Mumbai- Fruit Market,Pineapple,3500,6000,4750,7/5/2025,33.8,25.2,2.6,2.6,91,48
Mumbai,Mumbai- Fruit Market,Pineapple,3500,6000,4750,8/5/2025,30.6,22.7,6,6,96,63
Mumbai,Mumbai- Fruit Market,Pineapple,3500,7000,5250,9/5/2025,30.6,24.3,1.4,1.4,89,66
Mumbai,Mumbai- Fruit Market,Pineapple,3500,7000,5250,10/5/2025,32.8,24.8,1.3,1.3,94,54
Mumbai,Mumbai- Fruit Market,Pineapple,4000,4500,4250,11/5/2025,34.2,25.7,1,1,95,53
Mumbai,Mumbai- Fruit Market,Pineapple,4000,4500,4250,12/5/2025,34.6,26.4,3,3,93,52
Mumbai,Mumbai- Fruit Market,Pineapple,4000,5000,4500,13-05-2025,34.6,26.5,2.4,2.4,91,49
Mumbai,Mumbai- Fruit Market,Pineapple,4000,5000,4500,14-05-2025,34.8,24.9,3.6,3.6,93,52
Mumbai,Mumbai- Fruit Market,Pineapple,4000,5000,4500,15-05-2025,35,27.4,6,6,91,51
Mumbai,Mumbai- Fruit Market,Pineapple,4000,5000,4500,16-05-2025,33.8,27.5,1.9,1.9,89,55
Mumbai,Mumbai- Fruit Market,Pineapple,4000,5000,4500,17-05-2025,33.5,27.1,4.3,4.3,86,58
Mumbai,Mumbai- Fruit Market,Pineapple,4000,5000,4500,18-05-2025,35.7,27.2,0,0,84,45
Mumbai,Mumbai- Fruit Market,Pineapple,4500,5500,5000,20-05-2025,35.2,27.6,7.7,7.7,97,54
Kullu,Bandrol,Cucumbar(Kheera),1000,1500,1200,2/4/2024,22.2,6.9,0,0,83,39
Kullu,Bandrol,Cucumbar(Kheera),1000,1500,1200,3/4/2024,22.3,7.7,0,0,75,38
Kullu,Bandrol,Cucumbar(Kheera),1000,1500,1200,4/4/2024,23,6.7,0.5,0.5,66,28
Kullu,Bandrol,Cucumbar(Kheera),1000,1500,1200,5/4/2024,21.6,8.2,0.8,0.8,74,36
Kullu,Bandrol,Cucumbar(Kheera),1000,1500,1200,6/4/2024,23.8,6,0,0,66,27
Kullu,Bandrol,Cucumbar(Kheera),1000,1500,1200,7/4/2024,23.2,9.7,0.4,0.4,59,32
Kullu,Bandrol,Cucumbar(Kheera),1000,1600,1300,8/4/2024,22.7,9.4,0.1,0.1,64,28
Kullu,Bandrol,Cucumbar(Kheera),1000,1800,1400,9/4/2024,24.3,9.8,0,0,72,26
Kullu,Bandrol,Cucumbar(Kheera),1000,1800,1400,10/4/2024,24.6,9.6,0,0,71,26
Kullu,Bandrol,Cucumbar(Kheera),1000,2000,1500,11/4/2024,21.7,11,0.9,0.9,67,38
Kullu,Bandrol,Cucumbar(Kheera),1000,2300,1800,12/4/2024,25.1,10.1,0.4,0.4,59,30
Kullu,Bandrol,Cucumbar(Kheera),1000,2300,1800,13-04-2024,25.8,12.4,0,0,62,28
Kullu,Bandrol,Cucumbar(Kheera),1000,2500,1800,14-04-2024,19.4,12.9,31.6,31.6,89,58
Kullu,Bandrol,Cucumbar(Kheera),1200,1500,1400,15-04-2024,19.6,11.3,46.5,46.5,90,63
Kullu,Bandrol,Cucumbar(Kheera),1200,2000,1500,16-04-2024,22.7,8.7,38.5,36.7,92,41
Kullu,Bandrol,Cucumbar(Kheera),1200,2200,1700,17-04-2024,24.7,8.7,0,0,90,25
Kullu,Bandrol,Cucumbar(Kheera),1200,2400,1800,18-04-2024,23,11.6,2.2,2.2,90,49
Kullu,Bandrol,Cucumbar(Kheera),1200,2500,1800,19-04-2024,24.2,9.8,11,11,90,36
Kullu,Bandrol,Cucumbar(Kheera),1200,2500,1900,20-04-2024,23,8,20.6,18,87,36
Kullu,Bandrol,Cucumbar(Kheera),1200,2500,1900,21-04-2024,24.5,11.7,0.7,0.7,82,37
Kullu,Bandrol,Cucumbar(Kheera),1200,2600,2000,22-04-2024,23.7,13,2.9,2.9,64,37
Kullu,Bandrol,Cucumbar(Kheera),1500,2000,1800,23-04-2024,22.5,11.2,0.6,0.6,64,40
Kullu,Bandrol,Cucumbar(Kheera),1500,2000,1800,24-04-2024,23.4,12.3,1.8,1.8,68,38
Kullu,Bandrol,Cucumbar(Kheera),1500,2000,1800,25-04-2024,25.6,11.6,0,0,61,34
Kullu,Bandrol,Cucumbar(Kheera),1500,2000,1800,26-04-2024,27,13.6,0.2,0.2,63,27
Kullu,Bandrol,Cucumbar(Kheera),1500,2100,1800,27-04-2024,18.4,10.6,36.3,36.3,93,43
Kullu,Bandrol,Cucumbar(Kheera),1500,2100,2000,28-04-2024,23.6,9.3,1.7,1.7,87,42
Kullu,Bandrol,Cucumbar(Kheera),1500,2500,2000,29-04-2024,18.2,8.3,54.7,45.9,100,34
Kullu,Bandrol,Cucumbar(Kheera),1500,2500,2000,30-04-2024,25,4.2,0,0,94,35
Kullu,Bandrol,Cucumbar(Kheera),1500,2500,2000,1/5/2024,19.8,8,2.4,2.3,90,36
Kullu,Bandrol,Cucumbar(Kheera),1500,2500,2000,2/5/2024,23.9,9,0,0,55,32
Kullu,Bandrol,Cucumbar(Kheera),1500,3000,1800,3/5/2024,26.6,12,0,0,68,19
Kullu,Bandrol,Cucumbar(Kheera),1500,3000,2000,4/5/2024,25.3,15.9,1.9,1.9,77,44
Kullu,Bandrol,Cucumbar(Kheera),1500,3500,2500,5/5/2024,27.7,11.6,0,0,62,33
Kullu,Bandrol,Cucumbar(Kheera),1800,2800,2500,6/5/2024,27.8,13,0.1,0.1,76,33
Kullu,Bandrol,Cucumbar(Kheera),2000,2200,2100,7/5/2024,27.9,14.5,0.2,0.2,74,36
Kullu,Bandrol,Cucumbar(Kheera),2000,2500,2200,8/5/2024,27.3,13,0,0,70,43
Kullu,Bandrol,Cucumbar(Kheera),2000,3000,2500,9/5/2024,26.5,16.5,0,0,77,51
Kullu,Bandrol,Cucumbar(Kheera),2000,3400,2700,10/5/2024,27.4,16,0,0,78,41
Kullu,Bhuntar,Cucumbar(Kheera),600,800,700,11/5/2024,26.6,16.8,0.5,0.5,80,47
Kullu,Bhuntar,Cucumbar(Kheera),600,1200,800,12/5/2024,24.1,14.7,6,6,87,49
Kullu,Bhuntar,Cucumbar(Kheera),700,1000,800,13-05-2024,27.3,13.6,0,0,71,27
Kullu,Bhuntar,Cucumbar(Kheera),800,1000,900,14-05-2024,28.2,14.4,0,0,68,24
Kullu,Bhuntar,Cucumbar(Kheera),800,1000,900,15-05-2024,29.7,16,0,0,63,26
Kullu,Bhuntar,Cucumbar(Kheera),800,1000,900,16-05-2024,30,15.8,0,0,65,30
Kullu,Bhuntar,Cucumbar(Kheera),800,1000,900,17-05-2024,31.2,16.8,0,0,68,29
Kullu,Bhuntar,Cucumbar(Kheera),800,1000,900,18-05-2024,31.4,17.8,0,0,70,26
Kullu,Bhuntar,Cucumbar(Kheera),800,1000,900,19-05-2024,31.2,16.9,0,0,66,28
Kullu,Bhuntar,Cucumbar(Kheera),800,1000,900,20-05-2024,30,17,0.2,0.2,69,31
Kullu,Bhuntar,Cucumbar(Kheera),800,1000,900,21-05-2024,31.1,17.5,0,0,71,27
Kullu,Bhuntar,Cucumbar(Kheera),800,1000,900,22-05-2024,30.3,18.6,0,0,70,33
Kullu,Bhuntar,Cucumbar(Kheera),800,1000,900,23-05-2024,27.6,16.7,0.3,0.3,78,52
Kullu,Bhuntar,Cucumbar(Kheera),800,1000,900,24-05-2024,28,18.3,0.1,0.1,73,48
Kullu,Bhuntar,Cucumbar(Kheera),800,1000,900,25-05-2024,31.8,19.4,0,0,64,34
Kullu,Bhuntar,Cucumbar(Kheera),800,1200,1000,26-05-2024,33,18.3,0,0,65,24
Kullu,Bhuntar,Cucumbar(Kheera),1000,1200,1100,27-05-2024,33.1,19.4,0,0,58,20
Kullu,Bhuntar,Cucumbar(Kheera),1000,1200,1100,28-05-2024,33.1,19.9,0,0,56,17
Kullu,Bhuntar,Cucumbar(Kheera),1000,1200,1100,29-05-2024,34,18.8,0,0,56,11
Kullu,Bhuntar,Cucumbar(Kheera),1000,1200,1100,30-05-2024,33.9,16.2,0.2,0.2,57,15
Kullu,Bhuntar,Cucumbar(Kheera),1000,1200,1100,31-05-2024,31.8,19.3,0,0,60,20
Kullu,Bhuntar,Cucumbar(Kheera),1000,1200,1100,1/6/2024,33.1,18.4,0.2,0.2,57,16
Kullu,Bhuntar,Cucumbar(Kheera),1000,1200,1100,2/6/2024,31.1,19.8,0.5,0.5,61,23
Kullu,Bhuntar,Cucumbar(Kheera),1000,1200,1100,3/6/2024,31.5,19.8,0.1,0.1,61,28
Kullu,Bhuntar,Cucumbar(Kheera),1000,1200,1100,4/6/2024,30.8,19.2,1.3,1.3,61,30
Kullu,Bhuntar,Cucumbar(Kheera),1000,1500,1200,5/6/2024,31.1,18.8,10.5,10.5,89,29
Kullu,Bhuntar,Cucumbar(Kheera),1000,1500,1200,6/6/2024,28.8,20.6,0.7,0.7,66,37
Kullu,Bhuntar,Cucumbar(Kheera),1000,1500,1200,7/6/2024,30.4,14.5,0.1,0.1,63,24
Kullu,Bhuntar,Cucumbar(Kheera),1000,1500,1200,8/6/2024,30.2,18.1,0,0,61,23
Kullu,Bhuntar,Cucumbar(Kheera),1000,1500,1200,9/6/2024,31.2,18.1,0.1,0.1,61,25
Kullu,Bhuntar,Cucumbar(Kheera),1000,1500,1200,10/6/2024,32,18.6,0.2,0.2,57,25
Kullu,Bhuntar,Cucumbar(Kheera),1000,1500,1200,11/6/2024,31.4,17,0.1,0.1,66,25
Kullu,Bhuntar,Cucumbar(Kheera),1000,1500,1200,12/6/2024,33.1,20.3,0.1,0.1,63,20
Kullu,Bhuntar,Cucumbar(Kheera),1000,1500,1300,13-06-2024,33.6,21.2,0.7,0.7,66,24
Kullu,Bhuntar,Cucumbar(Kheera),1000,1500,1300,14-06-2024,33.5,20.9,0,0,60,23
Kullu,Bhuntar,Cucumbar(Kheera),1000,1500,1300,15-06-2024,33.2,20.3,0,0,61,25
Kullu,Bhuntar,Cucumbar(Kheera),1000,1500,1300,16-06-2024,33.9,22,0,0,62,29
Kullu,Bhuntar,Cucumbar(Kheera),1000,1500,1300,17-06-2024,34.3,22.4,0,0,68,25
Kullu,Bhuntar,Cucumbar(Kheera),1000,1500,1300,18-06-2024,33.3,22.8,0.4,0.4,64,33
Kullu,Bhuntar,Cucumbar(Kheera),1000,1500,1300,19-06-2024,32.4,21.6,0,0,59,27
Kullu,Bhuntar,Cucumbar(Kheera),1000,1500,1300,20-06-2024,29.8,18.8,0.8,0.8,71,37
Kullu,Bhuntar,Cucumbar(Kheera),1000,1500,1300,21-06-2024,27.6,19.2,8.6,8.6,92,39
Kullu,Bhuntar,Cucumbar(Kheera),1000,2000,1500,22-06-2024,30.3,19.7,0,0,69,40
Kullu,Bhuntar,Cucumbar(Kheera),1000,2000,1500,23-06-2024,31.2,19.6,3.3,3.3,81,33
Kullu,Bhuntar,Cucumbar(Kheera),1000,2000,1500,24-06-2024,30.9,21.5,0.2,0.2,80,51
Kullu,Bhuntar,Cucumbar(Kheera),1000,2000,1500,25-06-2024,32.1,20.9,0,0,84,47
Kullu,Bhuntar,Cucumbar(Kheera),1000,2200,1800,26-06-2024,31.5,21.3,0.7,0.7,88,54
Kullu,Bhuntar,Cucumbar(Kheera),1000,2500,2000,27-06-2024,30.5,20.5,4.5,4.5,96,56
Kullu,Bhuntar,Cucumbar(Kheera),1200,1500,1300,28-06-2024,30.9,20.3,3.5,3.5,98,50
Kullu,Bhuntar,Cucumbar(Kheera),1200,1500,1300,29-06-2024,30.8,22.5,0.5,0.5,96,59
Kullu,Bhuntar,Cucumbar(Kheera),1200,1500,1300,30-06-2024,30.2,20.4,0.8,0.8,98,60
Kullu,Bhuntar,Cucumbar(Kheera),1200,1500,1300,1/7/2024,31,23,4.5,4.5,97,58
Kullu,Bhuntar,Cucumbar(Kheera),1200,1500,1300,2/7/2024,30.7,23.1,12,12,98,61
Kullu,Bhuntar,Cucumbar(Kheera),1200,1500,1300,3/7/2024,30,21.1,7.3,7.3,97,63
Kullu,Bhuntar,Cucumbar(Kheera),1200,1500,1300,4/7/2024,28.2,23.8,5,5,97,71
Kullu,Bhuntar,Cucumbar(Kheera),1200,1500,1400,5/7/2024,28.7,21.9,33.2,33.2,99,70
Kullu,Bhuntar,Cucumbar(Kheera),1200,1500,1400,6/7/2024,29,21.2,52.3,52.3,98,65
Kullu,Bhuntar,Cucumbar(Kheera),1200,1500,1400,7/7/2024,30.3,20.6,0.1,0.1,92,55
Kullu,Bhuntar,Cucumbar(Kheera),1200,1500,1400,8/7/2024,29,20.5,0.4,0.4,96,66
Kullu,Bhuntar,Cucumbar(Kheera),1200,1500,1400,9/7/2024,29.8,19.3,1.3,1.3,97,62
Kullu,Bhuntar,Cucumbar(Kheera),1200,1800,1500,10/7/2024,29.6,18.1,0.5,0.5,100,59
Kullu,Bhuntar,Cucumbar(Kheera),1200,1800,1700,11/7/2024,29.5,20.9,0.9,0.9,93,66
Kullu,Bhuntar,Cucumbar(Kheera),1200,2000,1500,12/7/2024,29.4,21,3.6,3.6,93,55
Kullu,Bhuntar,Cucumbar(Kheera),1200,2000,1500,13-07-2024,28.7,19.5,1.9,1.9,93,58
Kullu,Bhuntar,Cucumbar(Kheera),1200,2000,1500,14-07-2024,29.4,17.1,0,0,95,61
Kullu,Bhuntar,Cucumbar(Kheera),1200,2000,1500,15-07-2024,29.7,20.7,0,0,84,65
Kullu,Bhuntar,Cucumbar(Kheera),1200,2000,1500,16-07-2024,29.7,22.3,0.6,0.6,89,56
Kullu,Bhuntar,Cucumbar(Kheera),1200,2000,1500,17-07-2024,30.1,21.5,2.4,2.4,96,63
Kullu,Bhuntar,Cucumbar(Kheera),1200,3400,2500,18-07-2024,29.7,22.1,2.1,2.1,97,65
Kullu,Bhuntar,Cucumbar(Kheera),1200,3400,2500,19-07-2024,30.7,19.5,0.2,0.2,100,60
Kullu,Bhuntar,Cucumbar(Kheera),1400,1500,1450,20-07-2024,30.6,22.1,4.8,4.8,97,62
Kullu,Bhuntar,Cucumbar(Kheera),1400,1500,1450,21-07-2024,29.8,22.2,1.9,1.9,97,66
Kullu,Bhuntar,Cucumbar(Kheera),1400,1500,1450,22-07-2024,29.4,23.1,14.5,14.5,97,71
Kullu,Bhuntar,Cucumbar(Kheera),1400,1500,1450,23-07-2024,30.1,23.1,0.3,0.3,90,63
Kullu,Bhuntar,Cucumbar(Kheera),1400,1600,1500,24-07-2024,30.4,22.9,1,1,93,68
Kullu,Bhuntar,Cucumbar(Kheera),1400,2000,1700,25-07-2024,30.4,22.4,1.4,1.4,100,65
Kullu,Bhuntar,Cucumbar(Kheera),1400,2200,1800,26-07-2024,29.7,22.5,3.3,3.3,98,66
Kullu,Bhuntar,Cucumbar(Kheera),1500,1600,1550,27-07-2024,28.9,24.3,5,5,96,70
Kullu,Bhuntar,Cucumbar(Kheera),1500,1700,1600,28-07-2024,30.4,24.2,21.9,21.9,96,65
Kullu,Bhuntar,Cucumbar(Kheera),1500,1800,1600,29-07-2024,30.5,23.1,1.8,1.8,97,68
Kullu,Bhuntar,Cucumbar(Kheera),1500,1800,1700,30-07-2024,30.6,23.6,8.7,8.7,99,68
Kullu,Bhuntar,Cucumbar(Kheera),1500,1800,1700,31-07-2024,29.7,23.1,19.4,19.4,99,71
Kullu,Bhuntar,Cucumbar(Kheera),1500,1800,1700,1/8/2024,28.9,23,26.8,26.8,97,69
Kullu,Bhuntar,Cucumbar(Kheera),1500,1800,1700,2/8/2024,28.2,21.5,9.3,9.3,99,73
Kullu,Bhuntar,Cucumbar(Kheera),1500,1800,1700,3/8/2024,27.3,22.7,7,7,98,71
Kullu,Bhuntar,Cucumbar(Kheera),1500,1800,1700,4/8/2024,26.8,22.3,4.3,4.3,94,75
Kullu,Bhuntar,Cucumbar(Kheera),1500,1800,1700,5/8/2024,28.1,22.4,8.4,8.4,97,73
Kullu,Bhuntar,Cucumbar(Kheera),1500,1800,1700,6/8/2024,28.4,22.8,1.6,1.6,98,71
Kullu,Bhuntar,Cucumbar(Kheera),1500,1800,1700,7/8/2024,28.4,22.9,43.8,43.8,97,73
Kullu,Bhuntar,Cucumbar(Kheera),1500,1800,1700,8/8/2024,26.8,22.1,1.3,1.3,96,78
Kullu,Bhuntar,Cucumbar(Kheera),1500,1800,1700,9/8/2024,27.3,22,0.5,0.5,98,73
Kullu,Bhuntar,Cucumbar(Kheera),1500,1800,1700,10/8/2024,27.5,21.8,31.5,31.5,99,77
Kullu,Bhuntar,Cucumbar(Kheera),1500,1800,1700,11/8/2024,24.6,22.4,52.5,52.5,96,79
Kullu,Bhuntar,Cucumbar(Kheera),1500,1800,1700,12/8/2024,28.6,21.1,4.5,4.5,96,71
Kullu,Bhuntar,Cucumbar(Kheera),1500,1800,1700,13-08-2024,27.8,20.6,0.6,0.6,98,73
Kullu,Bhuntar,Cucumbar(Kheera),1500,1800,1700,14-08-2024,28.8,22.4,7.1,7.1,98,72
Kullu,Bhuntar,Cucumbar(Kheera),1500,1800,1700,15-08-2024,27.6,23.3,16.1,16.1,99,80
Kullu,Bhuntar,Cucumbar(Kheera),1500,1800,1700,16-08-2024,28.7,22.1,36,36,98,76
Kullu,Bhuntar,Cucumbar(Kheera),1500,1800,1700,17-08-2024,29,21.6,8.8,8.8,97,71
Kullu,Bhuntar,Cucumbar(Kheera),1500,1800,1700,18-08-2024,28.5,20.5,12.8,12.8,98,78
Kullu,Bhuntar,Cucumbar(Kheera),1500,1800,1700,19-08-2024,27.9,21.8,8.2,8.2,97,68
Kullu,Bhuntar,Cucumbar(Kheera),1500,1800,1700,20-08-2024,28.2,22,3.5,3.5,96,68
Kullu,Bhuntar,Cucumbar(Kheera),1500,1800,1700,21-08-2024,27.9,20.6,0.4,0.4,98,67
Kullu,Bhuntar,Cucumbar(Kheera),1500,1800,1700,22-08-2024,28.1,20.7,4.9,4.9,99,73
Kullu,Bhuntar,Cucumbar(Kheera),1500,1800,1700,23-08-2024,28.3,20.2,0.9,0.9,99,71
Kullu,Bhuntar,Cucumbar(Kheera),1500,1800,1700,24-08-2024,27.6,19.3,0.5,0.5,97,74
Kullu,Bhuntar,Cucumbar(Kheera),1500,1800,1700,25-08-2024,28,21.8,1.8,1.8,89,63
Kullu,Bhuntar,Cucumbar(Kheera),1500,1800,1700,26-08-2024,27.8,21.6,3.8,3.8,97,66
Kullu,Bhuntar,Cucumbar(Kheera),1500,2000,1700,27-08-2024,28.5,21.5,8.4,8.4,93,68
Kullu,Bhuntar,Cucumbar(Kheera),1500,2000,1700,28-08-2024,28,20.4,2.1,2.1,94,72
Kullu,Bhuntar,Cucumbar(Kheera),1500,2000,1700,29-08-2024,27.5,20.7,13.1,13.1,100,71
Kullu,Bhuntar,Cucumbar(Kheera),1500,2000,1750,30-08-2024,28.4,20.1,12,12,97,71
Kullu,Bhuntar,Cucumbar(Kheera),1500,2000,1800,31-08-2024,30.2,18.6,0.4,0.4,96,57
Kullu,Bhuntar,Cucumbar(Kheera),1500,2000,1800,1/9/2024,29.3,19.5,1.8,1.8,90,67
Kullu,Bhuntar,Cucumbar(Kheera),1500,2000,1800,2/9/2024,27.3,20.3,12,12,98,75
Kullu,Bhuntar,Cucumbar(Kheera),1500,2000,1800,3/9/2024,27.1,19.6,7.9,7.9,97,74
Kullu,Bhuntar,Cucumbar(Kheera),1500,2000,1800,4/9/2024,26.1,18.3,17.8,17.8,100,70
Kullu,Bhuntar,Cucumbar(Kheera),1500,2000,1800,5/9/2024,26.9,17.5,1,1,99,73
Kullu,Bhuntar,Cucumbar(Kheera),1500,2000,1800,6/9/2024,27,19.1,7.7,7.7,98,76
Kullu,Bhuntar,Cucumbar(Kheera),1500,2000,1800,7/9/2024,27.3,18.1,10.5,10.5,95,74
Kullu,Bhuntar,Cucumbar(Kheera),1500,2000,1800,8/9/2024,27.9,18.8,9.6,9.6,95,71
Kullu,Bhuntar,Cucumbar(Kheera),1500,2000,1800,9/9/2024,28.3,18.9,5.9,5.9,92,67
Kullu,Bhuntar,Cucumbar(Kheera),1500,2000,1800,10/9/2024,27.3,19.9,8.3,8.3,89,68
Kullu,Bhuntar,Cucumbar(Kheera),1500,2000,1800,11/9/2024,27.8,19.1,26.4,26.4,94,57
Kullu,Bhuntar,Cucumbar(Kheera),1500,2000,1800,12/9/2024,29.4,20.3,0.1,0.1,83,47
Kullu,Bhuntar,Cucumbar(Kheera),1500,2000,1800,13-09-2024,27.3,18.7,5.7,5.7,92,69
Kullu,Bhuntar,Cucumbar(Kheera),1500,2000,1800,14-09-2024,26.9,17.7,8.2,8.2,98,63
Kullu,Bhuntar,Cucumbar(Kheera),1500,2000,1800,15-09-2024,26.8,17.2,0.4,0.4,91,56
Kullu,Bhuntar,Cucumbar(Kheera),1500,2000,1800,16-09-2024,27.8,14.8,0.1,0.1,96,60
Kullu,Bhuntar,Cucumbar(Kheera),1500,2000,1800,17-09-2024,28.3,19.1,0,0,93,45
Kullu,Bhuntar,Cucumbar(Kheera),1500,2000,1800,18-09-2024,23.8,18.4,1,1,87,68
Kullu,Bhuntar,Cucumbar(Kheera),1500,2000,1800,19-09-2024,27.2,21,2.2,2.2,89,53
Kullu,Bhuntar,Cucumbar(Kheera),1500,2000,1800,20-09-2024,29.6,20,0,0,99,60
Kullu,Bhuntar,Cucumbar(Kheera),1500,2200,1800,21-09-2024,28.8,17.2,0,0,98,65
Kullu,Bhuntar,Cucumbar(Kheera),1500,2500,2000,22-09-2024,29.5,19,0,0,100,61
Kullu,Bhuntar,Cucumbar(Kheera),1500,2500,2000,23-09-2024,30.7,16.7,0.1,0.1,91,52
Kullu,Bhuntar,Cucumbar(Kheera),1500,2500,2000,24-09-2024,29.8,19.2,0,0,94,62
Kullu,Bhuntar,Cucumbar(Kheera),1500,2500,2000,25-09-2024,27.4,19.2,1.6,1.6,93,70
Kullu,Bhuntar,Cucumbar(Kheera),1500,2500,2000,26-09-2024,27.5,21.1,5.6,5.6,96,66
Kullu,Bhuntar,Cucumbar(Kheera),1500,2500,2000,27-09-2024,26.2,19.3,2.6,2.6,97,68
Kullu,Bhuntar,Cucumbar(Kheera),1500,2500,2000,28-09-2024,26.7,15.5,0,0,95,63
Kullu,Bhuntar,Cucumbar(Kheera),1500,2500,2000,29-09-2024,27.1,16.2,0,0,88,70
Kullu,Bhuntar,Cucumbar(Kheera),1500,2500,2000,30-09-2024,28,15.8,0,0,88,58
Kullu,Bhuntar,Cucumbar(Kheera),1500,3000,2200,1/10/2024,27.6,17.4,0,0,89,59
Kullu,Bhuntar,Cucumbar(Kheera),1500,3000,2200,2/10/2024,26.6,14.9,0.3,0.3,97,63
Kullu,Bhuntar,Cucumbar(Kheera),1500,3000,2200,3/10/2024,27.5,14.4,0,0,94,53
Kullu,Bhuntar,Cucumbar(Kheera),1500,3000,2200,4/10/2024,26,15.5,0,0,86,52
Kullu,Bhuntar,Cucumbar(Kheera),1500,3000,2200,5/10/2024,26.1,16.1,0,0,79,49
Kullu,Bhuntar,Cucumbar(Kheera),1500,3000,2500,6/10/2024,26,16.3,0,0,67,44
Kullu,Bhuntar,Cucumbar(Kheera),1500,3000,2500,7/10/2024,26.3,16.7,0.5,0.5,84,44
Kullu,Bhuntar,Cucumbar(Kheera),1600,2000,1800,8/10/2024,25.1,14.7,4.3,4.3,86,47
Kullu,Bhuntar,Cucumbar(Kheera),1600,2200,1900,9/10/2024,25.7,14.8,0.1,0.1,77,41
Kullu,Bhuntar,Cucumbar(Kheera),1600,2200,1900,10/10/2024,25,11.4,0,0,70,38
Kullu,Bhuntar,Cucumbar(Kheera),1600,2200,1900,11/10/2024,24.7,12,0,0,67,45
Kullu,Bhuntar,Cucumbar(Kheera),1600,2200,2000,12/10/2024,25.1,14,0,0,79,48
Kullu,Bhuntar,Cucumbar(Kheera),1600,3300,2400,13-10-2024,25.1,15.2,0,0,79,49
Kullu,Bhuntar,Cucumbar(Kheera),1800,2000,1900,14-10-2024,24.1,15.1,0.3,0.3,80,51
Kullu,Bhuntar,Cucumbar(Kheera),1800,2000,1900,15-10-2024,24.4,15.1,0,0,86,43
Kullu,Bhuntar,Cucumbar(Kheera),1800,2000,1900,16-10-2024,24.4,13.2,0,0,90,58
Kullu,Bhuntar,Cucumbar(Kheera),1800,2000,1900,17-10-2024,23.9,11.2,0,0,92,49
Kullu,Bhuntar,Cucumbar(Kheera),1800,2000,1900,18-10-2024,23.4,13.8,0.2,0.2,72,52
Kullu,Bhuntar,Cucumbar(Kheera),1800,2000,1900,19-10-2024,23.7,12,0,0,73,45
Kullu,Bhuntar,Cucumbar(Kheera),1800,2000,1900,20-10-2024,23.7,12.3,0.1,0.1,76,47
Kullu,Bhuntar,Cucumbar(Kheera),1800,2000,1900,21-10-2024,23,13.5,0,0,80,51
Kullu,Bhuntar,Cucumbar(Kheera),1800,2000,1900,22-10-2024,23.2,13.9,0.6,0.6,79,51
Kullu,Bhuntar,Cucumbar(Kheera),1800,2200,2000,23-10-2024,24.9,13.9,0.1,0.1,75,31
Kullu,Bhuntar,Cucumbar(Kheera),1800,2200,2000,24-10-2024,25.6,13.1,0,0,65,30
Kullu,Bhuntar,Cucumbar(Kheera),1800,2200,2000,25-10-2024,25.2,13.7,0,0,66,35
Kullu,Bhuntar,Cucumbar(Kheera),1800,2200,2000,26-10-2024,25,14,0,0,87,32
Kullu,Bhuntar,Cucumbar(Kheera),1800,2200,2000,27-10-2024,24.7,13.8,0,0,95,53
Kullu,Bhuntar,Cucumbar(Kheera),1800,2300,2000,28-10-2024,24.3,11.7,0,0,100,48
Kullu,Bhuntar,Cucumbar(Kheera),1800,2400,2200,29-10-2024,24.8,10.3,0.4,0.4,97,47
Kullu,Bhuntar,Cucumbar(Kheera),1800,2500,2200,30-10-2024,24.2,13.9,0,0,76,48
Kullu,Bhuntar,Cucumbar(Kheera),1800,2500,2200,31-10-2024,24.2,13.6,0,0,72,45
Kullu,Bhuntar,Cucumbar(Kheera),1800,3000,2500,1/11/2024,24.5,14.4,0,0,94,43
Kullu,Bhuntar,Cucumbar(Kheera),1900,2300,2000,2/11/2024,24.8,12.2,0,0,100,52
Kullu,Bhuntar,Cucumbar(Kheera),2000,2200,2100,3/11/2024,24.3,12,0,0,89,40
Kullu,Bhuntar,Cucumbar(Kheera),2000,2200,2100,4/11/2024,23.8,13,0,0,87,53
Kullu,Bhuntar,Cucumbar(Kheera),2000,2200,2100,5/11/2024,22.5,12.4,0,0,99,61
Kullu,Bhuntar,Cucumbar(Kheera),2000,2200,2100,6/11/2024,22.8,9.4,0,0,100,59
Kullu,Bhuntar,Cucumbar(Kheera),2000,2200,2100,7/11/2024,23.5,11.1,0,0,100,56
Kullu,Bhuntar,Cucumbar(Kheera),2000,2400,2200,8/11/2024,23.1,11.5,0,0,100,56
Kullu,Bhuntar,Cucumbar(Kheera),2000,2400,2200,9/11/2024,22.2,9.4,0,0,100,57
Kullu,Bhuntar,Cucumbar(Kheera),2000,2400,2200,10/11/2024,22.2,10.2,0,0,100,54
Kullu,Bhuntar,Cucumbar(Kheera),2000,2400,2200,11/11/2024,22.6,10.2,0.6,0.6,82,37
Kullu,Bhuntar,Cucumbar(Kheera),2000,2400,2200,12/11/2024,22.1,11.3,0,0,79,44
Kullu,Bhuntar,Cucumbar(Kheera),2000,2400,2200,13-11-2024,23.6,7,0,0,91,26
Kullu,Bhuntar,Cucumbar(Kheera),2000,2400,2200,14-11-2024,24,6.2,0.3,0.3,91,26
Kullu,Bhuntar,Cucumbar(Kheera),2000,2500,2200,15-11-2024,23.6,6.5,0.1,0.1,89,31
Kullu,Bhuntar,Cucumbar(Kheera),2000,2500,2200,16-11-2024,20.8,7.7,0,0,76,36
Kullu,Bhuntar,Cucumbar(Kheera),2000,2500,2200,17-11-2024,22,3.5,0,0,76,23
Kullu,Bhuntar,Cucumbar(Kheera),2000,2500,2200,18-11-2024,22.5,5.3,0,0,86,26
Kullu,Bhuntar,Cucumbar(Kheera),2000,2500,2200,19-11-2024,22,3.4,0,0,95,34
Kullu,Bhuntar,Cucumbar(Kheera),2000,2500,2200,20-11-2024,22.2,4.9,0,0,88,32
Kullu,Bhuntar,Cucumbar(Kheera),2000,2500,2200,21-11-2024,22.3,4.8,0,0,88,30
Kullu,Bhuntar,Cucumbar(Kheera),2000,2500,2200,22-11-2024,20.1,3.8,0,0,82,31
Kullu,Bhuntar,Cucumbar(Kheera),2000,2500,2200,23-11-2024,19.3,6.5,12.1,11.9,97,39
Kullu,Bhuntar,Cucumbar(Kheera),2000,2500,2250,24-11-2024,18.9,6.3,0.2,0.2,82,39
Kullu,Bhuntar,Cucumbar(Kheera),2000,2500,2300,25-11-2024,19.6,4,0,0,81,34
Kullu,Bhuntar,Cucumbar(Kheera),2000,2500,2300,26-11-2024,19.4,4.2,0,0,91,38
Kullu,Bhuntar,Cucumbar(Kheera),2000,2500,2300,27-11-2024,19.1,4.8,0,0,94,33
Kullu,Bhuntar,Cucumbar(Kheera),2000,2500,2300,28-11-2024,20,1.9,0,0,100,30
Kullu,Bhuntar,Cucumbar(Kheera),2000,2500,2300,29-11-2024,20.7,3.2,0,0,82,28
Kullu,Bhuntar,Cucumbar(Kheera),2000,2500,2300,30-11-2024,20.2,5.2,1.1,1.1,81,26
Kullu,Bhuntar,Cucumbar(Kheera),2000,2500,2300,1/12/2024,21.3,4.3,0,0,73,19
Kullu,Bhuntar,Cucumbar(Kheera),2000,2500,2300,2/12/2024,19.9,3.2,2.6,2.6,74,26
Kullu,Bhuntar,Cucumbar(Kheera),2000,2500,2300,3/12/2024,19.3,4.4,0,0,66,26
Kullu,Bhuntar,Cucumbar(Kheera),2000,2500,2300,4/12/2024,21.2,3.5,0,0,66,16
Kullu,Bhuntar,Cucumbar(Kheera),2000,2500,2300,5/12/2024,21.3,2,0,0,77,8
Kullu,Bhuntar,Cucumbar(Kheera),2000,2500,2300,6/12/2024,20.3,1.4,0,0,59,7
Kullu,Bhuntar,Cucumbar(Kheera),2000,2500,2300,7/12/2024,17.4,2.6,0.2,0.2,67,26
Kullu,Bhuntar,Cucumbar(Kheera),2000,2600,2300,8/12/2024,14.5,-0.3,7.4,0.2,89,24
Kullu,Bhuntar,Cucumbar(Kheera),2000,3000,2500,9/12/2024,10.2,-2.8,4.6,0,83,43
Kullu,Bhuntar,Cucumbar(Kheera),2000,3000,2500,10/12/2024,10.6,-6.2,0,0,81,40
Kullu,Bhuntar,Cucumbar(Kheera),2000,3000,2500,11/12/2024,13.9,-1.6,0,0,76,32
Kullu,Bhuntar,Cucumbar(Kheera),2000,3000,2500,12/12/2024,12.1,-2,0,0,75,41
Kullu,Bhuntar,Cucumbar(Kheera),2000,3000,2500,13-12-2024,13.5,-4.3,0,0,67,25
Kullu,Bhuntar,Cucumbar(Kheera),2000,3000,2500,14-12-2024,17,-0.7,0,0,45,20
Kullu,Bhuntar,Cucumbar(Kheera),2000,3000,2500,15-12-2024,23.3,3.1,0,0,42,9
Kullu,Bhuntar,Cucumbar(Kheera),2000,3000,2500,16-12-2024,23.2,2.6,0,0,45,7
Kullu,Bhuntar,Cucumbar(Kheera),2000,3000,2500,17-12-2024,19.2,2.6,0,0,56,16
Kullu,Bhuntar,Cucumbar(Kheera),2000,3000,2500,18-12-2024,19.9,2,0,0,48,8
Kullu,Bhuntar,Cucumbar(Kheera),2000,3000,2500,19-12-2024,18.9,2.6,0,0,94,17
Kullu,Bhuntar,Cucumbar(Kheera),2000,3000,2500,20-12-2024,16.8,2,0,0,81,25
Kullu,Bhuntar,Cucumbar(Kheera),2000,3000,2500,21-12-2024,18.8,1.2,0,0,67,7
Kullu,Bhuntar,Cucumbar(Kheera),2000,3000,2500,22-12-2024,18,3,0,0,59,16
Kullu,Bhuntar,Cucumbar(Kheera),2000,3000,2500,23-12-2024,10,2.5,5.8,1,92,47
Kullu,Bhuntar,Cucumbar(Kheera),2000,3000,2500,24-12-2024,11.3,0,23.4,1,88,48
Kullu,Bhuntar,Cucumbar(Kheera),2000,3000,2500,25-12-2024,14,-4.6,0,0,80,33
Kullu,Bhuntar,Cucumbar(Kheera),2000,3000,2500,26-12-2024,13.3,-4.5,0,0,77,37
Kullu,Bhuntar,Cucumbar(Kheera),2000,3000,2500,27-12-2024,12.9,-2.9,12.3,6.1,86,49
Kullu,Bhuntar,Cucumbar(Kheera),2000,3000,2500,28-12-2024,11.1,1.6,43,13.4,92,61
Kullu,Bhuntar,Cucumbar(Kheera),2000,3000,2500,29-12-2024,14.1,-5.7,0,0,81,29
Kullu,Bhuntar,Cucumbar(Kheera),2000,3000,2500,30-12-2024,17,-6.3,0,0,83,17
Kullu,Bhuntar,Cucumbar(Kheera),2000,3200,2600,31-12-2024,17.7,-4.5,0,0,71,22
Kullu,Bhuntar,Cucumbar(Kheera),2000,3500,2700,1/1/2025,18.1,-1.6,0,0,74,21
Kullu,Bhuntar,Cucumbar(Kheera),2000,3500,2700,2/1/2025,18.7,-3.8,0,0,84,23
Kullu,Bhuntar,Cucumbar(Kheera),2000,3500,2750,3/1/2025,21.2,2.9,0,0,82,18
Kullu,Bhuntar,Cucumbar(Kheera),2200,2300,2250,4/1/2025,18.2,-0.2,0,0,88,25
Kullu,Bhuntar,Cucumbar(Kheera),2200,2500,2300,5/1/2025,16.3,0.3,0,0,79,34
Kullu,Bhuntar,Cucumbar(Kheera),2200,2500,2300,6/1/2025,11.9,-5.4,20,1.5,87,44
Kullu,Bhuntar,Cucumbar(Kheera),2200,2500,2400,7/1/2025,12.9,-6.3,0,0,74,23
Kullu,Bhuntar,Cucumbar(Kheera),2200,2500,2400,8/1/2025,13.9,-6.4,0,0,74,30
Kullu,Bhuntar,Cucumbar(Kheera),2200,2500,2400,9/1/2025,13.1,-6.4,0,0,81,35
Kullu,Bhuntar,Cucumbar(Kheera),2200,2600,2400,10/1/2025,15.9,-4,0,0,76,23
Kullu,Bhuntar,Cucumbar(Kheera),2200,3000,2500,11/1/2025,14,2,0.3,0.3,96,30
Kullu,Bhuntar,Cucumbar(Kheera),2200,3000,2500,12/1/2025,10.8,-2.5,5.3,1.4,100,52
Kullu,Bhuntar,Cucumbar(Kheera),2200,3000,2600,13-01-2025,11.9,-3.3,0,0,85,44
Kullu,Bhuntar,Cucumbar(Kheera),2200,3200,2500,14-01-2025,13.3,-3.5,0,0,77,36
Kullu,Bhuntar,Cucumbar(Kheera),2200,3200,2600,15-01-2025,17.7,-2.2,0,0,92,16
Kullu,Bhuntar,Cucumbar(Kheera),2200,3200,2700,16-01-2025,10.1,-5.7,11.4,0.8,90,63
Kullu,Bhuntar,Cucumbar(Kheera),2200,3200,2700,17-01-2025,14.5,-7.6,0,0,79,20
Kullu,Bhuntar,Cucumbar(Kheera),2200,3200,2700,18-01-2025,15.4,1.9,0.1,0.1,76,27
Kullu,Bhuntar,Cucumbar(Kheera),2200,3200,2700,19-01-2025,15.2,3.4,0,0,79,34
Kullu,Bhuntar,Cucumbar(Kheera),2200,3200,2800,20-01-2025,19.4,3.1,0,0,84,27
Kullu,Bhuntar,Cucumbar(Kheera),2200,3200,2800,21-01-2025,18.9,2.2,0.2,0.2,80,28
Kullu,Bhuntar,Cucumbar(Kheera),2200,3200,2800,22-01-2025,19,-0.4,0.2,0.2,89,18
Kullu,Bhuntar,Cucumbar(Kheera),2400,3200,2800,23-01-2025,15,-3.5,10,0.5,90,32
Kullu,Bhuntar,Cucumbar(Kheera),2400,3200,2800,24-01-2025,17.1,0.4,0,0,77,27
Kullu,Bhuntar,Cucumbar(Kheera),2400,3200,2800,25-01-2025,20,0.4,0,0,69,18
Kullu,Bhuntar,Cucumbar(Kheera),2400,3200,2900,26-01-2025,22,1.3,0,0,65,16
Kullu,Bhuntar,Cucumbar(Kheera),2500,2800,2700,27-01-2025,20.4,1.6,0,0,66,22
Kullu,Bhuntar,Cucumbar(Kheera),2500,2800,2700,28-01-2025,21.3,1.9,0,0,68,13
Kullu,Bhuntar,Cucumbar(Kheera),2500,2800,2700,29-01-2025,16.5,1.9,0,0,62,22
Kullu,Bhuntar,Cucumbar(Kheera),2500,2800,2700,30-01-2025,17.1,3.2,0.2,0.2,63,23
Kullu,Bhuntar,Cucumbar(Kheera),2500,2800,2700,31-01-2025,17.2,2.4,0.7,0.7,75,29
Kullu,Bhuntar,Cucumbar(Kheera),2500,3000,2750,1/2/2025,15.9,1,1.2,0.9,86,30
Kullu,Bhuntar,Cucumbar(Kheera),2500,3000,2800,2/2/2025,17.7,0.4,0,0,80,29
Kullu,Bhuntar,Cucumbar(Kheera),2500,3000,2800,3/2/2025,23.8,0.6,0,0,73,9
Kullu,Bhuntar,Cucumbar(Kheera),2500,3000,2800,4/2/2025,18.7,3.1,18.3,10.1,100,26
Kullu,Bhuntar,Cucumbar(Kheera),2500,3000,2800,5/2/2025,11.4,-6.8,32.5,4.9,97,47
Kullu,Bhuntar,Cucumbar(Kheera),2500,3000,2800,6/2/2025,11.9,-9.3,0,0,78,37
Kullu,Bhuntar,Cucumbar(Kheera),2500,3000,2800,7/2/2025,14.9,-8.3,0,0,84,21
Kullu,Bhuntar,Cucumbar(Kheera),2500,3000,2800,8/2/2025,14.8,-3.2,1.8,1.1,80,28
Kullu,Bhuntar,Cucumbar(Kheera),2500,3000,2800,9/2/2025,14.4,-0.8,3,3,81,41
Kullu,Bhuntar,Cucumbar(Kheera),2500,3000,2800,10/2/2025,12,-2.1,16,9,95,51
Kullu,Bhuntar,Cucumbar(Kheera),2500,3000,2800,11/2/2025,12.8,-2.7,10.6,1.6,92,44
Kullu,Bhuntar,Cucumbar(Kheera),2500,3000,2800,12/2/2025,12.5,-3.1,13.2,0,67,45
Kullu,Bhuntar,Cucumbar(Kheera),2500,3000,2800,13-02-2025,12.8,-7.2,0,0,60,36
Kullu,Bhuntar,Cucumbar(Kheera),2500,3000,2800,14-02-2025,13.5,-3,0,0,64,40
Kullu,Bhuntar,Cucumbar(Kheera),2500,3000,2800,15-02-2025,11.8,1.5,1.4,0.7,73,53
Kullu,Bhuntar,Cucumbar(Kheera),2500,3000,2800,16-02-2025,14,-1.7,0,0,79,41
Kullu,Bhuntar,Cucumbar(Kheera),2500,3000,2800,17-02-2025,18.3,-1.5,0,0,79,21
Kullu,Bhuntar,Cucumbar(Kheera),2500,3000,2800,18-02-2025,19.3,1.7,0,0,80,20
Kullu,Bhuntar,Cucumbar(Kheera),2500,3000,2800,19-02-2025,20.2,1.6,2.6,1.8,79,19
Kullu,Bhuntar,Cucumbar(Kheera),2500,3000,2800,20-02-2025,11,5.4,38.4,12.8,94,57
Kullu,Bhuntar,Cucumbar(Kheera),2500,3000,2800,21-02-2025,13.1,-4.8,4.3,1.2,84,37
Kullu,Bhuntar,Cucumbar(Kheera),2500,3000,2800,22-02-2025,13.7,-1.2,9.7,6.7,91,36
Kullu,Bhuntar,Cucumbar(Kheera),2500,3000,2800,23-02-2025,18.3,-0.5,0.1,0.1,87,28
Kullu,Bhuntar,Cucumbar(Kheera),2500,3000,2800,24-02-2025,18.8,2.3,0,0,83,25
Kullu,Bhuntar,Cucumbar(Kheera),2500,3000,2800,25-02-2025,18.2,4,1.4,1.4,79,32
Kullu,Bhuntar,Cucumbar(Kheera),2500,3000,2800,26-02-2025,14.6,6.2,56.6,48.9,100,73
Kullu,Bhuntar,Cucumbar(Kheera),2500,3000,2800,27-02-2025,10,6,57,52,100,79
Kullu,Bhuntar,Cucumbar(Kheera),2500,3000,2800,28-02-2025,9.4,5.8,103.5,87.7,100,83
Kullu,Bhuntar,Cucumbar(Kheera),2500,3000,2800,1/3/2025,14.5,-1.7,7.5,5,100,43
Kullu,Bhuntar,Cucumbar(Kheera),2500,3000,2800,2/3/2025,17.1,-5,0,0,74,27
Kullu,Bhuntar,Cucumbar(Kheera),2500,3000,2800,3/3/2025,10.9,-3.3,32.1,4.4,85,44
Kullu,Bhuntar,Cucumbar(Kheera),2500,3000,2800,4/3/2025,13.3,0.3,15.9,4.6,93,37
Kullu,Bhuntar,Cucumbar(Kheera),2500,3000,2800,5/3/2025,15.6,-7,0,0,71,27
Kullu,Bhuntar,Cucumbar(Kheera),2500,3000,2800,6/3/2025,17.8,-1,0,0,69,28
Kullu,Bhuntar,Cucumbar(Kheera),2500,3200,2800,7/3/2025,18.2,-3,0.2,0.2,75,23
Kullu,Bhuntar,Cucumbar(Kheera),2500,3200,2800,8/3/2025,16,-0.2,0,0,76,32
Kullu,Bhuntar,Cucumbar(Kheera),2500,3200,2900,9/3/2025,20.3,0.5,0.2,0.2,72,28
Kullu,Bhuntar,Cucumbar(Kheera),2500,3400,3000,10/3/2025,21.5,6.1,2.7,2.7,88,31
Kullu,Bhuntar,Cucumbar(Kheera),2500,3500,3000,11/3/2025,20.9,5,36.7,25,94,42
Kullu,Bhuntar,Cucumbar(Kheera),2500,3500,3000,12/3/2025,22.2,3,4.2,4.2,90,34
Kullu,Bhuntar,Cucumbar(Kheera),2500,3500,3000,13-03-2025,19.8,4.5,19.1,18.9,98,38
Kullu,Bhuntar,Cucumbar(Kheera),2500,3500,3000,14-03-2025,21.6,3.3,16.1,12.5,95,29
Kullu,Bhuntar,Cucumbar(Kheera),2500,3500,3000,15-03-2025,16.9,4.6,68.2,29.8,100,55
Kullu,Bhuntar,Cucumbar(Kheera),2500,3500,3200,16-03-2025,16.7,-2.6,13.5,3.9,91,34
Kullu,Bhuntar,Cucumbar(Kheera),2500,4000,3000,17-03-2025,16.6,-3.3,0.2,0.2,80,31
Kullu,Bhuntar,Cucumbar(Kheera),2500,4000,3500,18-03-2025,16.1,0,0.4,0.4,74,38
Kullu,Bhuntar,Cucumbar(Kheera),2500,4000,3500,19-03-2025,20.3,2.6,0.1,0.1,81,26
Kullu,Bhuntar,Cucumbar(Kheera),2500,4000,3500,20-03-2025,21.7,2.2,0,0,80,24
Kullu,Bhuntar,Cucumbar(Kheera),2500,4000,3500,21-03-2025,21.4,2.8,0.2,0.2,78,23
Kullu,Bhuntar,Cucumbar(Kheera),2500,4000,3500,22-03-2025,23.5,3.7,0,0,68,13
Kullu,Bhuntar,Cucumbar(Kheera),2600,4000,3200,23-03-2025,24.2,4.3,0,0,54,15
Kullu,Bhuntar,Cucumbar(Kheera),2600,4000,3250,24-03-2025,25.4,6.3,0,0,72,21
Kullu,Bhuntar,Cucumbar(Kheera),2600,4000,3400,25-03-2025,25.4,8,0.2,0.2,79,36
Kullu,Bhuntar,Cucumbar(Kheera),2800,3500,3200,26-03-2025,25.5,9.7,4.6,4.6,93,25
Kullu,Bhuntar,Cucumbar(Kheera),2800,3500,3200,27-03-2025,25.8,7.3,3.7,3.7,93,29
Kullu,Bhuntar,Cucumbar(Kheera),2800,3500,3200,28-03-2025,23.2,3.8,8.2,5.5,90,22
Kullu,Bhuntar,Cucumbar(Kheera),3000,3200,3100,29-03-2025,25.9,1.6,0,0,87,13
Kullu,Bhuntar,Cucumbar(Kheera),3000,3200,3100,30-03-2025,26,7.2,0.7,0.7,67,18
Kullu,Bhuntar,Cucumbar(Kheera),3000,3400,3200,31-03-2025,24.9,5.4,0.9,0.9,70,19
Kullu,Bhuntar,Cucumbar(Kheera),3000,3500,3200,1/4/2025,25.5,5.4,0.2,0.2,68,15
Kullu,Bhuntar,Cucumbar(Kheera),3000,3500,3200,2/4/2025,24.6,5.3,2.1,2.1,65,19
Kullu,Bhuntar,Cucumbar(Kheera),3000,3500,3200,3/4/2025,25.3,5.6,0,0,70,15
Kullu,Bhuntar,Cucumbar(Kheera),3000,3500,3200,4/4/2025,25.3,6.9,0,0,70,20
Kullu,Bhuntar,Cucumbar(Kheera),3000,3500,3250,5/4/2025,27.5,7.1,0,0,62,14
Kullu,Bhuntar,Cucumbar(Kheera),3000,3500,3250,6/4/2025,29.6,8.2,0,0,66,15
Kullu,Bhuntar,Cucumbar(Kheera),3000,3500,3300,7/4/2025,29.6,10.6,0,0,71,24
Kullu,Bhuntar,Cucumbar(Kheera),3000,3500,3300,8/4/2025,28.8,10.9,0,0,78,28
Kullu,Bhuntar,Cucumbar(Kheera),3000,3500,3300,9/4/2025,27.2,11.1,3.4,3.4,84,33
Kullu,Bhuntar,Cucumbar(Kheera),3000,3500,3300,10/4/2025,26.3,9.5,1.4,1.4,91,29
Kullu,Bhuntar,Cucumbar(Kheera),3000,3500,3300,11/4/2025,24.9,9.8,0.2,0.2,82,31
Kullu,Bhuntar,Cucumbar(Kheera),3000,3500,3300,12/4/2025,21.4,10,4.9,4.9,91,44
Kullu,Bhuntar,Cucumbar(Kheera),3000,3500,3300,13-04-2025,25.8,8.7,0,0,82,35
Kullu,Bhuntar,Cucumbar(Kheera),3000,3500,3300,14-04-2025,27,9,0,0,87,41
Kullu,Bhuntar,Cucumbar(Kheera),3000,3500,3300,15-04-2025,25.4,11.3,1.4,1.4,87,49
Kullu,Bhuntar,Cucumbar(Kheera),3000,3500,3300,16-04-2025,25.8,10.5,1.6,1.6,93,47
Kullu,Bhuntar,Cucumbar(Kheera),3000,3500,3300,17-04-2025,27.9,11.1,0,0,89,33
Kullu,Bhuntar,Cucumbar(Kheera),3000,3500,3300,18-04-2025,28.8,11.3,0.2,0.2,81,27
Kullu,Bhuntar,Cucumbar(Kheera),3000,3500,3300,19-04-2025,22,10.8,46.4,46.4,96,52
Kullu,Bhuntar,Cucumbar(Kheera),3000,3500,3300,20-04-2025,18.7,9,90.2,90.2,94,69
Kullu,Bhuntar,Cucumbar(Kheera),3000,3500,3300,21-04-2025,27.6,5.7,8.9,8.9,94,26
Kullu,Bhuntar,Cucumbar(Kheera),3000,3500,3300,22-04-2025,27.8,6.7,0.7,0.7,95,24
Kullu,Bhuntar,Cucumbar(Kheera),3000,3800,3500,23-04-2025,27.3,7.6,0,0,75,26
Kullu,Bhuntar,Cucumbar(Kheera),3000,4000,3500,24-04-2025,27.1,8.3,0.2,0.2,70,19
Kullu,Bhuntar,Cucumbar(Kheera),3000,4000,3500,25-04-2025,26.7,7.5,1.3,1.3,87,23
Kullu,Bhuntar,Cucumbar(Kheera),3000,4000,3500,26-04-2025,28.8,8.2,0,0,58,16
Kullu,Bhuntar,Cucumbar(Kheera),3000,4000,3500,27-04-2025,28.8,9.2,0,0,51,17
Kullu,Bhuntar,Cucumbar(Kheera),3000,4000,3500,28-04-2025,29.4,9.8,0,0,58,23
Kullu,Bhuntar,Cucumbar(Kheera),3000,4000,3500,29-04-2025,28.1,11.1,0,0,72,30
Kullu,Bhuntar,Cucumbar(Kheera),3000,4000,3500,30-04-2025,27.6,11.3,0,0,82,46
Kullu,Bhuntar,Cucumbar(Kheera),3000,4000,3500,1/5/2025,25.9,13.4,0,0,86,47
Kullu,Bhuntar,Cucumbar(Kheera),3000,4000,3500,2/5/2025,24.2,10.8,4.8,4.8,96,53
Kullu,Bhuntar,Cucumbar(Kheera),3000,4000,3500,3/5/2025,24.3,13.1,9,9,94,45
Kullu,Bhuntar,Cucumbar(Kheera),3000,4000,3500,4/5/2025,26.8,12.4,1.4,1.4,80,37
Kullu,Bhuntar,Cucumbar(Kheera),3000,4000,3500,5/5/2025,26.1,13.2,9.7,9.7,95,48
Kullu,Bhuntar,Cucumbar(Kheera),3000,4000,3500,6/5/2025,26.2,12.4,5.6,5.6,92,45
Kullu,Bhuntar,Cucumbar(Kheera),3000,4000,3500,7/5/2025,24.6,14.1,1.8,1.8,86,48
Kullu,Bhuntar,Cucumbar(Kheera),3000,4000,3500,8/5/2025,26.2,14.3,2.4,2.4,87,47
Kullu,Bhuntar,Cucumbar(Kheera),3000,4000,3500,9/5/2025,27.8,13.2,5.3,5.3,95,41
Kullu,Bhuntar,Cucumbar(Kheera),3000,4000,3500,10/5/2025,27.5,14.3,2.3,2.3,85,40
Kullu,Bhuntar,Cucumbar(Kheera),3000,5000,4000,11/5/2025,27.6,13.6,0.7,0.7,83,40
Kullu,Bhuntar,Cucumbar(Kheera),3000,5000,4000,12/5/2025,26.2,11.8,0.7,0.7,84,40
Kullu,Bhuntar,Cucumbar(Kheera),3000,5000,4000,13-05-2025,28.6,11.3,2.2,2.2,72,30
Kullu,Bhuntar,Cucumbar(Kheera),3200,3400,3300,14-05-2025,29.2,12.1,0.1,0.1,76,30
Kullu,Bhuntar,Cucumbar(Kheera),3200,4000,3500,15-05-2025,30.3,12,0,0,75,27
Kullu,Bhuntar,Cucumbar(Kheera),3500,4000,3800,16-05-2025,29.5,13.1,0.1,0.1,67,28
Kullu,Bhuntar,Cucumbar(Kheera),3500,4000,3800,17-05-2025,30.8,13.1,0.7,0.7,71,28
Kullu,Bhuntar,Cucumbar(Kheera),3500,4000,3800,18-05-2025,30.5,13.2,0.1,0.1,80,36
Kullu,Bhuntar,Cucumbar(Kheera),3500,4000,3800,19-05-2025,30.7,13.6,2.7,2.7,95,29
Kullu,Bhuntar,Cucumbar(Kheera),3500,4000,3800,20-05-2025,30.2,12.9,0,0,71,29
Kullu,Bhuntar,Cucumbar(Kheera),3500,4000,3800,21-05-2025,30,14.1,0,0,74,35
Kullu,Bhuntar,Cucumbar(Kheera),3500,4000,3800,22-05-2025,30.4,14.6,0,0,79,38
Kullu,Bhuntar,Cucumbar(Kheera),3500,4000,3800,23-05-2025,30.4,15.7,0,0,90,48
Kullu,Bhuntar,Cucumbar(Kheera),3500,4000,3800,24-05-2025,28.6,16.9,1.3,1.3,99,45
Kullu,Bhuntar,Cucumbar(Kheera),3500,4000,3800,25-05-2025,27.9,18.2,4.6,4.6,95,43
Kullu,Bhuntar,Cucumbar(Kheera),3500,4000,3800,26-05-2025,29.1,15.2,0,0,80,42
Kullu,Bhuntar,Cucumbar(Kheera),3500,4000,3800,27-05-2025,28.1,16.9,2.4,2.4,87,58
Kullu,Bhuntar,Cucumbar(Kheera),3500,4000,3800,28-05-2025,27.8,18.4,3.3,3.3,89,54
Kullu,Bhuntar,Cucumbar(Kheera),3500,4000,3800,29-05-2025,30.3,14.6,0.3,0.3,81,33
Kullu,Bhuntar,Cucumbar(Kheera),3500,4000,3800,30-05-2025,28.8,14.3,3.5,3.5,97,30
Kullu,Bhuntar,Cucumbar(Kheera),3500,4000,3800,31-05-2025,31,13.8,0,0,71,20
Kullu,Bhuntar,Cucumbar(Kheera),3500,4000,3800,1/6/2025,27.4,12.8,1.5,1.5,67,26
Kullu,Bhuntar,Cucumbar(Kheera),3500,4000,3800,2/6/2025,26.8,10.9,2.3,2.3,74,27
Kullu,Bhuntar,Cucumbar(Kheera),3500,4000,3800,3/6/2025,23.5,14.3,3.1,3.1,93,40
Kullu,Bhuntar,Cucumbar(Kheera),3500,4000,3800,4/6/2025,24.1,13.6,19.3,19.3,95,49
Kullu,Bhuntar,Cucumbar(Kheera),3500,4000,3800,5/6/2025,25.5,11.5,0.1,0.1,95,40
Kullu,Bhuntar,Cucumbar(Kheera),3500,4000,3800,6/6/2025,28.4,13.3,0,0,79,45
Kullu,Bhuntar,Cucumbar(Kheera),3500,4000,3800,7/6/2025,29.5,14.3,0,0,85,50
Kullu,Bhuntar,Cucumbar(Kheera),3500,4000,3800,8/6/2025,31.3,15.1,0,0,94,49
Kullu,Bhuntar,Cucumbar(Kheera),3500,4000,3800,9/6/2025,32.7,16.1,0.2,0.2,87,34
Kullu,Bhuntar,Cucumbar(Kheera),3500,4500,4000,10/6/2025,33.1,16.2,0.1,0.1,85,38
Kullu,Bhuntar,Cucumbar(Kheera),3500,4500,4000,11/6/2025,32.4,17.6,0,0,81,40
Kullu,Bhuntar,Cucumbar(Kheera),3500,4500,4000,12/6/2025,31.8,18.6,0.3,0.3,85,46
Kullu,Bhuntar,Cucumbar(Kheera),3500,4500,4000,13-06-2025,31.7,19.1,5.4,5.4,95,48
Kullu,Bhuntar,Cucumbar(Kheera),3500,4500,4000,14-06-2025,31.4,17.5,0,0,82,46
Kullu,Bhuntar,Cucumbar(Kheera),3500,4500,4000,15-06-2025,31,18.5,0.4,0.4,94,45
Kullu,Bhuntar,Cucumbar(Kheera),3500,4500,4000,16-06-2025,29,20,9.9,9.9,98,51
Kullu,Bhuntar,Cucumbar(Kheera),3500,4500,4000,17-06-2025,23.7,20.4,18.1,18.1,99,83
Kullu,Bhuntar,Cucumbar(Kheera),3500,4500,4000,18-06-2025,30.1,21,7.6,7.6,94,53
Kullu,Bhuntar,Cucumbar(Kheera),3500,4500,4000,19-06-2025,31.2,17.6,1.2,1.2,92,53
Kullu,Bhuntar,Cucumbar(Kheera),3500,4500,4000,20-06-2025,28.5,22.6,8.1,8.1,99,73
Kullu,Bhuntar,Cucumbar(Kheera),3500,4500,4000,21-06-2025,28,23.2,5.5,5.5,98,74
Kullu,Bhuntar,Cucumbar(Kheera),3500,4500,4000,22-06-2025,30,22.5,9.2,9.2,94,64
Kullu,Bhuntar,Cucumbar(Kheera),3500,5000,4000,23-06-2025,30.3,21.7,0.4,0.4,93,57
Kullu,Bhuntar,Cucumbar(Kheera),3500,5000,4500,24-06-2025,29.3,21.6,0.3,0.3,98,66
Kullu,Bhuntar,Cucumbar(Kheera),3500,5000,4500,25-06-2025,28.4,23.1,37.8,37.8,100,68
Kullu,Bhuntar,Cucumbar(Kheera),3500,5000,4500,26-06-2025,29.9,22.1,5.4,5.4,96,65
Kullu,Bhuntar,Cucumbar(Kheera),3500,5500,4500,27-06-2025,29.5,22.3,7.2,7.2,98,60
Kullu,Bhuntar,Cucumbar(Kheera),3500,5500,4500,28-06-2025,29.4,22,14.2,14.2,99,63
Kullu,Bhuntar,Cucumbar(Kheera),3500,5500,4500,29-06-2025,28.3,22.5,8.8,8.8,99,69
Kullu,Bhuntar,Cucumbar(Kheera),4000,4100,4050,30-06-2025,27.1,21.8,26.2,26.2,98,75
Azamgarh,Azamgarh,Potato,625,740,670,2/4/2024,37.5,22.2,0,0,36,8
Azamgarh,Azamgarh,Potato,625,775,700,3/4/2024,38.4,23.3,0,0,35,11
Azamgarh,Azamgarh,Potato,625,775,700,4/4/2024,40.6,24.2,0,0,31,12
Azamgarh,Azamgarh,Potato,625,775,700,5/4/2024,40.1,24.2,0,0,37,10
Azamgarh,Azamgarh,Potato,625,775,700,6/4/2024,39,26.5,0,0,31,12
Azamgarh,Azamgarh,Potato,625,775,700,7/4/2024,38.2,21.8,0,0,33,11
Azamgarh,Azamgarh,Potato,625,775,700,8/4/2024,38.6,20.5,0,0,41,8
Azamgarh,Azamgarh,Potato,625,825,750,9/4/2024,38.9,21.7,0,0,53,10
Azamgarh,Azamgarh,Potato,630,780,705,10/4/2024,38,24.4,0.1,0.1,36,11
Azamgarh,Azamgarh,Potato,635,785,710,11/4/2024,38.7,24,0,0,36,11
Azamgarh,Azamgarh,Potato,635,785,710,12/4/2024,38.3,22.9,0,0,46,13
Azamgarh,Azamgarh,Potato,650,770,700,13-04-2024,38.4,23.9,0,0,49,17
Azamgarh,Azamgarh,Potato,650,800,725,14-04-2024,38.5,25.3,0,0,47,21
Azamgarh,Azamgarh,Potato,650,800,725,15-04-2024,40.3,25.8,0,0,45,18
Azamgarh,Azamgarh,Potato,650,800,725,16-04-2024,40.8,27.2,0,0,47,14
Azamgarh,Azamgarh,Potato,650,810,730,17-04-2024,39.3,26.5,0,0,35,6
Azamgarh,Azamgarh,Potato,650,825,735,18-04-2024,39.9,25.6,0,0,24,13
Azamgarh,Azamgarh,Potato,660,760,720,19-04-2024,42.2,27.9,0,0,30,11
Azamgarh,Azamgarh,Potato,660,780,700,20-04-2024,42.6,28.8,0,0,24,10
Azamgarh,Azamgarh,Potato,665,815,740,21-04-2024,40.8,25.6,0,0,25,9
Azamgarh,Azamgarh,Potato,675,825,740,22-04-2024,40.8,28.3,0,0,30,13
Azamgarh,Azamgarh,Potato,675,825,750,23-04-2024,40.8,27.9,0,0,39,12
Azamgarh,Azamgarh,Potato,675,825,750,24-04-2024,41,24.7,0,0,31,10
Azamgarh,Azamgarh,Potato,675,825,750,25-04-2024,41.4,25.4,0,0,25,9
Azamgarh,Azamgarh,Potato,675,825,750,26-04-2024,42.9,25.6,0,0,25,8
Azamgarh,Azamgarh,Potato,680,760,720,27-04-2024,41.7,29.6,0,0,32,15
Azamgarh,Azamgarh,Potato,680,800,730,28-04-2024,42.2,27.4,0,0,32,10
Azamgarh,Azamgarh,Potato,680,800,730,29-04-2024,42.7,26,0,0,27,10
Azamgarh,Azamgarh,Potato,680,800,730,30-04-2024,42.8,26.9,0,0,29,9
Azamgarh,Azamgarh,Potato,685,835,760,1/5/2024,40.6,26.5,0,0,22,9
Azamgarh,Azamgarh,Potato,700,800,750,2/5/2024,38,24.4,0,0,23,9
Azamgarh,Azamgarh,Potato,700,800,750,3/5/2024,39.8,22.8,0,0,34,9
Azamgarh,Azamgarh,Potato,700,800,750,4/5/2024,41.3,24.7,0,0,31,9
Azamgarh,Azamgarh,Potato,700,850,775,5/5/2024,43.3,25.8,0,0,33,8
Azamgarh,Azamgarh,Potato,700,850,775,6/5/2024,40,27,0,0,66,17
Azamgarh,Azamgarh,Potato,700,850,775,7/5/2024,35.2,25.3,0.4,0.4,75,39
Azamgarh,Azamgarh,Potato,700,860,780,8/5/2024,34.8,23.9,0.9,0.9,76,38
Azamgarh,Azamgarh,Potato,700,870,785,9/5/2024,34.1,24.2,4.3,4.3,78,44
Azamgarh,Azamgarh,Potato,700,870,785,10/5/2024,34.8,25.2,0.2,0.2,83,37
Azamgarh,Azamgarh,Potato,710,810,760,11/5/2024,37.1,26,0,0,70,38
Azamgarh,Azamgarh,Potato,720,820,765,12/5/2024,34.6,24.6,0,0,82,44
Azamgarh,Azamgarh,Potato,725,875,800,13-05-2024,35.8,26.3,0.8,0.8,78,37
Azamgarh,Azamgarh,Potato,725,875,800,14-05-2024,39.5,25.9,0,0,75,24
Azamgarh,Azamgarh,Potato,725,875,800,15-05-2024,42.1,27.2,0,0,65,14
Azamgarh,Azamgarh,Potato,730,840,780,16-05-2024,41.8,26.8,0,0,70,16
Azamgarh,Azamgarh,Potato,740,890,815,17-05-2024,41.9,26.8,0,0,47,15
Azamgarh,Azamgarh,Potato,765,915,840,18-05-2024,43.1,30,0,0,47,17
Azamgarh,Azamgarh,Potato,775,925,850,19-05-2024,42.8,27.3,0,0,60,17
Azamgarh,Azamgarh,Potato,785,935,860,20-05-2024,39.1,28.7,0,0,67,33
Azamgarh,Azamgarh,Potato,800,900,850,21-05-2024,38.3,27.3,0,0,74,37
Azamgarh,Azamgarh,Potato,800,950,875,22-05-2024,37.1,27.8,0.7,0.7,73,39
Azamgarh,Azamgarh,Potato,800,950,875,23-05-2024,34.8,25.3,0.9,0.9,81,51
Azamgarh,Azamgarh,Potato,800,970,885,24-05-2024,38.3,28.3,1.3,1.3,75,39
Azamgarh,Azamgarh,Potato,800,970,885,25-05-2024,41,30.1,0,0,66,29
Azamgarh,Azamgarh,Potato,825,975,900,26-05-2024,40.8,30.6,0,0,57,33
Azamgarh,Azamgarh,Potato,850,1000,920,27-05-2024,39.9,30.6,0.2,0.2,67,37
Azamgarh,Azamgarh,Potato,865,1015,940,28-05-2024,43.4,29.3,0,0,68,23
Azamgarh,Azamgarh,Potato,875,1025,950,29-05-2024,44.1,29.8,0,0,72,16
Azamgarh,Azamgarh,Potato,875,1025,950,30-05-2024,44.1,31.8,0,0,74,21
Azamgarh,Azamgarh,Potato,885,1035,960,31-05-2024,42.2,31,0,0,78,27
Azamgarh,Azamgarh,Potato,890,1040,965,1/6/2024,40.8,29.1,0,0,77,37
Azamgarh,Azamgarh,Potato,900,1000,950,2/6/2024,39.4,27.9,0,0,82,35
Azamgarh,Azamgarh,Potato,900,1000,950,3/6/2024,40.6,28.5,0,0,78,22
Azamgarh,Azamgarh,Potato,900,1020,960,4/6/2024,40.2,27.6,1.9,1.9,77,35
Azamgarh,Azamgarh,Potato,900,1050,975,5/6/2024,38.4,28.2,0,0,77,40
Azamgarh,Azamgarh,Potato,900,1050,975,6/6/2024,38.4,26.5,0.1,0.1,83,35
Azamgarh,Azamgarh,Potato,900,1060,980,7/6/2024,41,27.5,0.1,0.1,76,24
Azamgarh,Azamgarh,Potato,900,1060,985,8/6/2024,41.6,26.6,0,0,78,23
Azamgarh,Azamgarh,Potato,900,1070,985,9/6/2024,42.4,26.9,0,0,70,19
Azamgarh,Azamgarh,Potato,920,1030,980,10/6/2024,42.8,27.5,0,0,78,14
Azamgarh,Azamgarh,Potato,920,1040,985,11/6/2024,42.9,27.5,0,0,75,16
Azamgarh,Azamgarh,Potato,925,1050,985,12/6/2024,42.5,29.4,0,0,76,22
Azamgarh,Azamgarh,Potato,925,1075,1000,13-06-2024,43.9,28.7,0,0,81,16
Azamgarh,Azamgarh,Potato,925,1075,1000,14-06-2024,43.7,29.2,0,0,82,20
Azamgarh,Azamgarh,Potato,940,1100,1015,15-06-2024,43.3,29.6,0,0,78,22
Azamgarh,Azamgarh,Potato,950,1100,1010,16-06-2024,44.9,28.7,0,0,80,17
Azamgarh,Azamgarh,Potato,950,1100,1025,17-06-2024,44,29.8,0,0,76,20
Azamgarh,Azamgarh,Potato,960,1100,1025,18-06-2024,44.8,32.2,0,0,57,20
Azamgarh,Azamgarh,Potato,960,1110,1015,19-06-2024,41.8,31.5,1,1,62,28
Azamgarh,Azamgarh,Potato,960,1110,1035,20-06-2024,33.8,27.6,8.9,8.9,90,57
Azamgarh,Azamgarh,Potato,975,1125,1050,21-06-2024,35.1,26,5.8,5.8,95,54
Azamgarh,Azamgarh,Potato,975,1125,1050,22-06-2024,35.6,27.5,0,0,83,54
Azamgarh,Azamgarh,Potato,975,1125,1050,23-06-2024,36.7,27.6,4.4,4.4,87,51
Azamgarh,Azamgarh,Potato,990,1140,1065,24-06-2024,36.5,27.9,9.6,9.6,92,51
Azamgarh,Azamgarh,Potato,1000,1110,1060,25-06-2024,35.3,27,8.8,8.8,93,57
Azamgarh,Azamgarh,Potato,1000,1230,1140,26-06-2024,33.5,26.8,14.6,14.6,96,64
Azamgarh,Azamgarh,Potato,1020,1140,1080,27-06-2024,35.2,26.4,11.6,11.6,93,60
Azamgarh,Azamgarh,Potato,1020,1160,1090,28-06-2024,33.5,26.8,14.5,14.5,95,66
Azamgarh,Azamgarh,Potato,1025,1175,1100,29-06-2024,33.2,26.9,20.2,20.2,97,68
Azamgarh,Azamgarh,Potato,1035,1185,1110,30-06-2024,33.2,27.1,1,1,92,63
Azamgarh,Azamgarh,Potato,1050,1180,1130,1/7/2024,32.8,26.2,5.8,5.8,93,68
Azamgarh,Azamgarh,Potato,1060,1210,1135,2/7/2024,31.6,26.2,25.5,25.5,98,72
Azamgarh,Azamgarh,Potato,1075,1225,1145,3/7/2024,29.3,26.2,22.2,22.2,97,81
Azamgarh,Azamgarh,Potato,1075,1225,1150,4/7/2024,30.3,26.1,22.3,22.3,97,77
Azamgarh,Azamgarh,Potato,1075,1225,1150,5/7/2024,31.2,25.3,34.4,34.4,99,72
Azamgarh,Azamgarh,Potato,1075,1230,1160,6/7/2024,31.6,25.8,32.8,32.8,97,69
Azamgarh,Azamgarh,Potato,1090,1190,1145,7/7/2024,31.4,25.8,23.2,23.2,97,74
Azamgarh,Azamgarh,Potato,1090,1210,1150,8/7/2024,33.2,26.1,8.8,8.8,97,68
Azamgarh,Azamgarh,Potato,1100,1200,1150,9/7/2024,34.3,26.2,4.2,4.2,97,64
Azamgarh,Azamgarh,Potato,1100,1210,1160,10/7/2024,33.2,26.4,15.9,15.9,97,70
Azamgarh,Azamgarh,Potato,1100,1220,1160,11/7/2024,33.4,26.1,28.7,28.7,97,69
Azamgarh,Azamgarh,Potato,1100,1220,1165,12/7/2024,31.1,26,13.3,13.3,95,75
Azamgarh,Azamgarh,Potato,1100,1230,1165,13-07-2024,31.7,25.6,5.8,5.8,95,70
Azamgarh,Azamgarh,Potato,1100,1250,1190,14-07-2024,32.8,25.7,13.7,13.7,99,70
Azamgarh,Azamgarh,Potato,1110,1240,1175,15-07-2024,34.6,26.2,10.9,10.9,96,59
Azamgarh,Azamgarh,Potato,1110,1260,1185,16-07-2024,33.9,28.5,0.7,0.7,84,61
Azamgarh,Azamgarh,Potato,1120,1230,1170,17-07-2024,33.3,28,0,0,86,67
Azamgarh,Azamgarh,Potato,1120,1230,1170,18-07-2024,35.3,28.1,0.4,0.4,90,61
Azamgarh,Azamgarh,Potato,1120,1230,1170,19-07-2024,34.5,28,0.6,0.6,93,64
Azamgarh,Azamgarh,Potato,1120,1240,1175,20-07-2024,35.3,28.3,2.1,2.1,91,58
Azamgarh,Azamgarh,Potato,1120,1240,1180,21-07-2024,34.2,28.3,0.5,0.5,84,58
Azamgarh,Azamgarh,Potato,1120,1250,1190,22-07-2024,34.5,28.4,1.1,1.1,86,58
Azamgarh,Azamgarh,Potato,1125,1275,1200,23-07-2024,33.8,27.3,6.7,6.7,92,61
Azamgarh,Azamgarh,Potato,1125,1275,1200,24-07-2024,34.4,26.7,2,2,95,59
Azamgarh,Azamgarh,Potato,1125,1275,1200,25-07-2024,34.2,27.3,3,3,91,64
Azamgarh,Azamgarh,Potato,1125,1275,1200,26-07-2024,34.4,27,1.8,1.8,98,65
Azamgarh,Azamgarh,Potato,1125,1275,1200,27-07-2024,35.1,27.5,10.5,10.5,93,62
Azamgarh,Azamgarh,Potato,1125,1275,1200,28-07-2024,34.6,28.8,0.5,0.5,82,60
Azamgarh,Azamgarh,Potato,1125,1275,1200,29-07-2024,35.7,28.2,0.7,0.7,87,55
Azamgarh,Azamgarh,Potato,1125,1275,1200,30-07-2024,35.5,27,9.3,9.3,96,59
Azamgarh,Azamgarh,Potato,1125,1275,1200,31-07-2024,33.4,26.3,4.6,4.6,96,65
Azamgarh,Azamgarh,Potato,1130,1250,1190,1/8/2024,32.1,25.9,18.6,18.6,98,74
Azamgarh,Azamgarh,Potato,1130,1325,1200,2/8/2024,31.5,25.8,4,4,97,65
Azamgarh,Azamgarh,Potato,1135,1235,1175,3/8/2024,30.4,26.4,9.1,9.1,89,73
Azamgarh,Azamgarh,Potato,1140,1260,1200,4/8/2024,32,26.2,4,4,89,68
Azamgarh,Azamgarh,Potato,1140,1260,1200,5/8/2024,32.7,26.1,0.2,0.2,95,63
Azamgarh,Azamgarh,Potato,1140,1260,1200,6/8/2024,30.7,26.6,3.9,3.9,97,75
Azamgarh,Azamgarh,Potato,1140,1260,1200,7/8/2024,32,25.4,4,4,99,68
Azamgarh,Azamgarh,Potato,1140,1270,1210,8/8/2024,30.6,25.3,28,28,97,72
Azamgarh,Azamgarh,Potato,1140,1300,1215,9/8/2024,30.2,25.6,31.1,31.1,98,77
Azamgarh,Azamgarh,Potato,1140,1300,1215,10/8/2024,30.9,25.1,11.9,11.9,98,71
Azamgarh,Azamgarh,Potato,1140,1300,1215,11/8/2024,30.3,24.9,20.2,20.2,97,81
Azamgarh,Azamgarh,Potato,1150,1250,1200,12/8/2024,31,25.8,7.7,7.7,98,75
Azamgarh,Azamgarh,Potato,1150,1250,1200,13-08-2024,32.1,25.9,11.9,11.9,99,72
Azamgarh,Azamgarh,Potato,1150,1250,1200,14-08-2024,30.7,25.9,9.6,9.6,98,74
Azamgarh,Azamgarh,Potato,1150,1260,1210,15-08-2024,32.9,26.2,6.8,6.8,99,69
Azamgarh,Azamgarh,Potato,1150,1270,1210,16-08-2024,33.4,25.8,3.5,3.5,99,64
Azamgarh,Azamgarh,Potato,1150,1270,1210,17-08-2024,33.1,25.6,4.8,4.8,97,65
Azamgarh,Azamgarh,Potato,1150,1280,1210,18-08-2024,32.3,25.1,28,28,98,64
Azamgarh,Azamgarh,Potato,1150,1280,1220,19-08-2024,32.9,25.5,3.5,3.5,96,62
Azamgarh,Azamgarh,Potato,1150,1285,1225,20-08-2024,32,25.9,18.4,18.4,97,69
Azamgarh,Azamgarh,Potato,1150,1300,1220,21-08-2024,32,25.6,2.7,2.7,95,69
Azamgarh,Azamgarh,Potato,1150,1300,1220,22-08-2024,31.6,25.4,25.5,25.5,100,74
Azamgarh,Azamgarh,Potato,1150,1300,1225,23-08-2024,31,25.5,18.8,18.8,98,72
Azamgarh,Azamgarh,Potato,1150,1300,1225,24-08-2024,32.7,25.7,1,1,93,63
Azamgarh,Azamgarh,Potato,1150,1300,1225,25-08-2024,32.8,25.6,2.9,2.9,96,62
Azamgarh,Azamgarh,Potato,1150,1300,1225,26-08-2024,31.7,26.1,7.3,7.3,93,74
Azamgarh,Azamgarh,Potato,1150,1300,1225,27-08-2024,29.5,25.2,14.7,14.7,96,77
Azamgarh,Azamgarh,Potato,1150,1300,1225,28-08-2024,30.5,24.3,22.4,22.4,98,72
Azamgarh,Azamgarh,Potato,1150,1300,1230,29-08-2024,31.9,24.9,6.8,6.8,99,74
Azamgarh,Azamgarh,Potato,1150,1300,1230,30-08-2024,33.1,25.8,0.4,0.4,98,66
Azamgarh,Azamgarh,Potato,1160,1280,1225,31-08-2024,33.4,26.3,3.4,3.4,98,66
Azamgarh,Azamgarh,Potato,1160,1280,1230,1/9/2024,31.8,26.7,7.7,7.7,93,76
Azamgarh,Azamgarh,Potato,1160,1290,1225,2/9/2024,31.8,26.5,3.3,3.3,92,67
Azamgarh,Azamgarh,Potato,1160,1290,1230,3/9/2024,33.6,26.8,0.1,0.1,92,60
Azamgarh,Azamgarh,Potato,1160,1300,1235,4/9/2024,32.2,26.2,14.6,14.6,97,74
Azamgarh,Azamgarh,Potato,1160,1310,1235,5/9/2024,31.2,25.8,10.1,10.1,98,76
Azamgarh,Azamgarh,Potato,1160,1310,1235,6/9/2024,32.3,24.8,3,3,98,63
Azamgarh,Azamgarh,Potato,1160,1310,1235,7/9/2024,33.5,25.5,0.5,0.5,100,62
Azamgarh,Azamgarh,Potato,1165,1265,1215,8/9/2024,32.9,26.2,7.5,7.5,97,72
Azamgarh,Azamgarh,Potato,1165,1275,1225,9/9/2024,32.8,26,9,9,99,70
Azamgarh,Azamgarh,Potato,1165,1280,1225,10/9/2024,32.9,27.4,1,1,89,63
Azamgarh,Azamgarh,Potato,1165,1315,1240,11/9/2024,30.9,27.2,4.4,4.4,90,73
Azamgarh,Azamgarh,Potato,1165,1315,1240,12/9/2024,32.4,26,12.8,12.8,97,70
Azamgarh,Azamgarh,Potato,1165,1315,1240,13-09-2024,31.5,26.3,1.9,1.9,97,69
Azamgarh,Azamgarh,Potato,1165,1335,1240,14-09-2024,31.4,25,0,0,94,62
Azamgarh,Azamgarh,Potato,1170,1280,1230,15-09-2024,31.3,26.3,1.2,1.2,89,69
Azamgarh,Azamgarh,Potato,1170,1285,1235,16-09-2024,31.4,25.2,0.7,0.7,95,67
Azamgarh,Azamgarh,Potato,1175,1285,1230,17-09-2024,28,25.4,25.9,25.9,92,80
Azamgarh,Azamgarh,Potato,1175,1300,1245,18-09-2024,32.1,25,0,0,89,60
Azamgarh,Azamgarh,Potato,1175,1325,1250,19-09-2024,33.2,24.5,0,0,96,59
Azamgarh,Azamgarh,Potato,1175,1325,1250,20-09-2024,32.7,24.9,0,0,92,60
Azamgarh,Azamgarh,Potato,1175,1325,1250,21-09-2024,33.2,25.1,0,0,93,59
Azamgarh,Azamgarh,Potato,1175,1325,1250,22-09-2024,33.8,25.5,0,0,89,59
Azamgarh,Azamgarh,Potato,1180,1280,1230,23-09-2024,33.7,25.6,0,0,93,65
Azamgarh,Azamgarh,Potato,1180,1300,1240,24-09-2024,32.9,25.8,0.2,0.2,95,65
Azamgarh,Azamgarh,Potato,1180,1300,1240,25-09-2024,31.2,25.2,8.8,8.8,93,69
Azamgarh,Azamgarh,Potato,1185,1315,1260,26-09-2024,28.4,24.7,27.3,27.3,97,78
Azamgarh,Azamgarh,Potato,1185,1335,1260,27-09-2024,27.6,24.7,43,43,97,86
Azamgarh,Azamgarh,Potato,1185,1335,1265,28-09-2024,28.8,24.6,19.8,19.8,98,83
Azamgarh,Azamgarh,Potato,1190,1290,1240,29-09-2024,30.2,23.7,2.4,2.4,99,77
Azamgarh,Azamgarh,Potato,1200,1300,1245,30-09-2024,31.6,24.9,1.3,1.3,97,67
Azamgarh,Azamgarh,Potato,1200,1300,1250,1/10/2024,32.1,25.7,0.5,0.5,91,62
Azamgarh,Azamgarh,Potato,1200,1350,1275,2/10/2024,32.8,25.1,0.4,0.4,91,58
Azamgarh,Azamgarh,Potato,1200,1350,1275,3/10/2024,32,24.4,1.2,1.2,97,67
Azamgarh,Azamgarh,Potato,1200,1350,1275,4/10/2024,32.5,24.6,0.2,0.2,97,59
Azamgarh,Azamgarh,Potato,1200,1360,1280,5/10/2024,31,23.9,2.4,2.4,99,65
Azamgarh,Azamgarh,Potato,1220,1320,1270,6/10/2024,30.1,23.6,0.3,0.3,96,71
Azamgarh,Azamgarh,Potato,1220,1340,1280,7/10/2024,30.7,24,1,1,97,71
Azamgarh,Azamgarh,Potato,1225,1375,1300,8/10/2024,31.7,23.5,0,0,99,60
Azamgarh,Azamgarh,Potato,1225,1375,1300,9/10/2024,31,24,1.3,1.3,96,67
Azamgarh,Azamgarh,Potato,1240,1385,1315,10/10/2024,31.8,23.6,0,0,98,55
Azamgarh,Azamgarh,Potato,1260,1410,1335,11/10/2024,31.8,23.7,0,0,87,56
Azamgarh,Azamgarh,Potato,1275,1425,1350,12/10/2024,30.5,22.1,0,0,81,54
Azamgarh,Azamgarh,Potato,1300,1450,1375,13-10-2024,31.5,23.4,0.2,0.2,91,53
Azamgarh,Azamgarh,Potato,1300,1480,1400,14-10-2024,29.9,23.1,0.8,0.8,97,63
Azamgarh,Azamgarh,Potato,1325,1475,1400,15-10-2024,31.1,22.2,0,0,96,57
Azamgarh,Azamgarh,Potato,1325,1475,1400,16-10-2024,30.9,20.8,0,0,96,50
Azamgarh,Azamgarh,Potato,1325,1475,1400,17-10-2024,31.2,21.6,0,0,91,47
Azamgarh,Azamgarh,Potato,1325,1475,1400,18-10-2024,31,21.3,0,0,90,50
Azamgarh,Azamgarh,Potato,1325,1475,1400,19-10-2024,31.5,21.2,0,0,90,51
Azamgarh,Azamgarh,Potato,1340,1500,1415,20-10-2024,31.3,23,0,0,88,55
Azamgarh,Azamgarh,Potato,1350,1500,1425,21-10-2024,31.3,21.4,0.3,0.3,95,55
Azamgarh,Azamgarh,Potato,1350,1500,1425,22-10-2024,30.8,22.1,2.8,2.8,96,56
Azamgarh,Azamgarh,Potato,1350,1500,1425,23-10-2024,31.3,21.1,0,0,96,50
Azamgarh,Azamgarh,Potato,1350,1500,1425,24-10-2024,30.8,22.3,0.9,0.9,93,59
Azamgarh,Azamgarh,Potato,1350,1500,1425,25-10-2024,30.2,21.7,0,0,93,55
Azamgarh,Azamgarh,Potato,1360,1500,1430,26-10-2024,30.7,19.8,0,0,98,53
Azamgarh,Azamgarh,Potato,1360,1500,1435,27-10-2024,28.6,23.6,2.8,2.8,94,72
Azamgarh,Azamgarh,Potato,1365,1515,1440,28-10-2024,31.1,22.6,0.3,0.3,97,62
Azamgarh,Azamgarh,Potato,1370,1500,1435,29-10-2024,30.8,23.6,0.1,0.1,97,59
Azamgarh,Azamgarh,Potato,1375,1525,1450,30-10-2024,31.9,22.7,0,0,94,51
Azamgarh,Azamgarh,Potato,1375,1525,1450,31-10-2024,33,22.1,0,0,91,44
Azamgarh,Azamgarh,Potato,1400,1500,1440,1/11/2024,32.7,22,0,0,87,33
Azamgarh,Azamgarh,Potato,1400,1500,1450,2/11/2024,31.4,19.4,0,0,83,41
Azamgarh,Azamgarh,Potato,1400,1500,1450,3/11/2024,30.9,19.4,0,0,89,45
Azamgarh,Azamgarh,Potato,1400,1500,1450,4/11/2024,28.9,20.6,0.8,0.8,91,65
Azamgarh,Azamgarh,Potato,1400,1500,1460,5/11/2024,29.5,20.9,0.2,0.2,97,52
Azamgarh,Azamgarh,Potato,1400,1550,1475,6/11/2024,30,19.7,0,0,95,48
Azamgarh,Azamgarh,Potato,1410,1510,1460,7/11/2024,30.2,20.2,0,0,93,49
Azamgarh,Azamgarh,Potato,1410,1560,1485,8/11/2024,28.8,20.6,0.4,0.4,94,57
Azamgarh,Azamgarh,Potato,1425,1550,1480,9/11/2024,29,20,0,0,96,54
Azamgarh,Azamgarh,Potato,1460,1600,1525,10/11/2024,29.2,20.2,0,0,96,55
Azamgarh,Azamgarh,Potato,1465,1615,1540,11/11/2024,29.5,19.4,0,0,95,51
Azamgarh,Azamgarh,Potato,1475,1625,1550,12/11/2024,29.6,19.3,0,0,94,48
Azamgarh,Azamgarh,Potato,1475,1625,1550,13-11-2024,30,18.4,0,0,96,39
Azamgarh,Azamgarh,Potato,1500,1650,1565,14-11-2024,29.2,17.3,0,0,94,39
Azamgarh,Azamgarh,Potato,1500,1650,1570,15-11-2024,28.3,17.4,0,0,91,44
Azamgarh,Azamgarh,Potato,1500,1650,1575,16-11-2024,27.9,16.4,0,0,94,42
Azamgarh,Azamgarh,Potato,1500,1660,1580,17-11-2024,28.1,15.9,0,0,96,44
Azamgarh,Azamgarh,Potato,1520,1640,1585,18-11-2024,28.2,15.7,0,0,95,35
Azamgarh,Azamgarh,Potato,1525,1675,1600,19-11-2024,27.8,15.5,0,0,95,42
Azamgarh,Azamgarh,Potato,1525,1675,1600,20-11-2024,26.9,15.3,0,0,97,45
Azamgarh,Azamgarh,Potato,1535,1685,1610,21-11-2024,25,13.2,0,0,92,41
Azamgarh,Azamgarh,Potato,1550,1700,1630,22-11-2024,24.4,12.8,0,0,98,47
Azamgarh,Azamgarh,Potato,1565,1715,1640,23-11-2024,25,13.1,0,0,91,49
Azamgarh,Azamgarh,Potato,1575,1725,1650,24-11-2024,25.5,14.1,0,0,96,47
Azamgarh,Azamgarh,Potato,1575,1725,1650,25-11-2024,26.3,14.3,0,0,95,44
Azamgarh,Azamgarh,Potato,1575,1725,1650,26-11-2024,26.4,14.2,0,0,95,46
Azamgarh,Azamgarh,Potato,1585,1735,1660,27-11-2024,25.3,13.2,0,0,92,36
Azamgarh,Azamgarh,Potato,1585,1735,1660,28-11-2024,24.9,12.8,0,0,92,37
Azamgarh,Azamgarh,Potato,1600,1700,1650,29-11-2024,25.1,11.8,0,0,91,36
Azamgarh,Azamgarh,Potato,1600,1740,1680,30-11-2024,24.8,11.9,0,0,91,37
Azamgarh,Azamgarh,Potato,1600,1750,1675,1/12/2024,24.3,11.2,0,0,91,45
Azamgarh,Azamgarh,Potato,1600,1750,1675,2/12/2024,24.8,12.2,0,0,94,47
Azamgarh,Azamgarh,Potato,1600,1760,1680,3/12/2024,25.4,12.4,0,0,96,50
Azamgarh,Azamgarh,Potato,1625,1775,1700,4/12/2024,25.7,14.1,0,0,93,48
Azamgarh,Azamgarh,Potato,1625,1775,1700,5/12/2024,24.5,14.3,0,0,87,38
Azamgarh,Azamgarh,Potato,1625,1775,1700,6/12/2024,23,12,0,0,86,34
Azamgarh,Azamgarh,Potato,1625,1775,1700,7/12/2024,23.2,10.5,0,0,92,41
Azamgarh,Azamgarh,Potato,1625,1775,1700,8/12/2024,23.3,10.4,0,0,91,38
Azamgarh,Azamgarh,Potato,1630,1740,1690,9/12/2024,24,12.8,0,0,92,44
Azamgarh,Azamgarh,Potato,1640,1740,1690,10/12/2024,22.2,12.3,0,0,92,38
Azamgarh,Azamgarh,Potato,1640,1750,1690,11/12/2024,21.1,9.3,0,0,85,36
Azamgarh,Azamgarh,Potato,1640,1790,1715,12/12/2024,20.8,8.1,0,0,90,45
Azamgarh,Azamgarh,Potato,1640,1800,1715,13-12-2024,20.5,9.2,0,0,89,44
Azamgarh,Azamgarh,Potato,1650,1750,1700,14-12-2024,20,8.8,0,0,85,47
Azamgarh,Azamgarh,Potato,1650,1750,1700,15-12-2024,21,7.2,0,0,96,42
Azamgarh,Azamgarh,Potato,1650,1770,1710,16-12-2024,22.4,8.3,0,0,94,42
Azamgarh,Azamgarh,Potato,1650,1800,1720,17-12-2024,23.2,9.3,0,0,93,47
Azamgarh,Azamgarh,Potato,1650,1800,1720,18-12-2024,23,10,0,0,95,51
Azamgarh,Azamgarh,Potato,1650,1800,1725,19-12-2024,22.6,9.4,0,0,100,50
Azamgarh,Azamgarh,Potato,1650,1800,1725,20-12-2024,23,9.9,0,0,98,49
Azamgarh,Azamgarh,Potato,1650,1800,1725,21-12-2024,23.1,10.2,0,0,95,48
Azamgarh,Azamgarh,Potato,1650,1800,1725,22-12-2024,22.8,9.7,0,0,95,45
Azamgarh,Azamgarh,Potato,1650,1800,1725,23-12-2024,23,9.5,0,0,99,53
Azamgarh,Azamgarh,Potato,1650,1800,1725,24-12-2024,23,11.3,0,0,95,48
Azamgarh,Azamgarh,Potato,1650,1810,1730,25-12-2024,21.3,13.9,0.4,0.4,95,63
Azamgarh,Azamgarh,Potato,1660,1810,1735,26-12-2024,24.2,12.8,0,0,98,55
Azamgarh,Azamgarh,Potato,1660,1810,1735,27-12-2024,25,12.9,0,0,96,55
Azamgarh,Azamgarh,Potato,1660,1810,1735,28-12-2024,20.8,13.4,7.3,7.3,97,74
Azamgarh,Azamgarh,Potato,1670,1770,1730,29-12-2024,23.4,13.5,0,0,100,63
Azamgarh,Azamgarh,Potato,1675,1825,1750,30-12-2024,21.7,12.1,0,0,97,58
Azamgarh,Azamgarh,Potato,1675,1825,1750,31-12-2024,19.5,10.2,0,0,100,64
Azamgarh,Azamgarh,Potato,1675,1825,1750,1/1/2025,17.5,8.9,0,0,95,59
Azamgarh,Azamgarh,Potato,1675,1825,1750,2/1/2025,17.9,8.1,0,0,96,62
Azamgarh,Azamgarh,Potato,1680,1780,1725,3/1/2025,19,7.9,0,0,99,65
Azamgarh,Azamgarh,Potato,1690,1840,1765,4/1/2025,18.8,8.1,0,0,100,70
Azamgarh,Azamgarh,Potato,1700,1790,1740,5/1/2025,18.6,6.6,0,0,100,69
Azamgarh,Azamgarh,Potato,1700,1800,1740,6/1/2025,22.4,11.1,0,0,100,68
Azamgarh,Azamgarh,Potato,1700,1800,1740,7/1/2025,19.9,11.5,0,0,99,65
Azamgarh,Azamgarh,Potato,1700,1800,1760,8/1/2025,17.4,9.3,0,0,96,59
Azamgarh,Azamgarh,Potato,1700,1840,1770,9/1/2025,18.5,7.3,0,0,97,58
Azamgarh,Azamgarh,Potato,1700,1850,1780,10/1/2025,18.9,7.7,0,0,100,62
Azamgarh,Azamgarh,Potato,1700,1860,1780,11/1/2025,20.3,7.3,0,0,100,62
Azamgarh,Azamgarh,Potato,1725,1875,1800,12/1/2025,22,10,1.1,1.1,97,69
Azamgarh,Azamgarh,Potato,1750,1900,1825,13-01-2025,21,11.2,0,0,100,63
Azamgarh,Azamgarh,Potato,1775,1925,1850,14-01-2025,20.9,10.6,0,0,98,59
Azamgarh,Azamgarh,Potato,1775,1925,1850,15-01-2025,20.3,7.9,0,0,100,59
Azamgarh,Azamgarh,Potato,1785,1935,1860,16-01-2025,20.1,6.9,0,0,100,63
Azamgarh,Azamgarh,Potato,1825,1975,1900,17-01-2025,21.2,11,0,0,97,62
Azamgarh,Azamgarh,Potato,1825,1975,1900,18-01-2025,20.7,10.4,0,0,96,60
Azamgarh,Azamgarh,Potato,1850,2000,1920,19-01-2025,20.7,9.3,0,0,97,63
Azamgarh,Azamgarh,Potato,1875,2025,1950,20-01-2025,22.6,11.5,0,0,94,66
Azamgarh,Azamgarh,Potato,1875,2025,1950,21-01-2025,22.6,12.5,0,0,96,63
Azamgarh,Azamgarh,Potato,1880,1980,1930,22-01-2025,22.6,10.9,0,0,100,63
Azamgarh,Azamgarh,Potato,1925,2075,2000,23-01-2025,23,9.5,0,0,100,63
Azamgarh,Azamgarh,Potato,1925,2075,2000,24-01-2025,23.3,12,0,0,95,57
Azamgarh,Azamgarh,Potato,1950,2100,2020,25-01-2025,20.9,10.9,0,0,82,58
Azamgarh,Azamgarh,Potato,1975,2125,2050,26-01-2025,21,9.3,0,0,94,52
Azamgarh,Azamgarh,Potato,2050,2150,2100,27-01-2025,20.8,9.9,0,0,95,53
Azamgarh,Azamgarh,Potato,2050,2200,2120,28-01-2025,20.8,9.5,0,0,96,55
Azamgarh,Azamgarh,Potato,2050,2200,2125,29-01-2025,21.1,8.3,0,0,100,63
Azamgarh,Azamgarh,Potato,2065,2215,2140,30-01-2025,22.7,8.8,0,0,100,64
Azamgarh,Azamgarh,Potato,2065,2215,2140,31-01-2025,24.3,10,0,0,97,51
Azamgarh,Azamgarh,Potato,2075,2225,2145,1/2/2025,25.1,10.9,0,0,99,48
Azamgarh,Azamgarh,Potato,2075,2225,2150,2/2/2025,25.6,12.2,0,0,92,43
Azamgarh,Azamgarh,Potato,2075,2225,2150,3/2/2025,24.6,13.3,0,0,92,43
Azamgarh,Azamgarh,Potato,2075,2225,2150,4/2/2025,24.8,11.8,0,0,92,46
Azamgarh,Azamgarh,Potato,2075,2225,2150,5/2/2025,27.1,14.8,0,0,91,47
Azamgarh,Azamgarh,Potato,2075,2225,2150,6/2/2025,22.8,13.1,0,0,74,42
Azamgarh,Azamgarh,Potato,2075,2225,2150,7/2/2025,21.9,11.8,0,0,71,45
Azamgarh,Azamgarh,Potato,2075,2225,2150,8/2/2025,22.2,10.5,0,0,81,46
Azamgarh,Azamgarh,Potato,2085,2215,2140,9/2/2025,24.2,9.9,0,0,91,45
Azamgarh,Azamgarh,Potato,2085,2235,2160,10/2/2025,25.8,10.3,0,0,90,41
Azamgarh,Azamgarh,Potato,2085,2235,2160,11/2/2025,26.7,12.5,0,0,89,36
Azamgarh,Azamgarh,Potato,2085,2235,2160,12/2/2025,27.7,14.2,0,0,82,41
Azamgarh,Azamgarh,Potato,2085,2235,2160,13-02-2025,23.6,14.1,0,0,68,36
Azamgarh,Azamgarh,Potato,2085,2235,2165,14-02-2025,24,13,0,0,60,31
Azamgarh,Azamgarh,Potato,2085,2240,2165,15-02-2025,24.3,11.9,0,0,80,43
Azamgarh,Azamgarh,Potato,2090,2240,2165,16-02-2025,26,11.6,0,0,95,48
Azamgarh,Azamgarh,Potato,2090,2240,2165,17-02-2025,26.5,13.5,0,0,93,45
Azamgarh,Azamgarh,Potato,2100,2200,2150,18-02-2025,26.9,13.2,0,0,96,42
Azamgarh,Azamgarh,Potato,2100,2200,2150,19-02-2025,26.6,13.6,0,0,88,39
Azamgarh,Azamgarh,Potato,2100,2210,2160,20-02-2025,27.4,13.8,0,0,92,42
Azamgarh,Azamgarh,Potato,2100,2240,2170,21-02-2025,28.4,14,0,0,96,44
Azamgarh,Azamgarh,Potato,2100,2240,2170,22-02-2025,27.4,15.2,0.1,0.1,86,44
Azamgarh,Azamgarh,Potato,2100,2250,2170,23-02-2025,26.1,14.4,0,0,88,40
Azamgarh,Azamgarh,Potato,2100,2250,2175,24-02-2025,26.4,12.9,0,0,87,40
Azamgarh,Azamgarh,Potato,2100,2250,2175,25-02-2025,26.6,12.2,0,0,91,32
Azamgarh,Azamgarh,Potato,2100,2250,2175,26-02-2025,26.4,13.1,0,0,84,41
Azamgarh,Azamgarh,Potato,2100,2250,2175,27-02-2025,28.1,14.6,0,0,90,44
Azamgarh,Azamgarh,Potato,2100,2250,2175,28-02-2025,28.2,16.1,0,0,94,51
Azamgarh,Azamgarh,Potato,2100,2250,2180,1/3/2025,26.8,17.7,4,4,94,53
Azamgarh,Azamgarh,Potato,2100,2260,2180,2/3/2025,29,16.1,0,0,91,37
Azamgarh,Azamgarh,Potato,2100,2260,2180,3/3/2025,28,16.4,0,0,74,26
Azamgarh,Azamgarh,Potato,2100,2260,2180,4/3/2025,29,15.3,0,0,83,37
Azamgarh,Azamgarh,Potato,2100,2260,2180,5/3/2025,24.7,16.4,0,0,70,33
Azamgarh,Azamgarh,Potato,2100,2260,2180,6/3/2025,23.5,13.2,0,0,77,44
Azamgarh,Azamgarh,Potato,2100,2260,2180,7/3/2025,26.2,12.4,0,0,88,40
Azamgarh,Azamgarh,Potato,2110,2260,2185,8/3/2025,28.5,12.7,0,0,89,31
Azamgarh,Azamgarh,Potato,2110,2260,2185,9/3/2025,29,13.3,0,0,87,32
Azamgarh,Azamgarh,Potato,2110,2270,2185,10/3/2025,29.1,14,0,0,88,37
Azamgarh,Azamgarh,Potato,2115,2265,2185,11/3/2025,30.6,16,0,0,87,38
Azamgarh,Azamgarh,Potato,2115,2265,2190,12/3/2025,32.2,18.6,0,0,71,39
Azamgarh,Azamgarh,Potato,2120,2230,2170,13-03-2025,32.4,19.1,0,0,75,36
Azamgarh,Azamgarh,Potato,2120,2230,2180,14-03-2025,33.4,18.3,0,0,85,32
Azamgarh,Azamgarh,Potato,2125,2275,2200,15-03-2025,34.2,19.1,0,0,80,36
Azamgarh,Azamgarh,Potato,2125,2275,2200,16-03-2025,30.4,19.8,0.1,0.1,73,44
Azamgarh,Azamgarh,Potato,2125,2275,2200,17-03-2025,31.7,20.2,0,0,72,29
Azamgarh,Azamgarh,Potato,2125,2275,2200,18-03-2025,29.6,17.6,0,0,66,26
Azamgarh,Azamgarh,Potato,2135,2285,2210,19-03-2025,30.2,16.5,0,0,70,34
Azamgarh,Azamgarh,Potato,2135,2285,2210,20-03-2025,31.4,17.5,0,0,74,33
Azamgarh,Azamgarh,Potato,2150,2250,2200,21-03-2025,32,19.4,0,0,88,28
Azamgarh,Azamgarh,Potato,2150,2250,2200,22-03-2025,31.5,16.4,0,0,91,21
Azamgarh,Azamgarh,Potato,2150,2250,2200,23-03-2025,30.7,16.1,0,0,87,26
Azamgarh,Azamgarh,Potato,2150,2260,2200,24-03-2025,31.1,16.5,0,0,81,28
Azamgarh,Azamgarh,Potato,2150,2270,2200,25-03-2025,32.4,16.8,0,0,70,27
Azamgarh,Azamgarh,Potato,2150,2300,2220,26-03-2025,34.7,17.9,0,0,70,23
Azamgarh,Azamgarh,Potato,2150,2300,2225,27-03-2025,37,21,0,0,55,19
Azamgarh,Azamgarh,Potato,2150,2300,2225,28-03-2025,36.7,22.2,0,0,48,20
Azamgarh,Azamgarh,Potato,2150,2300,2230,29-03-2025,33.5,20.5,0,0,38,12
Azamgarh,Azamgarh,Potato,2150,2300,2230,30-03-2025,32.1,18.1,0,0,44,19
Azamgarh,Azamgarh,Potato,2160,2260,2210,31-03-2025,33.8,17.1,0,0,47,17
Azamgarh,Azamgarh,Potato,2160,2280,2225,1/4/2025,34.5,18.4,0,0,41,14
Azamgarh,Azamgarh,Potato,2165,2300,2235,2/4/2025,33.6,19.2,0,0,49,18
Azamgarh,Azamgarh,Potato,2165,2315,2240,3/4/2025,36.1,18.3,0,0,72,16
Azamgarh,Azamgarh,Potato,2165,2315,2240,4/4/2025,37,21.9,0,0,58,11
Azamgarh,Azamgarh,Potato,2165,2315,2240,5/4/2025,37.7,21.1,0,0,37,12
Azamgarh,Azamgarh,Potato,2170,2280,2220,6/4/2025,37.1,20.1,0,0,47,14
Azamgarh,Azamgarh,Potato,2175,2325,2250,7/4/2025,36.9,21.5,0,0,61,20
Azamgarh,Azamgarh,Potato,2175,2325,2250,8/4/2025,34.9,24.3,0.9,0.9,72,35
Azamgarh,Azamgarh,Potato,2185,2315,2240,9/4/2025,36.3,24.7,1.9,1.9,71,35
Azamgarh,Azamgarh,Potato,2185,2335,2260,10/4/2025,34.7,22.6,6.2,6.2,87,39
Azamgarh,Azamgarh,Potato,2185,2335,2260,11/4/2025,32.9,20.5,0,0,93,41
Azamgarh,Azamgarh,Potato,2190,2335,2265,12/4/2025,35.6,21.4,9.5,9.5,83,34
Azamgarh,Azamgarh,Potato,2200,2300,2250,13-04-2025,34,20.5,0,0,78,28
Azamgarh,Azamgarh,Potato,2200,2310,2260,14-04-2025,31.8,20.7,0.2,0.2,93,46
Azamgarh,Azamgarh,Potato,2200,2360,2280,15-04-2025,34.5,21,0,0,92,32
Azamgarh,Azamgarh,Potato,2200,2360,2280,16-04-2025,34.8,22.2,0,0,79,32
Azamgarh,Azamgarh,Potato,2220,2330,2280,17-04-2025,36.3,22.7,0.1,0.1,76,29
Azamgarh,Azamgarh,Potato,2225,2375,2300,18-04-2025,35.2,24.2,0,0,83,40
Azamgarh,Azamgarh,Potato,2225,2375,2300,19-04-2025,34.9,23.3,0,0,85,39
Azamgarh,Azamgarh,Potato,2230,2330,2280,20-04-2025,37.2,23.8,0,0,78,36
Azamgarh,Azamgarh,Potato,2235,2385,2310,21-04-2025,40,24.6,0,0,81,22
Azamgarh,Azamgarh,Potato,2250,2400,2320,22-04-2025,40.6,24.4,0,0,64,16
Azamgarh,Azamgarh,Potato,2250,2400,2325,23-04-2025,39.7,23.1,0,0,35,10
Azamgarh,Azamgarh,Potato,2250,2400,2325,24-04-2025,40.4,22.9,0,0,36,9
Azamgarh,Azamgarh,Potato,2250,2400,2325,25-04-2025,41.1,21.7,0,0,41,9
Azamgarh,Azamgarh,Potato,2250,2400,2330,26-04-2025,41.2,22,0,0,44,10
Azamgarh,Azamgarh,Potato,2260,2380,2320,27-04-2025,38.9,23.4,0,0,49,18
Azamgarh,Azamgarh,Potato,2260,2400,2335,28-04-2025,32.8,23.8,1.1,1.1,74,34
Azamgarh,Azamgarh,Potato,2260,2410,2335,29-04-2025,34.4,22.9,13,13,78,35
Azamgarh,Azamgarh,Potato,2260,2410,2335,30-04-2025,33.5,23.1,0,0,76,34
Azamgarh,Azamgarh,Potato,2260,2440,2390,1/5/2025,31.7,23.1,2.2,2.2,73,44
Azamgarh,Azamgarh,Potato,2265,2410,2335,2/5/2025,34.3,22.4,0,0,75,33
Azamgarh,Azamgarh,Potato,2265,2415,2340,3/5/2025,34.6,24.1,2.1,2.1,67,34
Azamgarh,Azamgarh,Potato,2265,2415,2340,4/5/2025,36.3,24.7,0,0,69,31
Azamgarh,Azamgarh,Potato,2270,2370,2320,5/5/2025,36.3,23.7,0.9,0.9,78,31
Azamgarh,Azamgarh,Potato,2270,2430,2350,6/5/2025,32.5,23.1,0.6,0.6,85,45
Azamgarh,Azamgarh,Potato,2275,2380,2330,7/5/2025,35.6,23.7,0,0,83,35
Azamgarh,Azamgarh,Potato,2275,2425,2350,8/5/2025,38,24.8,0,0,74,25
Azamgarh,Azamgarh,Potato,2275,2425,2350,9/5/2025,38,26.7,0.2,0.2,57,25
Azamgarh,Azamgarh,Potato,2280,2400,2340,10/5/2025,38.9,25.2,0,0,64,27
Azamgarh,Azamgarh,Potato,2285,2435,2360,11/5/2025,37.6,27.1,0.2,0.2,69,33
Azamgarh,Azamgarh,Potato,2285,2435,2360,12/5/2025,37.6,27,0,0,68,30
Azamgarh,Azamgarh,Potato,2285,2435,2360,13-05-2025,39.4,24.9,0,0,64,21
Azamgarh,Azamgarh,Potato,2285,2435,2360,14-05-2025,40.2,24.9,0,0,58,21
Azamgarh,Azamgarh,Potato,2285,2435,2360,15-05-2025,40.2,24.5,0,0,56,20
Azamgarh,Azamgarh,Potato,2285,2435,2360,16-05-2025,39.4,25.3,0,0,76,28
Azamgarh,Azamgarh,Potato,2300,2400,2350,17-05-2025,37.9,25.9,5,5,82,38
Azamgarh,Azamgarh,Potato,2300,2400,2350,18-05-2025,36.6,26,0,0,84,42
Azamgarh,Azamgarh,Potato,2300,2400,2350,19-05-2025,35.9,25.3,0,0,83,45
Azamgarh,Azamgarh,Potato,2300,2440,2370,20-05-2025,36.1,25.5,0,0,85,49
Azamgarh,Azamgarh,Potato,2300,2440,2370,21-05-2025,36.5,25.4,0,0,83,45
Azamgarh,Azamgarh,Potato,2300,2450,2380,22-05-2025,33.6,26.3,0.1,0.1,81,48
Azamgarh,Azamgarh,Potato,2300,2450,2380,23-05-2025,34.8,24.1,2.1,2.1,88,45
Azamgarh,Azamgarh,Potato,2300,2460,2380,24-05-2025,32.9,26.8,3.3,3.3,82,54
Azamgarh,Azamgarh,Potato,2300,2460,2380,25-05-2025,34.5,26.7,0,0,82,50
Azamgarh,Azamgarh,Potato,2300,2460,2380,26-05-2025,35.1,27,1.3,1.3,84,51
Azamgarh,Azamgarh,Potato,2300,2470,2385,27-05-2025,34.6,24.6,2.4,2.4,93,54
Azamgarh,Azamgarh,Potato,2310,2410,2365,28-05-2025,36.1,27.5,0,0,81,48
Azamgarh,Azamgarh,Potato,2315,2465,2390,29-05-2025,37.1,26.2,1.7,1.7,85,45
Azamgarh,Azamgarh,Potato,2320,2430,2380,30-05-2025,36.7,26.2,0.9,0.9,95,47
Azamgarh,Azamgarh,Potato,2320,2440,2390,31-05-2025,38.2,28.5,0.2,0.2,80,33
Azamgarh,Azamgarh,Potato,2325,2465,2375,1/6/2025,37.9,27.9,0.5,0.5,72,31
Azamgarh,Azamgarh,Potato,2325,2475,2400,2/6/2025,37.1,29.1,0.2,0.2,54,28
Azamgarh,Azamgarh,Potato,2325,2475,2400,3/6/2025,35.4,26.5,0.7,0.7,85,36
Azamgarh,Azamgarh,Potato,2325,2475,2400,4/6/2025,34.8,25.1,0.6,0.6,94,41
Azamgarh,Azamgarh,Potato,2325,2475,2400,5/6/2025,34.2,23.8,2.1,2.1,89,43
Azamgarh,Azamgarh,Potato,2325,2475,2400,6/6/2025,36.2,25.4,0,0,78,34
Azamgarh,Azamgarh,Potato,2325,2475,2400,7/6/2025,36.9,24.8,0,0,79,34
Azamgarh,Azamgarh,Potato,2335,2485,2410,8/6/2025,38,26.8,0,0,68,33
Azamgarh,Azamgarh,Potato,2340,2490,2415,9/6/2025,38.8,27.9,0,0,64,36
Azamgarh,Azamgarh,Potato,750,950,825,10/6/2025,39.1,28.8,0,0,61,37
Azamgarh,Azamgarh,Potato,800,925,850,11/6/2025,38.9,29.3,0,0,64,37
Azamgarh,Azamgarh,Potato,800,975,860,12/6/2025,38.8,29.6,0,0,67,37
Azamgarh,Azamgarh,Potato,800,1000,900,13-06-2025,38.6,30.2,0.3,0.3,71,42
Azamgarh,Azamgarh,Potato,825,975,900,14-06-2025,39.3,30.3,0,0,76,38
Azamgarh,Azamgarh,Potato,825,1000,900,15-06-2025,37.6,28.8,3.1,3.1,82,48
Azamgarh,Azamgarh,Potato,850,975,900,16-06-2025,36.5,27.5,6.3,6.3,90,49
Azamgarh,Azamgarh,Potato,850,1000,900,17-06-2025,35.4,26.5,0.5,0.5,92,54
Azamgarh,Azamgarh,Potato,850,1000,925,18-06-2025,34.1,26.4,9.9,9.9,98,58
Azamgarh,Azamgarh,Potato,850,1000,925,19-06-2025,34.5,27.3,0.2,0.2,92,58
Azamgarh,Azamgarh,Potato,850,1025,925,20-06-2025,31.8,26.7,7,7,94,66
Azamgarh,Azamgarh,Potato,860,970,930,21-06-2025,34.1,26.1,4.9,4.9,95,60
Azamgarh,Azamgarh,Potato,875,1025,950,22-06-2025,34.8,25.8,8.8,8.8,98,59
Azamgarh,Azamgarh,Potato,880,1000,930,23-06-2025,33.7,26,9.9,9.9,98,63
Azamgarh,Azamgarh,Potato,880,1000,950,24-06-2025,34.8,25.6,5.4,5.4,96,57
Azamgarh,Azamgarh,Potato,890,1050,950,25-06-2025,35.3,26.2,2.8,2.8,95,54
Azamgarh,Azamgarh,Potato,900,1035,960,26-06-2025,34.8,27.7,20.9,20.9,86,57
Azamgarh,Azamgarh,Potato,900,1050,975,27-06-2025,34.1,26.7,14.6,14.6,95,60
Azamgarh,Azamgarh,Potato,900,1050,975,28-06-2025,34.3,26,6.2,6.2,98,59
Azamgarh,Azamgarh,Potato,900,1075,975,29-06-2025,32.8,25,23,23,99,64
Azamgarh,Azamgarh,Potato,900,1075,1000,30-06-2025,33.6,24.7,5,5,99,59
Jammu,Akhnoor,Apple,6500,8500,7500,1/4/2024,27.3,13.6,0,0,81,37
Jammu,Akhnoor,Apple,6500,8500,7500,2/4/2024,28.5,13.9,0,0,76,32
Jammu,Akhnoor,Apple,7000,8000,7500,3/4/2024,30,15.3,1.1,1.1,70,29
Jammu,Akhnoor,Apple,7000,9000,8000,4/4/2024,31.6,16.3,0,0,53,19
Jammu,Akhnoor,Apple,8000,12000,10000,5/4/2024,30.3,14.6,0,0,70,21
Jammu,Akhnoor,Apple,9000,11000,10000,6/4/2024,30.5,14.6,0,0,59,22
Jammu,Akhnoor,Apple,9000,11000,10000,7/4/2024,31,13.8,0.5,0.5,68,20
Jammu,Akhnoor,Apple,9000,13000,12000,8/4/2024,31.9,13.8,0,0,66,21
Jammu,Akhnoor,Apple,3600,6000,4800,9/4/2024,32,14.2,0,0,53,22
Jammu,Akhnoor,Apple,4000,6000,5000,10/4/2024,32.3,14.8,0,0,53,23
Jammu,Akhnoor,Apple,4000,6000,5000,11/4/2024,30.9,19.5,0.3,0.3,59,26
Jammu,Akhnoor,Apple,4000,6400,5200,12/4/2024,33.2,15.9,0,0,63,23
Jammu,Akhnoor,Apple,4000,8000,6000,13-04-2024,32.8,19.2,0.9,0.9,63,27
Jammu,Akhnoor,Apple,4000,8000,6000,14-04-2024,27.7,19.6,5.1,5.1,78,41
Jammu,Akhnoor,Apple,4000,8000,6000,15-04-2024,28.6,18,11.4,11.4,93,40
Jammu,Akhnoor,Apple,4000,8400,6200,16-04-2024,29.1,16,0,0,87,40
Jammu,Akhnoor,Apple,4200,5800,5000,17-04-2024,29.7,15.5,0,0,85,29
Jammu,Akhnoor,Apple,4200,7400,5800,18-04-2024,26.5,19.8,4.4,4.4,84,46
Jammu,Akhnoor,Apple,4200,7800,6000,19-04-2024,29.7,18.2,25.8,25.8,92,39
Jammu,Akhnoor,Apple,4200,7800,6000,20-04-2024,29.6,16.1,0.4,0.4,76,38
Jammu,Akhnoor,Apple,4200,8200,6200,21-04-2024,29.7,16,0.8,0.8,80,36
Jammu,Akhnoor,Apple,4200,8200,6200,22-04-2024,30.6,16.7,0,0,81,29
Jammu,Akhnoor,Apple,4200,8200,6200,23-04-2024,30.5,15.9,0.4,0.4,82,32
Jammu,Akhnoor,Apple,4200,8200,6200,24-04-2024,30.3,16,0.1,0.1,79,31
Jammu,Akhnoor,Apple,4300,7900,6100,25-04-2024,33.6,15.7,0,0,78,26
Jammu,Akhnoor,Apple,4400,6200,5300,26-04-2024,32.8,17.7,0,0,68,28
Jammu,Akhnoor,Apple,4400,7600,6000,27-04-2024,27.8,20.4,1.7,1.7,75,39
Jammu,Akhnoor,Apple,4400,7600,6000,28-04-2024,28.8,18.2,4.3,4.3,71,41
Jammu,Akhnoor,Apple,4400,7600,6000,29-04-2024,25.2,16.1,14.8,14.8,91,46
Jammu,Akhnoor,Apple,4400,8000,6200,30-04-2024,29.3,14.1,1.3,1.3,88,24
Jammu,Akhnoor,Apple,4400,8000,6200,1/5/2024,27.8,12.6,0,0,79,28
Jammu,Akhnoor,Apple,4400,8000,6200,2/5/2024,30.4,13.7,0,0,77,31
Jammu,Akhnoor,Apple,4400,8400,6400,3/5/2024,31.9,16.4,0.2,0.2,73,30
Jammu,Akhnoor,Apple,4400,8600,6500,4/5/2024,33.6,20.7,0,0,66,25
Jammu,Akhnoor,Apple,4500,6500,5500,5/5/2024,34,18.4,0,0,66,28
Jammu,Akhnoor,Apple,4500,7500,6000,6/5/2024,35.3,18.5,0,0,69,23
Jammu,Akhnoor,Apple,4500,7500,6000,7/5/2024,36.7,17.8,0,0,76,21
Jammu,Akhnoor,Apple,4500,7900,6200,8/5/2024,36.2,19.4,0,0,69,26
Jammu,Akhnoor,Apple,4500,7900,6200,9/5/2024,35.6,22.8,0,0,60,31
Jammu,Akhnoor,Apple,4500,8100,6300,10/5/2024,36.3,22.4,0,0,71,32
Jammu,Akhnoor,Apple,4500,8500,6500,11/5/2024,33.6,20.2,0,0,70,33
Jammu,Akhnoor,Apple,4500,8500,6500,12/5/2024,30.9,20.7,7.2,7.2,78,42
Jammu,Akhnoor,Apple,4600,7400,6000,13-05-2024,35,19,0,0,60,20
Jammu,Akhnoor,Apple,4600,8600,6600,14-05-2024,36.1,18,0,0,66,15
Jammu,Akhnoor,Apple,4600,8600,6600,15-05-2024,38.6,19.3,0,0,50,17
Jammu,Akhnoor,Apple,4600,9000,6800,16-05-2024,38.7,21.5,0,0,43,18
Jammu,Akhnoor,Apple,4800,7600,6200,17-05-2024,40.2,20.8,0,0,51,16
Jammu,Akhnoor,Apple,4800,8800,6800,18-05-2024,40.3,22,0,0,53,16
Jammu,Akhnoor,Apple,4800,9200,7000,19-05-2024,39.5,22.9,0,0,55,15
Jammu,Akhnoor,Apple,5000,7000,6000,20-05-2024,40.4,23.8,0,0,51,12
Jammu,Akhnoor,Apple,5000,7800,6400,21-05-2024,40.1,23.5,0,0,44,16
Jammu,Akhnoor,Apple,5000,9000,7000,22-05-2024,40.4,24,0,0,43,17
Jammu,Akhnoor,Apple,5200,7600,6400,23-05-2024,38.7,25.9,0,0,62,26
Jammu,Akhnoor,Apple,5200,9600,7400,24-05-2024,38.7,24.6,0.1,0.1,53,25
Jammu,Akhnoor,Apple,5400,7400,6400,25-05-2024,41.4,22.8,0,0,54,14
Jammu,Akhnoor,Apple,5400,10000,6200,26-05-2024,41.9,23.1,0,0,42,13
Jammu,Akhnoor,Apple,5500,7500,6500,27-05-2024,40.7,23.5,0,0,32,10
Jammu,Akhnoor,Apple,5500,7500,6500,28-05-2024,41.7,23.6,0,0,37,8
Jammu,Akhnoor,Apple,5600,7600,6600,29-05-2024,41.8,22,0,0,39,12
Jammu,Akhnoor,Apple,5800,10200,8000,30-05-2024,43,30.8,0,0,34,9
Jammu,Akhnoor,Apple,6000,7200,6600,31-05-2024,41.7,27.2,0,0,29,11
Jammu,Akhnoor,Apple,6000,7200,6600,1/6/2024,42.6,29.8,0,0,21,8
Jammu,Akhnoor,Apple,6000,8000,7000,2/6/2024,41.6,25.7,0,0,29,10
Jammu,Akhnoor,Apple,6000,10000,8000,3/6/2024,42.8,24.1,0,0,33,10
Jammu,Akhnoor,Apple,6000,10000,8000,4/6/2024,40.9,25.6,0,0,40,15
Jammu,Akhnoor,Apple,6200,7000,6600,5/6/2024,38.4,25.6,0.7,0.7,48,17
Jammu,Akhnoor,Apple,6200,7000,6600,6/6/2024,35.8,24,0.2,0.2,65,23
Jammu,Akhnoor,Apple,6200,7200,6700,7/6/2024,37.2,23.8,0,0,50,21
Jammu,Akhnoor,Apple,6200,7400,6800,8/6/2024,37.8,22.5,0,0,50,15
Jammu,Akhnoor,Apple,6200,7800,7000,9/6/2024,39.3,23.5,0,0,45,13
Jammu,Akhnoor,Apple,6200,7800,7000,10/6/2024,40.2,21.7,0,0,48,12
Jammu,Akhnoor,Apple,6200,10200,8200,11/6/2024,41.5,23.4,0,0,44,12
Jammu,Akhnoor,Apple,6300,7300,6800,12/6/2024,42.9,25.2,0,0,32,12
Jammu,Akhnoor,Apple,6400,7200,6800,13-06-2024,43.3,26.2,0,0,36,10
Jammu,Akhnoor,Apple,6400,7600,7000,14-06-2024,42.3,26.4,0,0,36,14
Jammu,Akhnoor,Apple,6400,7600,7000,15-06-2024,42.7,26.8,0,0,40,13
Jammu,Akhnoor,Apple,6400,7600,7000,16-06-2024,43.2,25.6,0,0,40,14
Jammu,Akhnoor,Apple,6400,7600,7000,17-06-2024,43.8,28.2,0,0,39,14
Jammu,Akhnoor,Apple,6400,7600,7000,18-06-2024,44.2,27.4,0,0,49,12
Jammu,Akhnoor,Apple,6400,7600,7000,19-06-2024,41.8,28.6,0,0,39,13
Jammu,Akhnoor,Apple,6400,8000,7200,20-06-2024,40.2,27.5,0,0,47,19
Jammu,Akhnoor,Apple,6400,8000,7200,21-06-2024,35.2,22.8,10.8,10.8,91,28
Jammu,Akhnoor,Apple,6400,8000,7200,22-06-2024,38.8,26.9,0,0,60,24
Jammu,Akhnoor,Apple,6500,7500,7000,23-06-2024,40.7,26.5,0,0,55,20
Jammu,Akhnoor,Apple,6500,7500,7000,24-06-2024,41.2,26.6,0,0,53,17
Jammu,Akhnoor,Apple,6500,7500,7000,25-06-2024,40.9,29.6,0,0,61,23
Jammu,Akhnoor,Apple,6500,7900,7200,26-06-2024,42,28.2,0,0,53,20
Jammu,Akhnoor,Apple,6500,7900,7200,27-06-2024,36.7,25.8,12,12,88,46
Jammu,Akhnoor,Apple,6500,7900,7200,28-06-2024,36.8,27.3,1.4,1.4,82,43
Jammu,Akhnoor,Apple,6500,8300,7400,29-06-2024,36.4,27.1,0.1,0.1,86,45
Jammu,Akhnoor,Apple,6500,8300,7400,30-06-2024,37.1,26.9,5,5,92,45
Jammu,Akhnoor,Apple,6500,8300,7400,1/7/2024,36.4,25.1,34.9,34.9,96,51
Jammu,Akhnoor,Apple,6500,8500,7500,2/7/2024,36.7,26.4,13.9,13.9,92,54
Jammu,Akhnoor,Apple,6500,8500,7500,3/7/2024,37,26.5,4.8,4.8,96,50
Jammu,Akhnoor,Apple,6500,8500,7500,4/7/2024,33,25.5,6,6,95,58
Jammu,Akhnoor,Apple,6500,8500,7500,5/7/2024,32.8,24.4,13.4,13.4,91,60
Jammu,Akhnoor,Apple,6500,10500,8500,6/7/2024,32.2,24.2,5.2,5.2,94,62
Jammu,Akhnoor,Apple,6600,7800,7200,7/7/2024,33.3,23.7,5.3,5.3,95,57
Jammu,Akhnoor,Apple,6800,7600,7200,8/7/2024,33.9,24.8,2.7,2.7,91,57
Jammu,Akhnoor,Apple,6800,7800,7300,9/7/2024,34.3,23.6,5.9,5.9,96,57
Jammu,Akhnoor,Apple,6800,8000,7400,10/7/2024,33.9,25.2,10.6,10.6,93,58
Jammu,Akhnoor,Apple,6800,8400,7600,11/7/2024,33.3,26.5,6.7,6.7,97,63
Jammu,Akhnoor,Apple,6800,8400,7600,12/7/2024,34,25.3,6.4,6.4,89,57
Jammu,Akhnoor,Apple,6800,8400,7600,13-07-2024,33.9,24.2,0,0,97,51
Jammu,Akhnoor,Apple,6800,10800,8800,14-07-2024,32.9,25.5,6.4,6.4,87,58
Jammu,Akhnoor,Apple,6800,10800,8800,15-07-2024,36.3,26.7,0,0,85,45
Jammu,Akhnoor,Apple,7000,8000,7500,16-07-2024,36.6,27.3,0,0,84,47
Jammu,Akhnoor,Apple,7000,8000,7500,17-07-2024,35.2,27.6,0.1,0.1,83,58
Jammu,Akhnoor,Apple,7000,8000,7500,18-07-2024,33.9,24.3,8.5,8.5,94,60
Jammu,Akhnoor,Apple,7000,8200,7600,19-07-2024,35.9,26.4,5.2,5.2,90,51
Jammu,Akhnoor,Apple,7000,8200,7600,20-07-2024,35.4,26.1,6.6,6.6,95,55
Jammu,Akhnoor,Apple,7000,8200,7600,21-07-2024,35.2,25.5,5.5,5.5,94,54
Jammu,Akhnoor,Apple,7000,8600,7800,22-07-2024,34.1,25,10,10,95,62
Jammu,Akhnoor,Apple,7000,8600,7800,23-07-2024,33.9,25,17.4,17.4,97,59
Jammu,Akhnoor,Apple,7000,11000,9000,24-07-2024,34.6,26.4,0.4,0.4,92,59
Jammu,Akhnoor,Apple,7000,11000,9000,25-07-2024,34.8,25.4,11.8,11.8,95,59
Jammu,Akhnoor,Apple,7000,11000,9000,26-07-2024,34.2,24.5,20.2,20.2,98,62
Jammu,Akhnoor,Apple,7200,8000,7600,27-07-2024,34.2,25.8,36.9,36.9,97,67
Jammu,Akhnoor,Apple,7200,8000,7600,28-07-2024,34.6,26.9,6.3,6.3,99,57
Jammu,Akhnoor,Apple,7200,8000,7600,29-07-2024,31.2,27.3,1.8,1.8,93,75
Jammu,Akhnoor,Apple,7200,8800,8000,30-07-2024,34.8,26.9,0,0,93,64
Jammu,Akhnoor,Apple,7200,8800,8000,31-07-2024,35.7,26.4,4.1,4.1,97,61
Jammu,Akhnoor,Apple,7200,10800,9000,1/8/2024,26.9,24.9,45.7,45.7,98,89
Jammu,Akhnoor,Apple,7200,11200,9200,2/8/2024,33.6,24.7,1.5,1.5,97,62
Jammu,Akhnoor,Apple,7400,9400,8400,3/8/2024,31.7,24.8,19.2,19.2,98,69
Jammu,Akhnoor,Apple,7400,11000,9200,4/8/2024,30.6,26.3,10.9,10.9,94,75
Jammu,Akhnoor,Apple,7400,11400,9400,5/8/2024,32.4,25.5,7.9,7.9,97,73
Jammu,Akhnoor,Apple,7500,9500,8500,6/8/2024,32.8,24.4,10.5,10.5,98,65
Jammu,Akhnoor,Apple,7500,9700,8600,7/8/2024,32,25.5,19.4,19.4,96,71
Jammu,Akhnoor,Apple,7500,10500,9000,8/8/2024,31.5,24.6,61.4,61.4,99,69
Jammu,Akhnoor,Apple,7500,10500,9500,9/8/2024,31.3,25.2,4.6,4.6,96,71
Jammu,Akhnoor,Apple,7500,11500,9500,10/8/2024,31.6,24.6,25.9,25.9,98,71
Jammu,Akhnoor,Apple,7500,11500,9500,11/8/2024,29.4,24.4,18.9,18.9,99,73
Jammu,Akhnoor,Apple,7500,11500,9500,12/8/2024,32.5,24.1,0,0,97,62
Jammu,Akhnoor,Apple,7500,11500,9500,13-08-2024,33.1,25,0,0,91,63
Jammu,Akhnoor,Apple,7500,11500,9500,14-08-2024,32.3,25.9,9.8,9.8,97,70
Jammu,Akhnoor,Apple,7500,11500,9500,15-08-2024,29.5,24.9,44.3,44.3,97,80
Jammu,Akhnoor,Apple,7500,15000,9500,16-08-2024,32.9,25,8.4,8.4,98,60
Jammu,Akhnoor,Apple,7600,9600,8600,17-08-2024,31.6,24.8,26.2,26.2,97,69
Jammu,Akhnoor,Apple,7600,9600,8600,18-08-2024,32.6,24.8,1.8,1.8,99,66
Jammu,Akhnoor,Apple,7600,11600,8600,19-08-2024,31.7,24.7,8.6,8.6,98,67
Jammu,Akhnoor,Apple,7600,11600,9600,20-08-2024,30.9,23.3,5.4,5.4,98,71
Jammu,Akhnoor,Apple,7600,11600,9600,21-08-2024,32.1,24.2,2.3,2.3,95,65
Jammu,Akhnoor,Apple,7600,11600,9600,22-08-2024,32.6,23.6,0,0,96,61
Jammu,Akhnoor,Apple,7600,11600,9600,23-08-2024,32.8,24.9,2,2,91,61
Jammu,Akhnoor,Apple,7600,11600,9600,24-08-2024,32.5,23.1,4.9,4.9,97,62
Jammu,Akhnoor,Apple,7600,11600,9600,25-08-2024,32.8,24.9,0,0,95,61
Jammu,Akhnoor,Apple,7800,9000,8400,26-08-2024,32.1,25.7,13.3,13.3,91,70
Jammu,Akhnoor,Apple,7800,9400,8600,27-08-2024,31.1,24.2,7.9,7.9,96,62
Jammu,Akhnoor,Apple,7800,9400,8600,28-08-2024,31.1,25,1.2,1.2,94,65
Jammu,Akhnoor,Apple,7800,9400,8600,29-08-2024,28.1,24.5,22.5,22.5,94,81
Jammu,Akhnoor,Apple,7800,9800,8800,30-08-2024,31.5,24.8,0.8,0.8,97,66
Jammu,Akhnoor,Apple,7800,9800,8800,31-08-2024,32.4,24.9,0,0,97,61
Jammu,Akhnoor,Apple,7800,9800,8800,1/9/2024,32.6,24.6,0.3,0.3,95,65
Jammu,Akhnoor,Apple,7800,9800,8800,2/9/2024,31.3,24.2,10,10,97,70
Jammu,Akhnoor,Apple,7800,9800,8800,3/9/2024,29.5,23.2,43.6,43.6,98,75
Jammu,Akhnoor,Apple,7800,11800,9800,4/9/2024,30.6,23.3,6.1,6.1,99,67
Jammu,Akhnoor,Apple,7800,11800,9800,5/9/2024,30.3,23,3.5,3.5,95,68
Jammu,Akhnoor,Apple,7800,11800,9800,6/9/2024,30.5,22.6,13.6,13.6,99,68
Jammu,Akhnoor,Apple,7800,11800,9800,7/9/2024,30.5,23.1,3.3,3.3,93,67
Jammu,Akhnoor,Apple,7800,11800,9800,8/9/2024,31.8,23.7,1.2,1.2,95,58
Jammu,Akhnoor,Apple,7800,11800,9800,9/9/2024,32.6,25.2,0,0,93,59
Jammu,Akhnoor,Apple,7800,11800,9800,10/9/2024,31.2,25,2.5,2.5,95,70
Jammu,Akhnoor,Apple,7800,11800,9800,11/9/2024,31.6,24,0.1,0.1,90,63
Jammu,Akhnoor,Apple,8000,9000,8500,12/9/2024,33.2,23.5,0,0,92,54
Jammu,Akhnoor,Apple,8000,9000,8500,13-09-2024,32,23.4,3.1,3.1,94,64
Jammu,Akhnoor,Apple,8000,9200,8600,14-09-2024,30.8,22,1.9,1.9,95,63
Jammu,Akhnoor,Apple,8000,9200,8600,15-09-2024,31.7,23.3,0,0,91,60
Jammu,Akhnoor,Apple,8000,9200,8600,16-09-2024,32.1,23.3,0,0,88,55
Jammu,Akhnoor,Apple,8000,9200,8600,17-09-2024,32.9,22.7,0,0,90,54
Jammu,Akhnoor,Apple,8000,9200,8600,18-09-2024,32.5,23.7,0,0,88,58
Jammu,Akhnoor,Apple,8000,9200,8600,19-09-2024,31,23,0,0,80,50
Jammu,Akhnoor,Apple,8000,9400,8700,20-09-2024,31.8,22.4,0,0,87,58
Jammu,Akhnoor,Apple,8000,9400,8700,21-09-2024,32.3,23.2,0,0,91,56
Jammu,Akhnoor,Apple,8000,9400,8700,22-09-2024,33.2,25,0,0,88,58
Jammu,Akhnoor,Apple,8000,10000,9000,23-09-2024,34.5,25.3,0,0,88,54
Jammu,Akhnoor,Apple,8000,10000,9000,24-09-2024,34.7,25.7,0,0,87,51
Jammu,Akhnoor,Apple,8000,10000,9000,25-09-2024,33.2,25.8,3.9,3.9,88,60
Jammu,Akhnoor,Apple,8000,10000,9000,26-09-2024,30,23.7,3.5,3.5,95,66
Jammu,Akhnoor,Apple,8000,10400,9200,27-09-2024,31.5,23,4.3,4.3,94,61
Jammu,Akhnoor,Apple,8000,10800,9400,28-09-2024,30.7,21.6,10.1,10.1,98,59
Jammu,Akhnoor,Apple,8000,11000,9500,29-09-2024,30.9,22.7,0,0,93,60
Jammu,Akhnoor,Apple,8200,9400,8800,30-09-2024,31.8,21.2,0,0,95,58
Jammu,Akhnoor,Apple,8200,9400,8800,1/10/2024,32,21.1,0,0,95,50
Jammu,Akhnoor,Apple,8200,9800,9000,2/10/2024,33,22.2,0,0,96,50
Jammu,Akhnoor,Apple,8200,9800,9000,3/10/2024,33.1,22.2,0,0,87,45
Jammu,Akhnoor,Apple,8200,11000,9600,4/10/2024,33.7,23.8,0,0,83,43
Jammu,Akhnoor,Apple,8200,11000,9600,5/10/2024,32.7,23.3,0,0,79,42
Jammu,Akhnoor,Apple,8300,9300,8800,6/10/2024,31.6,21.3,0,0,78,44
Jammu,Akhnoor,Apple,8400,9200,8800,7/10/2024,31.3,19.4,0,0,78,43
Jammu,Akhnoor,Apple,8400,9600,9000,8/10/2024,29.8,21.4,0,0,87,52
Jammu,Akhnoor,Apple,8400,9600,9000,9/10/2024,30.9,19,0,0,91,35
Jammu,Akhnoor,Apple,8400,9600,9000,10/10/2024,30.3,17.9,0,0,72,33
Jammu,Akhnoor,Apple,8400,9600,9000,11/10/2024,30.1,17.1,0,0,73,37
Jammu,Akhnoor,Apple,8400,10800,9600,12/10/2024,30.5,17.9,0,0,77,38
Jammu,Akhnoor,Apple,8400,10800,9600,13-10-2024,30.6,19.2,0,0,80,44
Jammu,Akhnoor,Apple,8500,9500,9000,14-10-2024,30.9,18.8,0,0,88,42
Jammu,Akhnoor,Apple,8500,9500,9000,15-10-2024,30.2,18.8,0,0,81,43
Jammu,Akhnoor,Apple,8500,9500,9000,16-10-2024,31,17.9,0,0,87,39
Jammu,Akhnoor,Apple,8500,9500,9000,17-10-2024,31.5,18.6,0,0,77,36
Jammu,Akhnoor,Apple,8500,9500,9000,18-10-2024,31.1,20.2,0,0,73,37
Jammu,Akhnoor,Apple,8500,10400,9700,19-10-2024,30.1,18.8,0,0,78,45
Jammu,Akhnoor,Apple,8500,10500,9500,20-10-2024,30.5,20.3,0,0,81,44
Jammu,Akhnoor,Apple,8500,10500,9500,21-10-2024,29.5,19.6,0,0,79,50
Jammu,Akhnoor,Apple,8500,10500,9500,22-10-2024,30.1,19.9,0,0,82,44
Jammu,Akhnoor,Apple,8500,10500,9500,23-10-2024,30.3,18.6,0,0,81,40
Jammu,Akhnoor,Apple,8500,10500,9500,24-10-2024,30.1,16.3,0,0,72,34
Jammu,Akhnoor,Apple,8500,10500,9500,25-10-2024,29.5,16.5,0,0,68,42
Jammu,Akhnoor,Apple,8500,10500,9500,26-10-2024,29.3,16.2,0,0,84,47
Jammu,Akhnoor,Apple,8500,10500,9500,27-10-2024,29.9,17.7,0,0,88,44
Jammu,Akhnoor,Apple,8600,9800,9200,28-10-2024,30.4,18.8,0,0,81,44
Jammu,Akhnoor,Apple,8600,9800,9200,29-10-2024,30.5,19.5,0,0,80,44
Jammu,Akhnoor,Apple,8600,9800,9200,30-10-2024,31,18.2,0,0,76,30
Jammu,Akhnoor,Apple,8600,9800,9200,31-10-2024,29.2,15.2,0,0,69,39
Jammu,Akhnoor,Apple,8600,9800,9200,1/11/2024,28.3,16,0,0,88,46
Jammu,Akhnoor,Apple,8600,9800,9200,2/11/2024,28.8,16.2,0,0,90,39
Jammu,Akhnoor,Apple,8600,11000,9800,3/11/2024,29.1,17,0,0,84,39
Jammu,Akhnoor,Apple,8700,10700,9700,4/11/2024,28.5,16.2,0,0,81,38
Jammu,Akhnoor,Apple,8800,10000,9400,5/11/2024,28,16.7,0,0,76,44
Jammu,Akhnoor,Apple,8800,11200,10000,6/11/2024,27.7,16.5,0,0,81,50
Jammu,Akhnoor,Apple,8800,11200,10000,7/11/2024,28,17.2,0,0,91,54
Jammu,Akhnoor,Apple,8800,11200,10000,8/11/2024,27.8,17.5,0,0,92,54
Jammu,Akhnoor,Apple,8800,11600,10200,9/11/2024,27.3,17.1,0,0,94,57
Jammu,Akhnoor,Apple,8800,11600,10200,10/11/2024,27.5,16.9,0.3,0.3,93,55
Jammu,Akhnoor,Apple,9000,10400,9700,11/11/2024,26.4,16.4,9.3,9.3,92,60
Jammu,Akhnoor,Apple,9000,11000,10000,12/11/2024,26.9,14.4,0,0,92,42
Jammu,Akhnoor,Apple,9000,11000,10000,13-11-2024,25.1,13.4,0,0,91,50
Jammu,Akhnoor,Apple,9000,11000,10000,14-11-2024,25.2,13.3,0,0,92,54
Jammu,Akhnoor,Apple,9000,11000,10000,15-11-2024,24.7,13.9,0,0,92,52
Jammu,Akhnoor,Apple,9000,11000,10000,16-11-2024,23.5,13.4,0.3,0.3,95,53
Jammu,Akhnoor,Apple,9000,11000,10000,17-11-2024,23.1,10.1,0,0,94,54
Jammu,Akhnoor,Apple,9000,11000,10000,18-11-2024,22.7,11,0,0,96,49
Jammu,Akhnoor,Apple,9000,11000,10000,19-11-2024,22.4,10.7,0,0,97,49
Jammu,Akhnoor,Apple,9000,11000,10000,20-11-2024,22,10.6,0,0,97,45
Jammu,Akhnoor,Apple,9000,11400,10200,21-11-2024,22.1,10.2,0,0,97,55
Jammu,Akhnoor,Apple,9200,11200,10200,22-11-2024,22.9,10.6,0,0,91,53
Jammu,Akhnoor,Apple,9200,11200,10200,23-11-2024,22.3,11.6,0.5,0.5,89,51
Jammu,Akhnoor,Apple,9400,11800,10600,24-11-2024,24.5,12.5,0.5,0.5,88,39
Jammu,Akhnoor,Apple,9400,12600,11000,25-11-2024,22.3,9.5,0,0,95,49
Jammu,Akhnoor,Apple,9400,12600,11000,26-11-2024,22.3,10,0,0,92,48
Jammu,Akhnoor,Apple,9500,12500,11000,27-11-2024,21.7,8.9,0,0,92,42
Jammu,Akhnoor,Apple,9500,12500,11000,28-11-2024,21.8,9,0,0,87,45
Jammu,Akhnoor,Apple,9500,12500,11000,29-11-2024,22,9.2,0,0,83,46
Jammu,Akhnoor,Apple,9500,12500,11000,30-11-2024,21.8,10.4,0.3,0.3,81,51
Jammu,Akhnoor,Apple,9800,12600,11200,1/12/2024,22.1,8.9,0,0,78,48
Jammu,Akhnoor,Apple,9800,12600,11200,2/12/2024,23,9.5,0,0,78,37
Jammu,Akhnoor,Apple,10000,13000,11500,3/12/2024,22.8,8.3,0,0,80,36
Jammu,Akhnoor,Apple,10000,13000,11500,4/12/2024,21.2,7.2,0,0,80,43
Jammu,Akhnoor,Apple,10200,13800,12000,5/12/2024,20.8,7.8,0,0,82,42
Jammu,Akhnoor,Apple,10200,13800,12000,6/12/2024,19.9,5.9,0,0,83,36
Jammu,Akhnoor,Apple,10500,13500,12000,7/12/2024,19.7,7.4,0,0,75,37
Jammu,Akhnoor,Apple,10800,12600,11200,8/12/2024,19.4,8.3,0,0,75,35
Jammu,Akhnoor,Apple,11000,13000,12000,9/12/2024,18,5.3,0,0,81,41
Jammu,Akhnoor,Apple,11000,13400,12200,10/12/2024,16.9,2.6,0,0,91,33
Jammu,Akhnoor,Apple,11000,13600,12300,11/12/2024,17.6,3.7,0,0,80,31
Jammu,Akhnoor,Apple,11000,13800,12400,12/12/2024,17.7,6.5,0,0,69,33
Jammu,Akhnoor,Apple,11000,14000,12500,13-12-2024,19.2,3.8,0,0,80,38
Jammu,Akhnoor,Apple,11000,14000,12500,14-12-2024,17.3,2.7,0,0,84,42
Jammu,Akhnoor,Apple,11000,14000,12500,15-12-2024,17.9,5.7,0,0,89,43
Jammu,Akhnoor,Apple,11200,13600,12400,16-12-2024,17.6,5.6,0,0,87,42
Jammu,Akhnoor,Apple,11200,13600,12400,17-12-2024,17.8,4.4,0,0,83,39
Jammu,Akhnoor,Apple,11200,13600,12400,18-12-2024,17.8,3.5,0,0,92,43
Jammu,Akhnoor,Apple,11200,14000,12600,19-12-2024,18.7,5.9,0,0,86,43
Jammu,Akhnoor,Apple,11400,14000,12700,20-12-2024,18.4,5.8,0,0,92,53
Jammu,Akhnoor,Apple,3000,4400,3700,21-12-2024,17.4,4.6,0,0,92,48
Jammu,Akhnoor,Apple,3000,4400,3700,22-12-2024,17.6,7,0,0,89,50
Jammu,Akhnoor,Apple,3000,4600,3800,23-12-2024,16.7,6.6,0,0,89,48
Jammu,Akhnoor,Apple,3000,4600,3800,24-12-2024,18,5.3,0,0,97,43
Jammu,Akhnoor,Apple,3200,4800,4000,25-12-2024,18.8,5.3,0,0,93,45
Jammu,Akhnoor,Apple,3200,4800,4000,26-12-2024,18.9,3.5,0,0,93,42
Jammu,Akhnoor,Apple,3200,4800,4000,27-12-2024,17.5,7,0.8,0.8,95,52
Jammu,Akhnoor,Apple,3400,5000,4200,28-12-2024,15.1,7.7,3.1,3.1,95,73
Jammu,Akhnoor,Apple,3400,5000,4200,29-12-2024,17.8,3.7,0,0,99,54
Jammu,Akhnoor,Apple,3400,5800,4600,30-12-2024,16.1,3.4,0,0,95,54
Jammu,Akhnoor,Apple,3500,5500,4500,31-12-2024,16.3,5.5,0,0,97,62
Jammu,Akhnoor,Apple,3500,5900,4700,1/1/2025,14.7,6.9,0,0,99,70
Jammu,Akhnoor,Apple,3600,5600,4600,2/1/2025,17,6.9,0,0,97,66
Jammu,Akhnoor,Apple,3600,5600,4600,3/1/2025,18.9,9.4,0,0,89,56
Jammu,Akhnoor,Apple,3800,5400,4600,4/1/2025,21,8.7,0,0,86,39
Jammu,Akhnoor,Apple,3800,5800,4800,5/1/2025,16,9.6,23,23,94,60
Jammu,Akhnoor,Apple,4000,6000,5000,6/1/2025,17.6,8.8,0,0,96,60
Jammu,Akhnoor,Apple,4000,6000,5000,7/1/2025,17.8,4.9,0,0,99,58
Jammu,Akhnoor,Apple,4200,5800,5000,8/1/2025,15.7,5.1,0,0,96,54
Jammu,Akhnoor,Apple,4400,6800,5600,9/1/2025,17.1,5.1,0,0,95,60
Jammu,Akhnoor,Apple,4500,6500,5500,10/1/2025,16.1,4.9,0,0,100,66
Jammu,Akhnoor,Apple,4600,6600,5600,11/1/2025,15.3,6.8,0.2,0.2,100,69
Jammu,Akhnoor,Apple,4800,6400,5600,12/1/2025,18.2,9,3.4,3.4,99,48
Jammu,Akhnoor,Apple,4800,6600,5700,13-01-2025,17.3,5.9,0,0,98,58
Jammu,Akhnoor,Apple,5000,7000,6000,14-01-2025,16.7,4.3,0,0,97,59
Jammu,Akhnoor,Apple,5000,7000,6000,15-01-2025,17.4,5.2,0,0,93,53
Jammu,Akhnoor,Apple,5000,7000,6000,16-01-2025,16.4,5.3,1.4,1.4,96,53
Jammu,Akhnoor,Apple,5000,7000,6000,17-01-2025,17.1,3.3,0,0,96,49
Jammu,Akhnoor,Apple,5000,7000,6000,18-01-2025,17.4,8.5,0,0,86,56
Jammu,Akhnoor,Apple,5000,7000,6000,19-01-2025,19,8.9,0,0,79,48
Jammu,Akhnoor,Apple,5200,7200,6200,20-01-2025,20.7,8.1,0,0,83,48
Jammu,Akhnoor,Apple,5400,7800,6600,21-01-2025,20.8,8.8,0,0,86,52
Jammu,Akhnoor,Apple,6500,7500,7000,22-01-2025,20.3,5.6,0,0,96,39
Jammu,Batote,Apple,6000,8000,7000,23-01-2025,19.8,5.4,0,0,86,48
Jammu,Batote,Apple,4000,6000,5000,24-01-2025,19.1,4.1,0,0,88,51
Jammu,Batote,Apple,5000,7000,6000,25-01-2025,18.5,3.8,0,0,88,40
Jammu,Batote,Apple,5000,7000,6000,26-01-2025,18.6,3.5,0,0,88,42
Jammu,Batote,Apple,5000,7000,6000,27-01-2025,19,5,0,0,77,45
Jammu,Batote,Apple,5000,7000,6000,28-01-2025,19.9,5.7,0,0,88,41
Jammu,Batote,Apple,5000,7000,6000,29-01-2025,18.9,9.5,0,0,84,38
Jammu,Batote,Apple,5000,7000,6000,30-01-2025,21.7,8.2,0,0,62,40
Jammu,Batote,Apple,5000,7000,6000,31-01-2025,21.4,4.9,0,0,72,38
Jammu,Batote,Apple,5000,7000,6000,1/2/2025,19.7,8.9,16.8,16.8,95,43
Jammu,Batote,Apple,5500,5700,5600,2/2/2025,19.8,6.4,0,0,91,51
Jammu,Batote,Apple,5500,6500,6000,3/2/2025,19.5,5.2,0,0,92,48
Jammu,Batote,Apple,5500,6500,6000,4/2/2025,20.3,6.5,0,0,96,37
Jammu,Batote,Apple,5500,6500,6000,5/2/2025,18.7,5.5,0,0,97,40
Jammu,Batote,Apple,5500,6500,6000,6/2/2025,19.4,5.5,0,0,85,36
Jammu,Batote,Apple,6000,6400,6200,7/2/2025,19,2.1,0,0,84,43
Jammu,Batote,Apple,6000,6400,6200,8/2/2025,19.2,5.5,0,0,72,46
Jammu,Batote,Apple,6000,7000,6500,9/2/2025,21,8.1,0,0,73,46
Jammu,Batote,Apple,6000,7000,6500,10/2/2025,20.1,9.9,0,0,77,50
Jammu,Batote,Apple,6000,7000,6500,11/2/2025,22.2,8.2,0,0,75,39
Jammu,Batote,Apple,6000,7000,6500,12/2/2025,21.5,7.9,0,0,72,35
Jammu,Batote,Apple,6000,7000,6500,13-02-2025,21.6,4.5,0,0,70,27
Jammu,Batote,Apple,6000,7000,6500,14-02-2025,21.5,4.9,0,0,60,31
Jammu,Batote,Apple,6000,7000,6500,15-02-2025,21.5,10.3,0,0,67,38
Jammu,Batote,Apple,6000,7000,6500,16-02-2025,22.5,7.6,0,0,73,46
Jammu,Batote,Apple,6000,7000,6500,17-02-2025,24,7.9,0,0,74,31
Jammu,Batote,Apple,6000,7000,6500,18-02-2025,23.6,10.2,0,0,58,32
Jammu,Batote,Apple,6000,7000,6500,19-02-2025,23.2,9.4,0,0,65,32
Jammu,Batote,Apple,6000,7000,6500,20-02-2025,14.8,10.7,30.5,30.5,93,74
Jammu,Batote,Apple,6000,7000,6500,21-02-2025,20.4,9.1,0.1,0.1,91,54
Jammu,Batote,Apple,6000,7000,6500,22-02-2025,21.3,9,0,0,93,52
Jammu,Batote,Apple,6000,7000,6500,23-02-2025,22.2,8.1,0,0,97,51
Jammu,Batote,Apple,6000,7000,6500,24-02-2025,23.7,8.2,0,0,96,46
Jammu,Batote,Apple,6000,7000,6500,25-02-2025,20,11.5,1.9,1.9,89,59
Jammu,Batote,Apple,6000,8000,7000,26-02-2025,21.3,13.8,1.7,1.7,86,60
Jammu,Batote,Apple,6000,8000,7000,27-02-2025,17.7,12.4,53.6,53.6,94,68
Jammu,Batote,Apple,6000,8000,7000,28-02-2025,19.4,11.6,45.4,45.4,93,62
Jammu,Batote,Apple,6000,8000,7000,1/3/2025,21.7,9.6,0,0,93,51
Jammu,Batote,Apple,6000,8000,7000,2/3/2025,22.3,8.2,0,0,92,45
Jammu,Batote,Apple,6000,8000,7000,3/3/2025,19.9,10.7,1.8,1.8,88,45
Jammu,Batote,Apple,6000,8000,7000,4/3/2025,18.8,10,0.2,0.2,88,48
Jammu,Batote,Apple,6000,8000,7000,5/3/2025,21.6,6.2,0,0,81,45
Jammu,Batote,Apple,6000,8000,7000,6/3/2025,22.3,7.3,0,0,96,50
Jammu,Batote,Apple,6000,8000,7000,7/3/2025,23.2,8.7,0,0,97,46
Jammu,Batote,Apple,6000,8000,7000,8/3/2025,24.1,10,0,0,91,49
Jammu,Batote,Apple,6000,8000,7000,9/3/2025,25.5,11.5,0,0,82,46
Jammu,Batote,Apple,6000,8000,7000,10/3/2025,24.3,17.3,4.3,4.3,81,45
Jammu,Batote,Apple,6000,8000,7000,11/3/2025,26.6,14.8,0.2,0.2,83,40
Jammu,Batote,Apple,6000,8000,7000,12/3/2025,25.4,14,0.6,0.6,89,41
Jammu,Batote,Apple,6000,8000,7000,13-03-2025,24,13.5,0.3,0.3,87,43
Jammu,Batote,Apple,6000,8000,7000,14-03-2025,23.4,12.6,9.7,9.7,80,44
Jammu,Batote,Apple,6000,8000,7000,15-03-2025,22.7,12.1,13,13,91,47
Jammu,Batote,Apple,6000,8000,7000,16-03-2025,24.2,9.3,0,0,92,41
Jammu,Batote,Apple,6000,8000,7000,17-03-2025,24.9,11,0,0,89,40
Jammu,Batote,Apple,6000,8000,7000,18-03-2025,25.9,11,0,0,91,45
Jammu,Batote,Apple,6000,8000,7000,19-03-2025,26.8,12.1,0,0,86,43
Jammu,Batote,Apple,6000,8000,7000,20-03-2025,27.3,10.8,0,0,77,31
Jammu,Batote,Apple,6000,8000,7000,21-03-2025,26.8,11.4,0,0,80,40
Jammu,Batote,Apple,6000,8000,7000,22-03-2025,27.6,10.8,0,0,74,30
Jammu,Batote,Apple,6000,8000,7000,23-03-2025,27.7,11.7,0,0,87,38
Jammu,Batote,Apple,6000,8000,7000,24-03-2025,28.2,12.2,0,0,92,43
Jammu,Batote,Apple,6000,8000,7000,25-03-2025,27.5,16.3,0,0,83,48
Jammu,Batote,Apple,6000,8000,7000,26-03-2025,30.5,17.4,0,0,62,30
Jammu,Batote,Apple,6000,8000,7000,27-03-2025,30.9,18.2,0,0,58,27
Jammu,Batote,Apple,6000,8000,7000,28-03-2025,22.6,13.3,0,0,87,23
Jammu,Batote,Apple,6000,8000,7000,29-03-2025,27,9.4,0,0,69,22
Jammu,Batote,Apple,6000,8000,7000,30-03-2025,26.9,9.1,0,0,80,33
Jammu,Batote,Apple,6000,8000,7000,31-03-2025,29,9.7,0,0,79,29
Jammu,Batote,Apple,6000,8000,7000,1/4/2025,28.6,10.7,0,0,76,31
Jammu,Batote,Apple,6000,8000,7000,2/4/2025,29.5,11.5,0,0,65,26
Jammu,Batote,Apple,6000,8000,7000,3/4/2025,30.2,14,0,0,55,26
Jammu,Batote,Apple,6000,8000,7000,4/4/2025,30.1,16.6,0,0,61,26
Jammu,Batote,Apple,6000,8000,7000,5/4/2025,30.1,15,0,0,70,36
Jammu,Batote,Apple,6000,8000,7000,6/4/2025,31.9,15.2,0,0,70,33
Jammu,Batote,Apple,6500,6700,6600,7/4/2025,34.1,17.2,0,0,69,29
Jammu,Batote,Apple,6500,6900,6700,8/4/2025,34.9,19.5,0,0,65,24
Jammu,Batote,Apple,6500,6900,6700,9/4/2025,34.3,22.6,0,0,56,25
Jammu,Batote,Apple,6500,6900,6700,10/4/2025,32.6,19.5,0,0,56,25
Jammu,Batote,Apple,6500,7500,7000,11/4/2025,29.8,17.9,8.7,8.7,81,34
Jammu,Batote,Apple,6500,7500,7000,12/4/2025,30.1,16.8,0,0,72,35
Jammu,Batote,Apple,6500,7500,7000,13-04-2025,30.7,16,0,0,82,36
Jammu,Batote,Apple,6500,7500,7000,14-04-2025,32.8,18.3,0,0,83,34
Jammu,Batote,Apple,6500,7500,7000,15-04-2025,33.7,20.5,0,0,71,34
Jammu,Batote,Apple,6500,7500,7000,16-04-2025,34.5,19.6,1.3,1.3,72,27
Jammu,Batote,Apple,6500,7500,7000,17-04-2025,34.2,21.5,0,0,61,31
Jammu,Batote,Apple,6500,8500,7500,18-04-2025,35.2,19.9,0.2,0.2,67,24
Jammu,Batote,Apple,6600,7000,6800,19-04-2025,34.6,21.2,6.2,6.2,65,24
Jammu,Batote,Apple,7000,7200,7100,20-04-2025,33.4,20.1,1.5,1.5,77,30
Jammu,Batote,Apple,7000,7200,7100,21-04-2025,35.3,19.1,0,0,49,19
Jammu,Batote,Apple,7000,7200,7100,22-04-2025,35.2,20.5,0,0,44,16
Jammu,Batote,Apple,7000,7200,7100,23-04-2025,34.8,19.2,0,0,40,15
Jammu,Batote,Apple,7000,7200,7100,24-04-2025,34.9,18.2,0,0,43,13
Jammu,Batote,Apple,7000,7200,7100,25-04-2025,36.9,23.6,0,0,25,10
Jammu,Batote,Apple,7000,7200,7100,26-04-2025,37.3,21.6,0,0,31,10
Jammu,Batote,Apple,7000,7400,7200,27-04-2025,36.9,21.6,0,0,32,14
Jammu,Batote,Apple,7000,7400,7200,28-04-2025,36.7,19.4,0,0,37,17
Jammu,Batote,Apple,7000,7400,7200,29-04-2025,36,21.7,0,0,42,26
Jammu,Batote,Apple,7000,7400,7200,30-04-2025,35.9,23.2,0,0,57,29
Jammu,Batote,Apple,7000,7400,7200,1/5/2025,33.5,23.7,0.4,0.4,58,36
Jammu,Batote,Apple,7000,7400,7200,2/5/2025,28.1,22.8,3.6,3.6,76,48
Jammu,Batote,Apple,7000,7400,7200,3/5/2025,31.9,21.5,0.2,0.2,82,32
Jammu,Batote,Apple,7000,7400,7200,4/5/2025,33.9,19.6,1.1,1.1,67,27
Jammu,Batote,Apple,7000,8000,7500,5/5/2025,28.1,21,13.7,13.7,90,49
Jammu,Batote,Apple,7000,8000,7500,6/5/2025,32.5,20.5,0.1,0.1,80,35
Jammu,Batote,Apple,7000,8000,7500,7/5/2025,32.4,22.1,0,0,65,37
Jammu,Batote,Apple,7000,8000,7500,8/5/2025,32.2,22.1,2.7,2.7,85,42
Jammu,Batote,Apple,7000,8000,7500,9/5/2025,31.8,21.3,3.2,3.2,88,44
Jammu,Batote,Apple,7000,9000,8000,10/5/2025,32.8,21,0,0,86,38
Jammu,Batote,Apple,7000,9000,8000,11/5/2025,33,19.6,0,0,86,37
Jammu,Batote,Apple,7000,9000,8000,12/5/2025,33.1,20.2,0,0,73,31
Jammu,Batote,Apple,7000,9000,8000,13-05-2025,34.5,19.8,0,0,63,27
Jammu,Batote,Apple,7000,9000,8000,14-05-2025,37.1,20.1,0,0,61,22
Jammu,Batote,Apple,7000,9000,8000,15-05-2025,37.9,20.5,0,0,56,22
Jammu,Batote,Apple,7000,9000,8000,16-05-2025,38.9,21.9,0,0,52,17
Jammu,Batote,Apple,7000,9000,8000,17-05-2025,38.6,21.8,0,0,54,21
Jammu,Batote,Apple,7000,9000,8000,18-05-2025,39.1,23.5,0,0,55,21
Jammu,Batote,Apple,7000,9000,8000,19-05-2025,36.7,25.5,0,0,54,25
Jammu,Batote,Apple,7000,9000,8000,20-05-2025,38.8,23.5,0,0,43,21
Jammu,Batote,Apple,7000,9000,8000,21-05-2025,38.3,24.5,0,0,51,28
Jammu,Batote,Apple,7000,9000,8000,22-05-2025,37.5,25.4,0,0,49,30
Jammu,Batote,Apple,7000,9000,8000,23-05-2025,36.9,27.7,0,0,63,35
Jammu,Batote,Apple,7000,9000,8000,24-05-2025,34.9,23.8,9.2,9.2,92,40
Jammu,Batote,Apple,7000,9000,8000,25-05-2025,34.2,23.4,0,0,89,38
Jammu,Batote,Apple,7000,9000,8000,26-05-2025,36.6,22.4,0,0,82,31
Jammu,Batote,Apple,7000,9000,8000,27-05-2025,37.1,25.2,0,0,64,29
Jammu,Batote,Apple,7000,9000,8000,28-05-2025,37,26.2,0.4,0.4,66,27
Jammu,Batote,Apple,7000,9000,8000,29-05-2025,37.7,24.1,0,0,60,21
Jammu,Batote,Apple,7000,9000,8000,30-05-2025,36,25.4,0.7,0.7,45,24
Jammu,Batote,Apple,7000,9000,8000,31-05-2025,33,21.6,2.1,2.1,83,29
Jammu,Batote,Apple,7000,9000,8000,1/6/2025,34.8,21.9,0,0,61,23
Jammu,Batote,Apple,7000,9000,8000,2/6/2025,35.3,20.5,0.1,0.1,52,21
Jammu,Batote,Apple,7000,9000,8000,3/6/2025,33.9,22,1.1,1.1,74,25
Jammu,Batote,Apple,7000,9000,8000,4/6/2025,32.1,21,0.4,0.4,85,32
Jammu,Batote,Apple,7000,9000,8000,5/6/2025,34.6,20.7,0,0,64,28
Jammu,Batote,Apple,7000,9000,8000,6/6/2025,36.8,22.8,0,0,61,27
Jammu,Batote,Apple,7000,9000,8000,7/6/2025,38.6,24.9,0,0,61,28
Jammu,Batote,Apple,7000,9000,8000,8/6/2025,40.9,26,0,0,59,20
Jammu,Batote,Apple,7000,9000,8000,9/6/2025,42,24.3,0,0,48,17
Jammu,Batote,Apple,7000,9000,8000,10/6/2025,41.7,27.2,0,0,43,21
Jammu,Batote,Apple,7000,9000,8000,11/6/2025,42,28.7,0,0,43,23
Jammu,Batote,Apple,7000,9000,8000,12/6/2025,42,29.6,0,0,45,19
Jammu,Batote,Apple,7000,9000,8000,13-06-2025,40.3,30.5,0,0,46,26
Jammu,Batote,Apple,7000,9000,8000,14-06-2025,40.4,28.6,0,0,53,21
Jammu,Batote,Apple,7000,9000,8000,15-06-2025,40.6,26.5,3,3,87,23
Jammu,Batote,Apple,7000,9000,8000,16-06-2025,33.4,27.1,0,0,81,39
Jammu,Batote,Apple,7000,9000,8000,17-06-2025,34.8,26,0.7,0.7,83,41
Jammu,Batote,Apple,7000,9000,8000,18-06-2025,37.2,25.1,0,0,81,36
Jammu,Batote,Apple,7000,9000,8000,19-06-2025,37.3,27.8,0.7,0.7,71,44
Jammu,Batote,Apple,7000,9000,8000,20-06-2025,36.1,26.6,1.9,1.9,85,50
Jammu,Batote,Apple,7000,9000,8000,21-06-2025,34.1,26,4.5,4.5,94,58
Jammu,Batote,Apple,7000,9000,8000,22-06-2025,33.1,26.1,15.3,15.3,96,63
Jammu,Batote,Apple,7000,9000,8000,23-06-2025,35.8,25.7,0,0,91,49
Jammu,Batote,Apple,7000,11000,9000,24-06-2025,35.2,27.2,0,0,90,57
Jammu,Batote,Apple,7500,7700,7600,25-06-2025,31.1,26,23.1,23.1,96,75
Jammu,Batote,Apple,7500,8000,7750,26-06-2025,33.6,25.4,5.8,5.8,96,56
Jammu,Batote,Apple,7500,8000,7750,27-06-2025,33.8,26.5,1.8,1.8,93,60
Jammu,Batote,Apple,7500,8000,7750,28-06-2025,34.8,26.3,2.5,2.5,92,56
Jammu,Batote,Apple,7500,8000,7750,29-06-2025,33.5,25,8,8,99,64
Jammu,Batote,Apple,7500,8000,7750,30-06-2025,32.9,24.4,10.8,10.8,96,66
Jammu,Batote,Apple,9000,11000,10000,1/4/2024,27.3,13.6,0,0,81,37
Jammu,Batote,Apple,9000,11000,10000,2/4/2024,28.5,13.9,0,0,76,32
Jammu,Batote,Apple,9000,11000,10000,3/4/2024,30,15.3,1.1,1.1,70,29
Jammu,Batote,Apple,9000,11000,10000,4/4/2024,31.6,16.3,0,0,53,19
Jammu,Batote,Apple,10000,12000,11000,5/4/2024,30.3,14.6,0,0,70,21
Srinagar,Ganderbal,Apple,5000,5624,5310,6/4/2024,30.5,14.6,0,0,59,22
Srinagar,Ganderbal,Apple,5000,5625,5312,7/4/2024,31,13.8,0.5,0.5,68,20
Srinagar,Ganderbal,Apple,5000,5625,5312,8/4/2024,31.9,13.8,0,0,66,21
Srinagar,Ganderbal,Apple,5000,5625,5312,9/4/2024,32,14.2,0,0,53,22
Srinagar,Ganderbal,Apple,5000,5625,5312,10/4/2024,32.3,14.8,0,0,53,23
Srinagar,Ganderbal,Apple,5000,5625,5312,11/4/2024,30.9,19.5,0.3,0.3,59,26
Srinagar,Ganderbal,Apple,5000,5625,5312,12/4/2024,33.2,15.9,0,0,63,23
Srinagar,Ganderbal,Apple,5000,5625,5312,13-04-2024,32.8,19.2,0.9,0.9,63,27
Srinagar,Ganderbal,Apple,5000,5625,5312,14-04-2024,27.7,19.6,5.1,5.1,78,41
Srinagar,Ganderbal,Apple,5000,6250,5625,15-04-2024,28.6,18,11.4,11.4,93,40
Srinagar,Ganderbal,Apple,5000,6250,5625,16-04-2024,29.1,16,0,0,87,40
Srinagar,Ganderbal,Apple,5000,6250,5625,17-04-2024,29.7,15.5,0,0,85,29
Srinagar,Ganderbal,Apple,5000,6250,5625,18-04-2024,26.5,19.8,4.4,4.4,84,46
Srinagar,Ganderbal,Apple,5000,6250,5625,19-04-2024,29.7,18.2,25.8,25.8,92,39
Srinagar,Ganderbal,Apple,5000,6250,5625,20-04-2024,29.6,16.1,0.4,0.4,76,38
Srinagar,Ganderbal,Apple,5000,6250,5625,21-04-2024,29.7,16,0.8,0.8,80,36
Srinagar,Ganderbal,Apple,5000,6250,5625,22-04-2024,30.6,16.7,0,0,81,29
Srinagar,Ganderbal,Apple,5621,6873,6240,23-04-2024,30.5,15.9,0.4,0.4,82,32
Srinagar,Ganderbal,Apple,5621,6875,6250,24-04-2024,30.3,16,0.1,0.1,79,31
Srinagar,Ganderbal,Apple,5623,6873,6250,25-04-2024,33.6,15.7,0,0,78,26
Srinagar,Ganderbal,Apple,5624,6872,6230,26-04-2024,32.8,17.7,0,0,68,28
Srinagar,Ganderbal,Apple,5624,6875,6240,27-04-2024,27.8,20.4,1.7,1.7,75,39
Srinagar,Ganderbal,Apple,5625,6875,6249,28-04-2024,28.8,18.2,4.3,4.3,71,41
Srinagar,Ganderbal,Apple,5625,6875,6250,29-04-2024,25.2,16.1,14.8,14.8,91,46
Srinagar,Ganderbal,Apple,5625,6875,6250,30-04-2024,29.3,14.1,1.3,1.3,88,24
Srinagar,Ganderbal,Apple,5625,6875,6250,1/5/2024,27.8,12.6,0,0,79,28
Srinagar,Ganderbal,Apple,5625,6875,6250,2/5/2024,30.4,13.7,0,0,77,31
Srinagar,Ganderbal,Apple,5625,6875,6250,3/5/2024,31.9,16.4,0.2,0.2,73,30
Srinagar,Ganderbal,Apple,5625,6875,6250,4/5/2024,33.6,20.7,0,0,66,25
Srinagar,Ganderbal,Apple,5625,6875,6250,5/5/2024,34,18.4,0,0,66,28
Srinagar,Ganderbal,Apple,5625,6875,6250,6/5/2024,35.3,18.5,0,0,69,23
Srinagar,Ganderbal,Apple,5625,6875,6250,7/5/2024,36.7,17.8,0,0,76,21
Srinagar,Ganderbal,Apple,5625,6875,6250,8/5/2024,36.2,19.4,0,0,69,26
Srinagar,Ganderbal,Apple,5625,6875,6250,9/5/2024,35.6,22.8,0,0,60,31
Srinagar,Ganderbal,Apple,5625,6875,6250,10/5/2024,36.3,22.4,0,0,71,32
Srinagar,Ganderbal,Apple,5625,6875,6250,11/5/2024,33.6,20.2,0,0,70,33
Srinagar,Ganderbal,Apple,5625,6875,6250,12/5/2024,30.9,20.7,7.2,7.2,78,42
Srinagar,Ganderbal,Apple,5625,6875,6250,13-05-2024,35,19,0,0,60,20
Srinagar,Ganderbal,Apple,5625,6875,6250,14-05-2024,36.1,18,0,0,66,15
Srinagar,Ganderbal,Apple,5625,6875,6250,15-05-2024,38.6,19.3,0,0,50,17
Srinagar,Ganderbal,Apple,5625,6875,6250,16-05-2024,38.7,21.5,0,0,43,18
Srinagar,Ganderbal,Apple,20000,25000,22500,17-05-2024,40.2,20.8,0,0,51,16
Srinagar,Ganderbal,Apple,20000,30000,25000,18-05-2024,40.3,22,0,0,53,16
Srinagar,Ganderbal,Apple,3120,4375,3750,19-05-2024,39.5,22.9,0,0,55,15
Srinagar,Ganderbal,Apple,3125,4315,3750,20-05-2024,40.4,23.8,0,0,51,12
Srinagar,Ganderbal,Apple,3125,4375,3750,21-05-2024,40.1,23.5,0,0,44,16
Srinagar,Ganderbal,Apple,3125,4375,3750,22-05-2024,40.4,24,0,0,43,17
Srinagar,Ganderbal,Apple,3125,4375,3750,23-05-2024,38.7,25.9,0,0,62,26
Srinagar,Ganderbal,Apple,3750,4625,4312,24-05-2024,38.7,24.6,0.1,0.1,53,25
Srinagar,Ganderbal,Apple,3750,4687,4370,25-05-2024,41.4,22.8,0,0,54,14
Srinagar,Ganderbal,Apple,3750,4750,4250,26-05-2024,41.9,23.1,0,0,42,13
Srinagar,Ganderbal,Apple,3750,4750,4250,27-05-2024,40.7,23.5,0,0,32,10
Srinagar,Ganderbal,Apple,3750,4750,4250,28-05-2024,41.7,23.6,0,0,37,8
Srinagar,Ganderbal,Apple,3750,4750,4250,29-05-2024,41.8,22,0,0,39,12
Srinagar,Ganderbal,Apple,3750,4750,4250,30-05-2024,43,30.8,0,0,34,9
Srinagar,Ganderbal,Apple,3750,4750,4250,31-05-2024,41.7,27.2,0,0,29,11
Srinagar,Ganderbal,Apple,3750,4875,4312,1/6/2024,42.6,29.8,0,0,21,8
Srinagar,Ganderbal,Apple,3750,4875,4312,2/6/2024,41.6,25.7,0,0,29,10
Srinagar,Ganderbal,Apple,3750,4875,4312,3/6/2024,42.8,24.1,0,0,33,10
Srinagar,Ganderbal,Apple,3750,4875,4312,4/6/2024,40.9,25.6,0,0,40,15
Srinagar,Ganderbal,Apple,3750,4875,4312,5/6/2024,38.4,25.6,0.7,0.7,48,17
Srinagar,Ganderbal,Apple,3750,4875,4312,6/6/2024,35.8,24,0.2,0.2,65,23
Srinagar,Ganderbal,Apple,3750,4875,4312,7/6/2024,37.2,23.8,0,0,50,21
Srinagar,Ganderbal,Apple,3750,4876,4312,8/6/2024,37.8,22.5,0,0,50,15
Srinagar,Ganderbal,Apple,3750,5000,4370,9/6/2024,39.3,23.5,0,0,45,13
Srinagar,Ganderbal,Apple,3750,5000,4370,10/6/2024,40.2,21.7,0,0,48,12
Srinagar,Ganderbal,Apple,3750,5000,4373,11/6/2024,41.5,23.4,0,0,44,12
Srinagar,Ganderbal,Apple,3750,5000,4375,12/6/2024,42.9,25.2,0,0,32,12
Srinagar,Ganderbal,Apple,3750,5000,4375,13-06-2024,43.3,26.2,0,0,36,10
Srinagar,Ganderbal,Apple,3750,5000,4375,14-06-2024,42.3,26.4,0,0,36,14
Srinagar,Ganderbal,Apple,3750,5000,4375,15-06-2024,42.7,26.8,0,0,40,13
Srinagar,Ganderbal,Apple,3750,5000,4375,16-06-2024,43.2,25.6,0,0,40,14
Srinagar,Ganderbal,Apple,3750,5000,4375,17-06-2024,43.8,28.2,0,0,39,14
Srinagar,Ganderbal,Apple,3750,5000,4375,18-06-2024,44.2,27.4,0,0,49,12
Srinagar,Ganderbal,Apple,3750,5000,4375,19-06-2024,41.8,28.6,0,0,39,13
Srinagar,Ganderbal,Apple,3750,5000,4375,20-06-2024,40.2,27.5,0,0,47,19
Srinagar,Ganderbal,Apple,3750,5000,4375,21-06-2024,35.2,22.8,10.8,10.8,91,28
Srinagar,Ganderbal,Apple,3750,5000,4375,22-06-2024,38.8,26.9,0,0,60,24
Srinagar,Ganderbal,Apple,3750,5000,4375,23-06-2024,40.7,26.5,0,0,55,20
Srinagar,Ganderbal,Apple,3750,5000,4375,24-06-2024,41.2,26.6,0,0,53,17
Srinagar,Ganderbal,Apple,3750,5010,4350,25-06-2024,40.9,29.6,0,0,61,23
Srinagar,Ganderbal,Apple,3750,5010,4374,26-06-2024,42,28.2,0,0,53,20
Srinagar,Ganderbal,Apple,3750,5250,4500,27-06-2024,36.7,25.8,12,12,88,46
Srinagar,Ganderbal,Apple,3750,5250,4500,28-06-2024,36.8,27.3,1.4,1.4,82,43
Srinagar,Ganderbal,Apple,4000,5000,4500,29-06-2024,36.4,27.1,0.1,0.1,86,45
Srinagar,Ganderbal,Apple,4000,5000,4500,30-06-2024,37.1,26.9,5,5,92,45
Srinagar,Ganderbal,Apple,4000,6000,5000,1/7/2024,36.4,25.1,34.9,34.9,96,51
Srinagar,Ganderbal,Apple,4000,6000,5000,2/7/2024,36.7,26.4,13.9,13.9,92,54
Srinagar,Ganderbal,Apple,6000,7000,6500,3/7/2024,37,26.5,4.8,4.8,96,50
Srinagar,Ganderbal,Apple,10000,12000,11000,4/7/2024,33,25.5,6,6,95,58
Srinagar,Ganderbal,Apple,10000,12000,11000,5/7/2024,32.8,24.4,13.4,13.4,91,60
Srinagar,Ganderbal,Apple,11000,13000,12000,6/7/2024,32.2,24.2,5.2,5.2,94,62
Srinagar,Ganderbal,Apple,11000,13000,12000,7/7/2024,33.3,23.7,5.3,5.3,95,57
Srinagar,Ganderbal,Apple,11000,13000,12000,8/7/2024,33.9,24.8,2.7,2.7,91,57
Srinagar,Ganderbal,Apple,11000,13000,12000,9/7/2024,34.3,23.6,5.9,5.9,96,57
Srinagar,Ganderbal,Apple,11000,13000,12000,10/7/2024,33.9,25.2,10.6,10.6,93,58
Srinagar,Ganderbal,Apple,11000,13000,12000,11/7/2024,33.3,26.5,6.7,6.7,97,63
Srinagar,Ganderbal,Apple,11000,13000,12000,12/7/2024,34,25.3,6.4,6.4,89,57
Srinagar,Ganderbal,Apple,11000,13000,12000,13-07-2024,33.9,24.2,0,0,97,51
Srinagar,Ganderbal,Apple,11000,13000,12000,14-07-2024,32.9,25.5,6.4,6.4,87,58
Srinagar,Ganderbal,Apple,11000,13000,12000,15-07-2024,36.3,26.7,0,0,85,45
Srinagar,Ganderbal,Apple,11000,14000,12500,16-07-2024,36.6,27.3,0,0,84,47
Srinagar,Ganderbal,Apple,14280,17142,15714,17-07-2024,35.2,27.6,0.1,0.1,83,58
Srinagar,Ganderbal,Apple,4000,6000,5000,18-07-2024,33.9,24.3,8.5,8.5,94,60
Srinagar,Ganderbal,Apple,6000,7000,6500,19-07-2024,35.9,26.4,5.2,5.2,90,51
Srinagar,Ganderbal,Apple,6000,7000,6500,20-07-2024,35.4,26.1,6.6,6.6,95,55
Srinagar,Ganderbal,Apple,6000,7000,6500,21-07-2024,35.2,25.5,5.5,5.5,94,54
Srinagar,Ganderbal,Apple,6000,8000,7000,22-07-2024,34.1,25,10,10,95,62
Srinagar,Ganderbal,Apple,7000,11000,9000,23-07-2024,33.9,25,17.4,17.4,97,59
Srinagar,Ganderbal,Apple,7000,11000,9000,24-07-2024,34.6,26.4,0.4,0.4,92,59
Srinagar,Ganderbal,Apple,8000,10000,9000,25-07-2024,34.8,25.4,11.8,11.8,95,59
Srinagar,Ganderbal,Apple,8000,10000,9000,26-07-2024,34.2,24.5,20.2,20.2,98,62
Srinagar,Ganderbal,Apple,8000,10000,9000,27-07-2024,34.2,25.8,36.9,36.9,97,67
Srinagar,Ganderbal,Apple,8000,10000,9000,28-07-2024,34.6,26.9,6.3,6.3,99,57
Srinagar,Ganderbal,Apple,8000,10000,9000,29-07-2024,31.2,27.3,1.8,1.8,93,75
Srinagar,Ganderbal,Apple,8000,11000,9500,30-07-2024,34.8,26.9,0,0,93,64
Srinagar,Ganderbal,Apple,11000,14000,12500,31-07-2024,35.7,26.4,4.1,4.1,97,61
Srinagar,Ganderbal,Apple,6000,8000,7000,1/8/2024,26.9,24.9,45.7,45.7,98,89
Srinagar,Ganderbal,Apple,8000,10000,9000,2/8/2024,33.6,24.7,1.5,1.5,97,62
Srinagar,Ganderbal,Apple,4375,5625,5000,3/8/2024,31.7,24.8,19.2,19.2,98,69
Srinagar,Ganderbal,Apple,4375,5625,5000,4/8/2024,30.6,26.3,10.9,10.9,94,75
Srinagar,Ganderbal,Apple,4375,5625,5000,5/8/2024,32.4,25.5,7.9,7.9,97,73
Srinagar,Ganderbal,Apple,4375,5625,5000,6/8/2024,32.8,24.4,10.5,10.5,98,65
Srinagar,Ganderbal,Apple,4375,5625,5000,7/8/2024,32,25.5,19.4,19.4,96,71
Srinagar,Ganderbal,Apple,4375,5625,5000,8/8/2024,31.5,24.6,61.4,61.4,99,69
Srinagar,Ganderbal,Apple,4686,5313,5000,9/8/2024,31.3,25.2,4.6,4.6,96,71
Srinagar,Ganderbal,Apple,4687,5311,5000,10/8/2024,31.6,24.6,25.9,25.9,98,71
Srinagar,Ganderbal,Apple,4687,5312,5000,11/8/2024,29.4,24.4,18.9,18.9,99,73
Srinagar,Ganderbal,Apple,4687,5312,5000,12/8/2024,32.5,24.1,0,0,97,62
Srinagar,Ganderbal,Apple,4687,5312,5000,13-08-2024,33.1,25,0,0,91,63
Srinagar,Ganderbal,Apple,4687,5312,5000,14-08-2024,32.3,25.9,9.8,9.8,97,70
Srinagar,Ganderbal,Apple,4687,5312,5000,15-08-2024,29.5,24.9,44.3,44.3,97,80
Srinagar,Ganderbal,Apple,4687,5312,5000,16-08-2024,32.9,25,8.4,8.4,98,60
Srinagar,Ganderbal,Apple,4687,5312,5000,17-08-2024,31.6,24.8,26.2,26.2,97,69
Srinagar,Ganderbal,Apple,4687,5312,5000,18-08-2024,32.6,24.8,1.8,1.8,99,66
Srinagar,Ganderbal,Apple,4687,5312,5000,19-08-2024,31.7,24.7,8.6,8.6,98,67
Srinagar,Ganderbal,Apple,4687,5312,5000,20-08-2024,30.9,23.3,5.4,5.4,98,71
Srinagar,Ganderbal,Apple,4687,5312,5000,21-08-2024,32.1,24.2,2.3,2.3,95,65
Srinagar,Ganderbal,Apple,4687,5312,5000,22-08-2024,32.6,23.6,0,0,96,61
Srinagar,Ganderbal,Apple,4687,5312,5000,23-08-2024,32.8,24.9,2,2,91,61
Srinagar,Ganderbal,Apple,4687,5312,5000,24-08-2024,32.5,23.1,4.9,4.9,97,62
Srinagar,Ganderbal,Apple,4687,5312,5000,25-08-2024,32.8,24.9,0,0,95,61
Srinagar,Ganderbal,Apple,4687,5312,5000,26-08-2024,32.1,25.7,13.3,13.3,91,70
Srinagar,Ganderbal,Apple,4687,5312,5000,27-08-2024,31.1,24.2,7.9,7.9,96,62
Srinagar,Ganderbal,Apple,4687,5312,5000,28-08-2024,31.1,25,1.2,1.2,94,65
Srinagar,Ganderbal,Apple,4687,5312,5000,29-08-2024,28.1,24.5,22.5,22.5,94,81
Srinagar,Ganderbal,Apple,4687,5312,5000,30-08-2024,31.5,24.8,0.8,0.8,97,66
Srinagar,Ganderbal,Apple,4687,5312,5000,31-08-2024,32.4,24.9,0,0,97,61
Srinagar,Ganderbal,Apple,4687,5312,5000,1/9/2024,32.6,24.6,0.3,0.3,95,65
Srinagar,Ganderbal,Apple,4687,5312,5000,2/9/2024,31.3,24.2,10,10,97,70
Srinagar,Ganderbal,Apple,4687,5312,5000,3/9/2024,29.5,23.2,43.6,43.6,98,75
Srinagar,Ganderbal,Apple,4687,5312,5000,4/9/2024,30.6,23.3,6.1,6.1,99,67
Srinagar,Ganderbal,Apple,4687,5937,5312,5/9/2024,30.3,23,3.5,3.5,95,68
Srinagar,Ganderbal,Apple,4687,5937,5312,6/9/2024,30.5,22.6,13.6,13.6,99,68
Srinagar,Ganderbal,Apple,4688,5312,5010,7/9/2024,30.5,23.1,3.3,3.3,93,67
Srinagar,Ganderbal,Apple,5000,5312,5156,8/9/2024,31.8,23.7,1.2,1.2,95,58
Srinagar,Ganderbal,Apple,5000,5312,5156,9/9/2024,32.6,25.2,0,0,93,59
Srinagar,Ganderbal,Apple,5000,5312,5156,10/9/2024,31.2,25,2.5,2.5,95,70
Srinagar,Ganderbal,Apple,5000,5312,5161,11/9/2024,31.6,24,0.1,0.1,90,63
Srinagar,Ganderbal,Apple,5000,5312,5162,12/9/2024,33.2,23.5,0,0,92,54
Srinagar,Ganderbal,Apple,5000,5312,5162,13-09-2024,32,23.4,3.1,3.1,94,64
Srinagar,Ganderbal,Apple,5000,5625,5312,14-09-2024,30.8,22,1.9,1.9,95,63
Srinagar,Ganderbal,Apple,5000,5625,5312,15-09-2024,31.7,23.3,0,0,91,60
Srinagar,Ganderbal,Apple,5000,5625,5312,16-09-2024,32.1,23.3,0,0,88,55
Srinagar,Ganderbal,Apple,5000,5625,5312,17-09-2024,32.9,22.7,0,0,90,54
Srinagar,Ganderbal,Apple,5000,5625,5312,18-09-2024,32.5,23.7,0,0,88,58
Srinagar,Ganderbal,Apple,5000,5625,5312,19-09-2024,31,23,0,0,80,50
Srinagar,Ganderbal,Apple,5000,5625,5312,20-09-2024,31.8,22.4,0,0,87,58
Srinagar,Ganderbal,Apple,5000,5625,5312,21-09-2024,32.3,23.2,0,0,91,56
Srinagar,Ganderbal,Apple,5000,5625,5312,22-09-2024,33.2,25,0,0,88,58
Srinagar,Ganderbal,Apple,5000,5625,5312,23-09-2024,34.5,25.3,0,0,88,54
Srinagar,Ganderbal,Apple,5000,5625,5312,24-09-2024,34.7,25.7,0,0,87,51
Srinagar,Ganderbal,Apple,5000,6250,5625,25-09-2024,33.2,25.8,3.9,3.9,88,60
Srinagar,Ganderbal,Apple,5000,6250,5625,26-09-2024,30,23.7,3.5,3.5,95,66
Srinagar,Ganderbal,Apple,5012,5625,5313,27-09-2024,31.5,23,4.3,4.3,94,61
Srinagar,Ganderbal,Apple,5312,6562,5937,28-09-2024,30.7,21.6,10.1,10.1,98,59
Srinagar,Ganderbal,Apple,5312,6562,5937,29-09-2024,30.9,22.7,0,0,93,60
Srinagar,Ganderbal,Apple,5625,6875,6250,30-09-2024,31.8,21.2,0,0,95,58
Srinagar,Ganderbal,Apple,5625,6875,6250,1/10/2024,32,21.1,0,0,95,50
Srinagar,Ganderbal,Apple,5625,6875,6250,2/10/2024,33,22.2,0,0,96,50
Srinagar,Ganderbal,Apple,5625,6875,6250,3/10/2024,33.1,22.2,0,0,87,45
Srinagar,Ganderbal,Apple,5625,6875,6250,4/10/2024,33.7,23.8,0,0,83,43
Srinagar,Ganderbal,Apple,6250,7500,6875,5/10/2024,32.7,23.3,0,0,79,42
Srinagar,Ganderbal,Apple,6250,7500,6875,6/10/2024,31.6,21.3,0,0,78,44
Srinagar,Ganderbal,Apple,6250,7500,6875,7/10/2024,31.3,19.4,0,0,78,43
Srinagar,Ganderbal,Apple,6250,7500,6875,8/10/2024,29.8,21.4,0,0,87,52
Srinagar,Ganderbal,Apple,6250,7500,6875,9/10/2024,30.9,19,0,0,91,35
Srinagar,Ganderbal,Apple,6250,7500,6875,10/10/2024,30.3,17.9,0,0,72,33
Srinagar,Ganderbal,Apple,6250,7500,6875,11/10/2024,30.1,17.1,0,0,73,37
Srinagar,Ganderbal,Apple,6250,7500,6875,12/10/2024,30.5,17.9,0,0,77,38
Srinagar,Ganderbal,Apple,6250,7500,6900,13-10-2024,30.6,19.2,0,0,80,44
Srinagar,Ganderbal,Apple,2812,4062,3437,14-10-2024,30.9,18.8,0,0,88,42
Srinagar,Ganderbal,Apple,2812,4062,3437,15-10-2024,30.2,18.8,0,0,81,43
Srinagar,Ganderbal,Apple,2812,4062,3437,16-10-2024,31,17.9,0,0,87,39
Srinagar,Ganderbal,Apple,2812,4062,3437,17-10-2024,31.5,18.6,0,0,77,36
Srinagar,Ganderbal,Apple,3124,4373,3741,18-10-2024,31.1,20.2,0,0,73,37
Srinagar,Ganderbal,Apple,3124,4375,3752,19-10-2024,30.1,18.8,0,0,78,45
Srinagar,Ganderbal,Apple,3125,3740,3436,20-10-2024,30.5,20.3,0,0,81,44
Srinagar,Ganderbal,Apple,3125,3750,3437,21-10-2024,29.5,19.6,0,0,79,50
Srinagar,Ganderbal,Apple,3125,3750,3437,22-10-2024,30.1,19.9,0,0,82,44
Srinagar,Ganderbal,Apple,3125,4062,3593,23-10-2024,30.3,18.6,0,0,81,40
Srinagar,Ganderbal,Apple,3125,4062,3593,24-10-2024,30.1,16.3,0,0,72,34
Srinagar,Ganderbal,Apple,3125,4375,3750,25-10-2024,29.5,16.5,0,0,68,42
Srinagar,Ganderbal,Apple,3125,4375,3750,26-10-2024,29.3,16.2,0,0,84,47
Srinagar,Ganderbal,Apple,3125,4375,3750,27-10-2024,29.9,17.7,0,0,88,44
Srinagar,Ganderbal,Apple,3125,4375,3750,28-10-2024,30.4,18.8,0,0,81,44
Srinagar,Ganderbal,Apple,3125,4375,3750,29-10-2024,30.5,19.5,0,0,80,44
Srinagar,Ganderbal,Apple,3125,4375,3750,30-10-2024,31,18.2,0,0,76,30
Srinagar,Ganderbal,Apple,3125,4375,3750,31-10-2024,29.2,15.2,0,0,69,39
Srinagar,Ganderbal,Apple,3125,4375,3750,1/11/2024,28.3,16,0,0,88,46
Srinagar,Ganderbal,Apple,3125,4375,3750,2/11/2024,28.8,16.2,0,0,90,39
Srinagar,Ganderbal,Apple,3125,4375,3750,3/11/2024,29.1,17,0,0,84,39
Srinagar,Ganderbal,Apple,3125,4375,3750,4/11/2024,28.5,16.2,0,0,81,38
Srinagar,Ganderbal,Apple,3125,4375,3750,5/11/2024,28,16.7,0,0,76,44
Srinagar,Ganderbal,Apple,3125,4375,3750,6/11/2024,27.7,16.5,0,0,81,50
Srinagar,Ganderbal,Apple,3125,4375,3750,7/11/2024,28,17.2,0,0,91,54
Srinagar,Ganderbal,Apple,3125,4375,3750,8/11/2024,27.8,17.5,0,0,92,54
Srinagar,Ganderbal,Apple,3125,4375,3750,9/11/2024,27.3,17.1,0,0,94,57
Srinagar,Ganderbal,Apple,3125,4375,3750,10/11/2024,27.5,16.9,0.3,0.3,93,55
Srinagar,Ganderbal,Apple,3125,4375,3750,11/11/2024,26.4,16.4,9.3,9.3,92,60
Srinagar,Ganderbal,Apple,3125,4375,3750,12/11/2024,26.9,14.4,0,0,92,42
Srinagar,Ganderbal,Apple,3125,4375,3750,13-11-2024,25.1,13.4,0,0,91,50
Srinagar,Ganderbal,Apple,3125,4375,3750,14-11-2024,25.2,13.3,0,0,92,54
Srinagar,Ganderbal,Apple,3125,4375,3750,15-11-2024,24.7,13.9,0,0,92,52
Srinagar,Ganderbal,Apple,3125,4375,3750,16-11-2024,23.5,13.4,0.3,0.3,95,53
Srinagar,Ganderbal,Apple,3125,4375,3750,17-11-2024,23.1,10.1,0,0,94,54
Srinagar,Ganderbal,Apple,3125,4375,3750,18-11-2024,22.7,11,0,0,96,49
Srinagar,Ganderbal,Apple,3125,4375,3750,19-11-2024,22.4,10.7,0,0,97,49
Srinagar,Ganderbal,Apple,3125,4375,3750,20-11-2024,22,10.6,0,0,97,45
Srinagar,Ganderbal,Apple,3437,4062,3750,21-11-2024,22.1,10.2,0,0,97,55
Srinagar,Ganderbal,Apple,3437,4062,3750,22-11-2024,22.9,10.6,0,0,91,53
Srinagar,Ganderbal,Apple,3437,4062,3750,23-11-2024,22.3,11.6,0.5,0.5,89,51
Srinagar,Ganderbal,Apple,3437,4375,3750,24-11-2024,24.5,12.5,0.5,0.5,88,39
Srinagar,Ganderbal,Apple,3437,4687,4062,25-11-2024,22.3,9.5,0,0,95,49
Srinagar,Ganderbal,Apple,3437,4687,4062,26-11-2024,22.3,10,0,0,92,48
Srinagar,Ganderbal,Apple,3437,4687,4062,27-11-2024,21.7,8.9,0,0,92,42
Srinagar,Ganderbal,Apple,3437,4687,4062,28-11-2024,21.8,9,0,0,87,45
Srinagar,Ganderbal,Apple,3437,4687,4062,29-11-2024,22,9.2,0,0,83,46
Srinagar,Ganderbal,Apple,3437,4687,4062,30-11-2024,21.8,10.4,0.3,0.3,81,51
Srinagar,Ganderbal,Apple,3437,4687,4062,1/12/2024,22.1,8.9,0,0,78,48
Srinagar,Ganderbal,Apple,3437,4687,4062,2/12/2024,23,9.5,0,0,78,37
Srinagar,Ganderbal,Apple,3437,4687,4062,3/12/2024,22.8,8.3,0,0,80,36
Srinagar,Ganderbal,Apple,3437,4687,4062,4/12/2024,21.2,7.2,0,0,80,43
Srinagar,Ganderbal,Apple,3437,4687,4062,5/12/2024,20.8,7.8,0,0,82,42
Srinagar,Ganderbal,Apple,3437,4687,4062,6/12/2024,19.9,5.9,0,0,83,36
Udaipur,Udaipur (F&V),Amla(Nelli Kai),500,500,500,1/4/2024,32.8,20.2,0,0,62,13
Udaipur,Udaipur (F&V),Amla(Nelli Kai),1000,1500,1250,2/4/2024,35.9,19.3,0,0,36,10
Udaipur,Udaipur (F&V),Amla(Nelli Kai),1000,1500,1250,3/4/2024,35.4,21,0,0,31,15
Udaipur,Udaipur (F&V),Amla(Nelli Kai),1000,1600,1300,4/4/2024,36.8,20.9,0,0,42,11
Udaipur,Udaipur (F&V),Amla(Nelli Kai),1000,2000,1500,14-05-2024,41.2,25.4,0,0,39,9
Udaipur,Udaipur (F&V),Amla(Nelli Kai),1000,2000,1500,17-06-2024,41.7,31.9,0,0,48,25
Udaipur,Udaipur (F&V),Amla(Nelli Kai),1500,2000,1750,26-07-2024,31.8,25.6,39.5,39.5,93,66
Udaipur,Udaipur (F&V),Amla(Nelli Kai),1500,2000,1750,27-07-2024,35.2,27.2,7.7,7.7,91,54
Udaipur,Udaipur (F&V),Amla(Nelli Kai),1500,2000,1750,18-08-2024,32,24.4,0,0,96,59
Udaipur,Udaipur (F&V),Amla(Nelli Kai),1500,2000,1750,15-10-2024,34.3,21.3,0,0,61,19
Udaipur,Udaipur (F&V),Amla(Nelli Kai),1500,2000,1750,16-10-2024,34.4,18.7,0,0,72,20
Udaipur,Udaipur (F&V),Amla(Nelli Kai),1500,2000,1750,17-10-2024,34.9,22.5,0,0,60,23
Udaipur,Udaipur (F&V),Amla(Nelli Kai),1500,2000,1750,18-10-2024,34.9,21.7,0,0,67,26
Udaipur,Udaipur (F&V),Amla(Nelli Kai),1500,2000,1750,12/11/2024,31.5,17.8,0,0,60,21
Udaipur,Udaipur (F&V),Amla(Nelli Kai),1500,2000,1750,13-11-2024,31.1,15.2,0,0,65,21
Udaipur,Udaipur (F&V),Amla(Nelli Kai),1500,2000,1750,15-12-2024,24.5,4.7,0,0,54,12
Udaipur,Udaipur (F&V),Amla(Nelli Kai),1500,2500,1750,2/1/2025,24.9,8.2,0,0,86,24
Udaipur,Udaipur (F&V),Amla(Nelli Kai),1500,2500,2000,25-01-2025,23.4,6.4,0,0,50,10
Udaipur,Udaipur (F&V),Amla(Nelli Kai),1500,2500,2000,2/2/2025,25.1,12,0,0,93,27
Udaipur,Udaipur (F&V),Amla(Nelli Kai),1500,2500,2000,3/2/2025,26.5,11.1,0,0,89,28
Udaipur,Udaipur (F&V),Amla(Nelli Kai),2000,2000,2000,4/2/2025,25.2,13.3,0,0,60,21
Udaipur,Udaipur (F&V),Amla(Nelli Kai),2000,2500,2250,5/2/2025,23.9,8.3,0,0,90,17
Udaipur,Udaipur (Grain),Amla(Nelli Kai),8500,10600,9600,6/2/2025,24,7.8,0,0,57,13
Udaipur,Udaipur (Grain),Amla(Nelli Kai),8500,10600,9900,7/2/2025,24.1,8.4,0,0,62,12
Udaipur,Udaipur (Grain),Amla(Nelli Kai),8500,10900,9900,8/2/2025,26.6,8.9,0,0,47,10
Udaipur,Udaipur (Grain),Amla(Nelli Kai),8600,10800,9900,12/2/2025,27.1,11.7,0,0,84,17
Udaipur,Udaipur (Grain),Amla(Nelli Kai),8900,10600,9800,13-02-2025,27,11.3,0,0,58,12
Udaipur,Udaipur (Grain),Amla(Nelli Kai),8900,10800,9700,10/4/2025,40.9,24.6,0,0,29,6
Udaipur,Udaipur (Grain),Amla(Nelli Kai),9000,11800,10900,11/4/2025,38.7,25.4,0,0,31,13
Udaipur,Udaipur (Grain),Amla(Nelli Kai),9500,11600,10800,12/4/2025,38.8,22.2,0,0,44,14
Udaipur,Udaipur (Grain),Amla(Nelli Kai),9500,11800,10600,24-04-2025,40.4,22.3,0,0,16,5
Udaipur,Udaipur (Grain),Amla(Nelli Kai),9800,11600,10700,25-04-2025,41.8,24.7,0,0,22,5
Udaipur,Udaipur (Grain),Amla(Nelli Kai),9900,11600,10850,26-04-2025,40.6,24.3,0,0,23,9
Ludhiana,Ludhiana,Potato,200,600,300,1/4/2024,28.3,15.7,0,0,76,29
Ludhiana,Ludhiana,Potato,500,1800,900,2/4/2024,29.5,13,0,0,79,26
Ludhiana,Ludhiana,Potato,200,800,500,3/4/2024,32.3,14.8,0,0,68,22
Ludhiana,Ludhiana,Potato,500,1100,800,4/4/2024,32.9,17.7,0,0,64,20
Ludhiana,Ludhiana,Potato,400,1800,900,5/4/2024,32,15.9,0,0,71,18
Ludhiana,Ludhiana,Potato,200,1000,600,6/4/2024,32.2,14.8,0,0,62,15
Ludhiana,Ludhiana,Potato,200,1000,500,7/4/2024,32.5,14.1,0,0,65,17
Ludhiana,Ludhiana,Potato,200,800,350,8/4/2024,33.3,15.8,0,0,68,15
Ludhiana,Ludhiana,Potato,400,1800,900,9/4/2024,33.9,15.7,0,0,58,15
Ludhiana,Ludhiana,Potato,200,900,600,10/4/2024,34.7,16.1,0,0,57,15
Ludhiana,Ludhiana,Potato,200,600,300,11/4/2024,34.3,18.6,0,0,45,19
Ludhiana,Ludhiana,Potato,500,1400,800,12/4/2024,35.4,16.7,0,0,63,17
Ludhiana,Ludhiana,Potato,500,1400,800,13-04-2024,34.2,20.4,0.7,0.7,68,24
Ludhiana,Ludhiana,Potato,400,1800,900,14-04-2024,31.4,19.8,1.2,1.2,77,33
Ludhiana,Ludhiana,Potato,200,1400,700,15-04-2024,31.3,19.7,12.5,12.5,88,37
Ludhiana,Ludhiana,Potato,200,1000,400,16-04-2024,31.1,18,0.2,0.2,94,37
Ludhiana,Ludhiana,Potato,400,1800,900,17-04-2024,32.5,16.6,0,0,80,18
Ludhiana,Ludhiana,Potato,300,900,600,18-04-2024,32.6,18.4,0,0,60,29
Ludhiana,Ludhiana,Potato,400,2000,1000,19-04-2024,33.8,21.1,5.4,5.4,67,29
Ludhiana,Ludhiana,Potato,400,1800,900,20-04-2024,32.6,18.8,1.6,1.6,78,28
Ludhiana,Ludhiana,Potato,400,1700,850,21-04-2024,34.4,19,0,0,71,16
Ludhiana,Ludhiana,Potato,100,700,400,22-04-2024,35.2,17.9,0,0,78,18
Ludhiana,Ludhiana,Potato,200,1600,800,23-04-2024,33.8,19.9,0,0,52,17
Ludhiana,Ludhiana,Potato,500,2400,1200,24-04-2024,34.9,19.7,0.1,0.1,61,21
Ludhiana,Ludhiana,Potato,500,2400,1200,25-04-2024,37,18.5,0,0,61,14
Ludhiana,Ludhiana,Potato,500,1600,800,26-04-2024,38.5,21.7,0,0,53,12
Ludhiana,Ludhiana,Potato,200,1400,700,27-04-2024,34.8,22.3,1.6,1.6,53,19
Ludhiana,Ludhiana,Potato,400,1800,900,28-04-2024,34.6,20.4,0,0,63,22
Ludhiana,Ludhiana,Potato,400,1900,950,29-04-2024,29.4,21.5,1.2,1.2,57,33
Ludhiana,Ludhiana,Potato,200,1000,600,30-04-2024,32.9,16.7,0,0,72,17
Ludhiana,Ludhiana,Potato,200,600,300,1/5/2024,29.1,14.8,0,0,77,23
Ludhiana,Ludhiana,Potato,400,2000,1000,2/5/2024,32.9,16,0,0,64,19
Ludhiana,Ludhiana,Potato,200,1600,850,3/5/2024,36.3,17.7,0,0,49,14
Ludhiana,Ludhiana,Potato,200,800,400,4/5/2024,38.6,22.3,0,0,53,14
Ludhiana,Ludhiana,Potato,200,600,300,5/5/2024,37.8,21.9,0,0,49,16
Ludhiana,Ludhiana,Potato,200,1000,500,6/5/2024,38.9,22.8,0,0,49,15
Ludhiana,Ludhiana,Potato,200,1800,900,7/5/2024,40.2,23.4,0,0,41,12
Ludhiana,Ludhiana,Potato,400,2100,1000,8/5/2024,39.2,23.1,0,0,49,19
Ludhiana,Ludhiana,Potato,200,800,350,9/5/2024,38.4,26,0,0,57,20
Ludhiana,Ludhiana,Potato,200,1800,900,10/5/2024,37.4,25.1,0.4,0.4,82,28
Ludhiana,Ludhiana,Potato,400,1900,950,11/5/2024,36.1,22.6,0.8,0.8,83,25
Ludhiana,Ludhiana,Potato,500,1200,800,12/5/2024,34,23.3,0.5,0.5,73,29
Ludhiana,Ludhiana,Potato,200,600,300,13-05-2024,38.3,22,0,0,60,13
Ludhiana,Ludhiana,Potato,200,1400,700,14-05-2024,38.3,21.5,0,0,54,14
Ludhiana,Ludhiana,Potato,400,1800,900,15-05-2024,40.8,21.9,0,0,37,12
Ludhiana,Ludhiana,Potato,500,1600,800,16-05-2024,41.5,22.6,0,0,44,13
Ludhiana,Ludhiana,Potato,100,800,500,17-05-2024,42.6,24.3,0,0,43,13
Ludhiana,Ludhiana,Potato,200,800,400,18-05-2024,42.9,24.6,0,0,42,13
Ludhiana,Ludhiana,Potato,400,1800,900,19-05-2024,43.5,25.4,0,0,39,11
Ludhiana,Ludhiana,Potato,200,1000,500,20-05-2024,42.1,25.4,0,0,37,14
Ludhiana,Ludhiana,Potato,400,1900,950,21-05-2024,42.1,25.8,0,0,34,14
Ludhiana,Ludhiana,Potato,200,1000,600,22-05-2024,40.5,26.2,0,0,52,18
Ludhiana,Ludhiana,Potato,200,1400,700,23-05-2024,40,28.4,0,0,58,25
Ludhiana,Ludhiana,Potato,500,2500,1250,24-05-2024,40.5,29.1,0.3,0.3,59,20
Ludhiana,Ludhiana,Potato,400,2000,1000,25-05-2024,43.3,26.1,0,0,50,13
Ludhiana,Ludhiana,Potato,200,600,300,26-05-2024,44.3,25.8,0,0,41,12
Ludhiana,Ludhiana,Potato,400,1800,900,27-05-2024,44.4,27.3,0,0,38,7
Ludhiana,Ludhiana,Potato,500,1100,800,28-05-2024,44.9,25.8,0,0,30,7
Ludhiana,Ludhiana,Potato,500,1700,1000,29-05-2024,45.2,25.9,0,0,23,7
Ludhiana,Ludhiana,Potato,200,600,300,30-05-2024,45.3,26.9,0,0,27,5
Ludhiana,Ludhiana,Potato,200,1400,700,31-05-2024,44.4,26.4,0,0,27,7
Ludhiana,Ludhiana,Potato,400,1800,900,1/6/2024,44.4,27.5,0,0,26,7
Ludhiana,Ludhiana,Potato,400,1800,900,2/6/2024,42.8,26.8,0,0,50,12
Ludhiana,Ludhiana,Potato,100,700,500,3/6/2024,44.2,26.8,0,0,30,12
Ludhiana,Ludhiana,Potato,100,800,500,4/6/2024,42.4,29.2,0,0,25,14
Ludhiana,Ludhiana,Potato,200,600,300,5/6/2024,40.2,27.5,2,2,59,17
Ludhiana,Ludhiana,Potato,500,1600,800,6/6/2024,38.6,23.5,1.2,1.2,77,25
Ludhiana,Ludhiana,Potato,400,1050,700,7/6/2024,40.4,25.5,0,0,60,18
Ludhiana,Ludhiana,Potato,200,800,600,8/6/2024,38.4,25.1,0,0,48,19
Ludhiana,Ludhiana,Potato,400,800,600,9/6/2024,40.9,24.8,0,0,51,12
Ludhiana,Ludhiana,Potato,200,600,300,10/6/2024,41.5,24.8,0,0,38,12
Ludhiana,Ludhiana,Potato,200,1000,500,11/6/2024,42.2,25.7,0,0,44,11
Ludhiana,Ludhiana,Potato,400,1850,950,12/6/2024,44.1,26.6,0,0,35,9
Ludhiana,Ludhiana,Potato,500,1100,800,13-06-2024,44.3,27.9,0,0,40,11
Ludhiana,Ludhiana,Potato,400,1800,900,14-06-2024,43.3,29.7,0,0,39,12
Ludhiana,Ludhiana,Potato,500,2200,1100,15-06-2024,43.6,27.9,0,0,38,15
Ludhiana,Ludhiana,Potato,200,800,350,16-06-2024,44.2,30.1,0,0,44,16
Ludhiana,Ludhiana,Potato,400,1800,900,17-06-2024,44.5,29.1,0,0,49,15
Ludhiana,Ludhiana,Potato,400,2000,1000,18-06-2024,44.1,30.3,0,0,48,16
Ludhiana,Ludhiana,Potato,200,1100,500,19-06-2024,42.4,30.1,0,0,52,17
Ludhiana,Ludhiana,Potato,200,900,450,20-06-2024,37.9,24.6,0.1,0.1,83,35
Ludhiana,Ludhiana,Potato,200,1000,500,21-06-2024,35.6,26.3,5.3,5.3,73,41
Ludhiana,Ludhiana,Potato,200,1400,600,22-06-2024,37.9,25.9,0,0,81,30
Ludhiana,Ludhiana,Potato,200,800,600,23-06-2024,38.7,27,0,0,67,26
Ludhiana,Ludhiana,Potato,100,700,400,24-06-2024,40.7,29.4,0.4,0.4,63,26
Ludhiana,Ludhiana,Potato,400,1800,900,25-06-2024,40,29.6,0,0,72,28
Ludhiana,Ludhiana,Potato,200,600,300,26-06-2024,39.1,30.9,0.2,0.2,66,38
Ludhiana,Ludhiana,Potato,400,1800,900,27-06-2024,35.3,26.8,13.1,13.1,92,52
Ludhiana,Ludhiana,Potato,2000,4800,3600,28-06-2024,37.1,28,0,0,81,44
Ludhiana,Ludhiana,Potato,400,1800,900,29-06-2024,35.6,28.3,0.5,0.5,79,50
Ludhiana,Ludhiana,Potato,500,2500,1250,30-06-2024,38.6,27.8,0.7,0.7,82,42
Ludhiana,Ludhiana,Potato,100,1000,500,1/7/2024,37.2,26.7,1.6,1.6,91,50
Ludhiana,Ludhiana,Potato,100,1000,500,2/7/2024,37.3,26,5.3,5.3,95,51
Ludhiana,Ludhiana,Potato,100,600,300,3/7/2024,35.7,25.3,15.2,15.2,97,62
Ludhiana,Ludhiana,Potato,400,1900,950,4/7/2024,31.7,25.4,13.7,13.7,93,68
Ludhiana,Ludhiana,Potato,200,800,600,5/7/2024,32.7,26.3,0.4,0.4,91,63
Ludhiana,Ludhiana,Potato,200,800,600,6/7/2024,32.1,25.5,0.3,0.3,87,64
Ludhiana,Ludhiana,Potato,100,800,500,7/7/2024,31.7,25.5,1.5,1.5,94,63
Ludhiana,Ludhiana,Potato,200,1000,600,8/7/2024,32.3,25.8,0.4,0.4,90,62
Ludhiana,Ludhiana,Potato,100,800,500,9/7/2024,34.7,25.2,0,0,92,56
Ludhiana,Ludhiana,Potato,200,800,400,10/7/2024,34.6,26.6,1.8,1.8,94,58
Ludhiana,Ludhiana,Potato,500,1100,800,11/7/2024,35.7,27.4,0.1,0.1,96,53
Ludhiana,Ludhiana,Potato,200,800,400,12/7/2024,35.4,26.2,0,0,92,55
Ludhiana,Ludhiana,Potato,400,1800,900,13-07-2024,34.2,24,2.7,2.7,96,54
Ludhiana,Ludhiana,Potato,400,1800,900,14-07-2024,34,25.8,0,0,93,56
Ludhiana,Ludhiana,Potato,400,2000,1000,15-07-2024,35.6,26.9,0,0,89,53
Ludhiana,Ludhiana,Potato,400,1800,900,16-07-2024,35.7,28.1,0.3,0.3,85,56
Ludhiana,Ludhiana,Potato,100,700,500,17-07-2024,35.5,28.1,0.5,0.5,84,56
Ludhiana,Ludhiana,Potato,200,800,600,18-07-2024,35.8,27.1,0.3,0.3,90,57
Ludhiana,Ludhiana,Potato,400,1800,900,19-07-2024,36.3,27.1,0.3,0.3,92,51
Ludhiana,Ludhiana,Potato,400,1900,950,20-07-2024,36.4,26.9,1,1,88,51
Ludhiana,Ludhiana,Potato,200,800,600,21-07-2024,36.9,28.1,0.3,0.3,83,51
Ludhiana,Ludhiana,Potato,500,2400,1200,22-07-2024,35.1,27.1,3.9,3.9,92,62
Ludhiana,Ludhiana,Potato,200,1000,500,23-07-2024,34.9,25,15.4,15.4,97,58
Ludhiana,Ludhiana,Potato,200,1000,600,24-07-2024,33.9,26.6,8.6,8.6,91,61
Ludhiana,Ludhiana,Potato,100,600,300,25-07-2024,34.6,27,0.9,0.9,90,63
Ludhiana,Ludhiana,Potato,200,1000,500,26-07-2024,34.9,26.4,1.7,1.7,95,61
Ludhiana,Ludhiana,Potato,400,1800,900,27-07-2024,34.9,26.9,2.7,2.7,95,64
Ludhiana,Ludhiana,Potato,200,1400,700,28-07-2024,34.5,28.1,0.1,0.1,94,63
Ludhiana,Ludhiana,Potato,200,800,600,29-07-2024,34.6,27.9,5.9,5.9,93,62
Ludhiana,Ludhiana,Potato,200,1400,700,30-07-2024,36.3,27.3,1.5,1.5,96,58
Ludhiana,Ludhiana,Potato,300,900,600,31-07-2024,35.9,26.9,8.2,8.2,98,61
Ludhiana,Ludhiana,Potato,100,1000,500,1/8/2024,27.9,25.1,23.8,23.8,96,85
Ludhiana,Ludhiana,Potato,400,1800,900,2/8/2024,33.7,25.1,0.9,0.9,98,64
Ludhiana,Ludhiana,Potato,500,2400,1200,3/8/2024,33,26.9,6,6,90,66
Ludhiana,Ludhiana,Potato,400,1800,900,4/8/2024,33.1,26.9,0.5,0.5,89,59
Ludhiana,Ludhiana,Potato,400,2000,1000,5/8/2024,33.1,26.8,1.4,1.4,91,64
Ludhiana,Ludhiana,Potato,300,900,600,6/8/2024,33.7,26.9,0.1,0.1,87,60
Ludhiana,Ludhiana,Potato,400,1800,900,7/8/2024,32.1,25.8,1.8,1.8,91,67
Ludhiana,Ludhiana,Potato,500,2500,1250,8/8/2024,32.8,25.1,0.6,0.6,96,63
Ludhiana,Ludhiana,Potato,500,2500,1250,9/8/2024,32.8,25.9,0,0,92,63
Ludhiana,Ludhiana,Potato,200,800,600,10/8/2024,33.6,26,0.4,0.4,94,63
Ludhiana,Ludhiana,Potato,300,800,600,11/8/2024,31.4,25.6,2.5,2.5,96,71
Ludhiana,Ludhiana,Potato,400,1800,900,12/8/2024,33.2,25.3,1.3,1.3,94,60
Ludhiana,Ludhiana,Potato,100,600,300,13-08-2024,33,25.8,0.6,0.6,94,64
Ludhiana,Ludhiana,Potato,200,1000,500,14-08-2024,33.5,26.6,3.4,3.4,91,61
Ludhiana,Ludhiana,Potato,500,2400,1200,15-08-2024,33,26.8,8.8,8.8,97,63
Ludhiana,Ludhiana,Potato,200,800,400,16-08-2024,34.4,25.9,14.7,14.7,97,61
Ludhiana,Ludhiana,Potato,400,2000,1000,17-08-2024,31.6,25.2,7,7,98,69
Ludhiana,Ludhiana,Potato,400,2000,1000,18-08-2024,32.8,25.6,3.3,3.3,99,69
Ludhiana,Ludhiana,Potato,200,1000,500,19-08-2024,32.1,25.3,8.9,8.9,98,68
Ludhiana,Ludhiana,Potato,200,1000,600,20-08-2024,32.2,24.3,12.8,12.8,98,69
Ludhiana,Ludhiana,Potato,300,700,500,21-08-2024,32.8,25,0.8,0.8,99,63
Ludhiana,Ludhiana,Potato,400,2000,1000,22-08-2024,33.1,25.2,0.7,0.7,97,61
Ludhiana,Ludhiana,Potato,500,1200,800,23-08-2024,32.8,24.5,6.9,6.9,97,63
Ludhiana,Ludhiana,Potato,400,2000,1000,24-08-2024,32.9,24.1,4.8,4.8,97,66
Ludhiana,Ludhiana,Potato,100,800,500,25-08-2024,33.3,25.8,1.5,1.5,96,60
Ludhiana,Ludhiana,Potato,400,1800,900,26-08-2024,33.5,26,0.8,0.8,94,57
Ludhiana,Ludhiana,Potato,200,800,600,27-08-2024,33,25.6,3.3,3.3,92,60
Ludhiana,Ludhiana,Potato,200,1800,900,28-08-2024,31.6,25,4.2,4.2,94,68
Ludhiana,Ludhiana,Potato,400,2000,1000,29-08-2024,27.3,24,13.7,13.7,94,80
Ludhiana,Ludhiana,Potato,200,800,400,30-08-2024,32,23.9,7.9,7.9,95,68
Ludhiana,Ludhiana,Potato,200,800,600,31-08-2024,33.8,25.1,0,0,97,58
Ludhiana,Ludhiana,Potato,200,800,400,1/9/2024,33.9,25.3,0,0,94,58
Ludhiana,Ludhiana,Potato,100,600,400,2/9/2024,31.5,24.6,9.9,9.9,95,68
Ludhiana,Ludhiana,Potato,200,1200,550,3/9/2024,32.9,25.3,4.9,4.9,95,61
Ludhiana,Ludhiana,Potato,400,2000,1000,4/9/2024,31.5,24.9,3.9,3.9,96,64
Ludhiana,Ludhiana,Potato,300,1700,850,5/9/2024,31.4,23.7,1.8,1.8,99,64
Ludhiana,Ludhiana,Potato,200,600,300,6/9/2024,32.6,23.4,2.7,2.7,97,57
Ludhiana,Ludhiana,Potato,200,1000,600,7/9/2024,30.3,23.5,39.4,39.4,99,71
Ludhiana,Ludhiana,Potato,200,800,600,8/9/2024,32.5,24.2,0.1,0.1,100,60
Ludhiana,Ludhiana,Potato,100,600,300,9/9/2024,33.1,25.2,1.2,1.2,95,63
Ludhiana,Ludhiana,Potato,400,1800,900,10/9/2024,31,25.8,7.7,7.7,97,68
Ludhiana,Ludhiana,Potato,400,1800,900,11/9/2024,33.1,24.8,0,0,99,56
Ludhiana,Ludhiana,Potato,400,1800,900,12/9/2024,33.8,24.1,0,0,97,55
Ludhiana,Ludhiana,Potato,100,700,400,13-09-2024,31.5,23.4,1.1,1.1,100,64
Ludhiana,Ludhiana,Potato,100,700,400,14-09-2024,32,22.7,0.9,0.9,96,62
Ludhiana,Ludhiana,Potato,200,1000,600,15-09-2024,32.9,23.1,0,0,99,50
Ludhiana,Ludhiana,Potato,200,1000,600,16-09-2024,33.9,22.6,0,0,97,44
Ludhiana,Ludhiana,Potato,500,1800,1000,17-09-2024,33.9,23.3,0.4,0.4,86,50
Ludhiana,Ludhiana,Potato,400,2000,1000,18-09-2024,32.7,23,2.4,2.4,96,55
Ludhiana,Ludhiana,Potato,400,1800,900,19-09-2024,28.7,23.5,4.7,4.7,91,67
Ludhiana,Ludhiana,Potato,100,800,500,20-09-2024,33.4,21.8,0,0,90,50
Ludhiana,Ludhiana,Potato,200,800,500,21-09-2024,34.6,23.6,0,0,90,44
Ludhiana,Ludhiana,Potato,200,1000,500,22-09-2024,35.4,25.7,0,0,90,47
Ludhiana,Ludhiana,Potato,200,1200,550,23-09-2024,36.5,25.9,0,0,87,44
Ludhiana,Ludhiana,Potato,100,700,400,24-09-2024,36.4,25.9,0,0,84,45
Ludhiana,Ludhiana,Potato,100,800,500,25-09-2024,35.2,26.6,0.4,0.4,88,52
Ludhiana,Ludhiana,Potato,100,800,500,26-09-2024,30.7,24.4,6.5,6.5,94,64
Ludhiana,Ludhiana,Potato,400,1600,800,27-09-2024,32.9,22.4,1.7,1.7,93,53
Ludhiana,Ludhiana,Potato,400,1600,800,28-09-2024,32.8,23.8,0,0,95,49
Ludhiana,Ludhiana,Potato,200,1000,500,29-09-2024,33.2,23.3,0,0,94,47
Ludhiana,Ludhiana,Potato,500,2400,1200,30-09-2024,34.1,22.2,0,0,92,46
Ludhiana,Ludhiana,Potato,300,1709,850,1/10/2024,34.6,23,0,0,96,47
Ludhiana,Ludhiana,Potato,200,1100,500,2/10/2024,35.8,22.6,0,0,96,38
Ludhiana,Ludhiana,Potato,400,2000,1000,3/10/2024,36.1,22.2,0,0,92,33
Ludhiana,Ludhiana,Potato,400,1800,900,4/10/2024,36,22.7,0,0,88,33
Ludhiana,Ludhiana,Potato,200,1000,500,5/10/2024,35.2,22.8,1.3,1.3,83,38
Ludhiana,Ludhiana,Potato,200,800,400,6/10/2024,33.5,22.6,0.7,0.7,85,38
Ludhiana,Ludhiana,Potato,200,1000,500,7/10/2024,33.8,20.7,0,0,90,33
Ludhiana,Ludhiana,Potato,200,1000,600,8/10/2024,33.5,22.2,0,0,82,34
Ludhiana,Ludhiana,Potato,400,1800,900,9/10/2024,33.9,20.5,0,0,95,29
Ludhiana,Ludhiana,Potato,200,1800,900,10/10/2024,33.8,19.9,0,0,78,23
Ludhiana,Ludhiana,Potato,500,2400,1200,11/10/2024,33.1,18.7,0,0,81,29
Ludhiana,Ludhiana,Potato,400,800,600,12/10/2024,33.2,19.1,0,0,76,26
Ludhiana,Ludhiana,Potato,500,1600,800,13-10-2024,33,19.8,0,0,81,29
Ludhiana,Ludhiana,Potato,500,1500,800,14-10-2024,32.4,19.4,0,0,77,30
Ludhiana,Ludhiana,Potato,500,2400,1200,15-10-2024,32.9,20.3,0,0,69,29
Ludhiana,Ludhiana,Potato,100,800,500,16-10-2024,33.4,20.1,0,0,74,29
Ludhiana,Ludhiana,Potato,200,1400,700,17-10-2024,33.7,18.5,0,0,84,31
Ludhiana,Ludhiana,Potato,200,600,300,18-10-2024,33.5,17.9,0,0,94,31
Ludhiana,Ludhiana,Potato,500,1500,800,19-10-2024,33,19.9,0,0,84,34
Ludhiana,Ludhiana,Potato,100,800,500,20-10-2024,32.5,18.9,0,0,92,35
Ludhiana,Ludhiana,Potato,500,2400,1200,21-10-2024,31.8,19,0,0,94,38
Ludhiana,Ludhiana,Potato,200,600,300,22-10-2024,31.7,19.3,0,0,94,38
Ludhiana,Ludhiana,Potato,200,600,300,23-10-2024,32.3,19.3,0,0,94,32
Ludhiana,Ludhiana,Potato,200,1400,700,24-10-2024,32.7,18.8,0,0,90,29
Ludhiana,Ludhiana,Potato,300,650,500,25-10-2024,31.8,18.4,0,0,92,33
Ludhiana,Ludhiana,Potato,200,1000,500,26-10-2024,32.5,17.8,0,0,88,37
Ludhiana,Ludhiana,Potato,200,1600,800,27-10-2024,32.2,18.3,0,0,95,41
Ludhiana,Ludhiana,Potato,200,1800,900,28-10-2024,32,19.2,0,0,96,39
Ludhiana,Ludhiana,Potato,200,800,600,29-10-2024,32.8,19.6,0,0,96,37
Ludhiana,Ludhiana,Potato,500,1100,800,30-10-2024,32.8,18.8,0,0,94,36
Ludhiana,Ludhiana,Potato,300,1000,600,31-10-2024,31.7,18.4,0,0,85,36
Ludhiana,Ludhiana,Potato,300,800,600,1/11/2024,31.5,16.9,0,0,88,27
Ludhiana,Ludhiana,Potato,400,2000,1000,2/11/2024,31.2,14.8,0,0,95,28
Ludhiana,Ludhiana,Potato,100,800,500,3/11/2024,30.8,15.3,0,0,92,33
Ludhiana,Ludhiana,Potato,200,1200,550,4/11/2024,31,16,0,0,94,35
Ludhiana,Ludhiana,Potato,200,900,500,5/11/2024,30,17.5,0,0,95,42
Ludhiana,Ludhiana,Potato,200,1000,600,6/11/2024,30.2,16.1,0,0,97,41
Ludhiana,Ludhiana,Potato,500,2500,1250,7/11/2024,29.9,16.7,0,0,96,45
Ludhiana,Ludhiana,Potato,200,600,300,8/11/2024,29.7,17.2,0,0,97,46
Ludhiana,Ludhiana,Potato,200,800,500,9/11/2024,29.5,17.6,0,0,97,48
Ludhiana,Ludhiana,Potato,100,700,500,10/11/2024,29.1,17.5,0,0,97,49
Ludhiana,Ludhiana,Potato,300,700,500,11/11/2024,29.2,17.4,0,0,97,46
Ludhiana,Ludhiana,Potato,500,2400,1200,12/11/2024,28.4,16.8,0,0,96,44
Ludhiana,Ludhiana,Potato,200,600,300,13-11-2024,27,17,0,0,100,50
Ludhiana,Ludhiana,Potato,200,800,600,14-11-2024,26.9,15.7,0,0,100,46
Ludhiana,Ludhiana,Potato,500,2200,1100,15-11-2024,26,14.8,0,0,99,48
Ludhiana,Ludhiana,Potato,100,1000,500,16-11-2024,24.9,14.7,0,0,99,53
Ludhiana,Ludhiana,Potato,400,2000,1000,17-11-2024,24,14.2,0,0,100,58
Ludhiana,Ludhiana,Potato,500,1400,800,18-11-2024,23.7,12.9,0,0,96,48
Ludhiana,Ludhiana,Potato,200,1600,800,19-11-2024,23.7,11.4,0,0,92,46
Ludhiana,Ludhiana,Potato,100,1000,500,20-11-2024,23.8,11,0,0,95,49
Ludhiana,Ludhiana,Potato,200,1000,450,21-11-2024,23.5,11.3,0,0,99,51
Ludhiana,Ludhiana,Potato,200,800,500,22-11-2024,24.1,11.6,0,0,99,51
Ludhiana,Ludhiana,Potato,300,1000,600,23-11-2024,25.2,12.6,0,0,95,46
Ludhiana,Ludhiana,Potato,500,2400,1200,24-11-2024,24.4,12.5,0,0,99,52
Ludhiana,Ludhiana,Potato,300,900,600,25-11-2024,23.1,12.3,0,0,95,50
Ludhiana,Ludhiana,Potato,400,1800,900,26-11-2024,22.9,11.7,0,0,90,55
Ludhiana,Ludhiana,Potato,300,900,600,27-11-2024,22.6,11.1,0,0,94,52
Ludhiana,Ludhiana,Potato,200,1800,900,28-11-2024,22.8,11,0,0,98,54
Ludhiana,Ludhiana,Potato,200,1000,500,29-11-2024,22.2,10.1,0,0,99,56
Ludhiana,Ludhiana,Potato,100,800,500,30-11-2024,21.7,11.5,0,0,95,57
Ludhiana,Ludhiana,Potato,200,900,600,1/12/2024,22,11,0,0,90,53
Ludhiana,Ludhiana,Potato,200,800,500,2/12/2024,22.6,11.2,0,0,91,56
Ludhiana,Ludhiana,Potato,400,1800,900,3/12/2024,22.4,11.7,0,0,92,53
Ludhiana,Ludhiana,Potato,400,1800,900,4/12/2024,21,10.9,0,0,90,53
Ludhiana,Ludhiana,Potato,200,1000,600,5/12/2024,21.1,8.9,0,0,84,45
Ludhiana,Ludhiana,Potato,200,1000,400,6/12/2024,20.5,7.8,0,0,88,44
Ludhiana,Ludhiana,Potato,200,1100,550,7/12/2024,19.5,7.2,0,0,90,51
Ludhiana,Ludhiana,Potato,400,1800,900,8/12/2024,17.6,8.5,2.5,2.5,91,49
Ludhiana,Ludhiana,Potato,200,1000,500,9/12/2024,18.3,7.9,0,0,95,53
Ludhiana,Ludhiana,Potato,100,600,400,10/12/2024,17.1,6.3,0,0,92,40
Ludhiana,Ludhiana,Potato,400,1800,900,11/12/2024,17.5,5.6,0,0,80,41
Ludhiana,Ludhiana,Potato,500,2500,1250,12/12/2024,17.8,5.8,0,0,86,43
Ludhiana,Ludhiana,Potato,200,1100,550,13-12-2024,17.2,5.4,0,0,84,51
Ludhiana,Ludhiana,Potato,300,1700,850,14-12-2024,17.7,5.7,0,0,81,45
Ludhiana,Ludhiana,Potato,200,1000,500,15-12-2024,18.5,5.8,0,0,88,48
Ludhiana,Ludhiana,Potato,400,1800,900,16-12-2024,17.2,3.4,0,0,100,51
Ludhiana,Ludhiana,Potato,400,1850,950,17-12-2024,17.8,3.9,0,0,98,46
Ludhiana,Ludhiana,Potato,400,1800,900,18-12-2024,18.5,5.7,0,0,91,49
Ludhiana,Ludhiana,Potato,400,1800,900,19-12-2024,17.7,5.2,0,0,97,51
Ludhiana,Ludhiana,Potato,400,2100,1050,20-12-2024,20,6.7,0,0,96,48
Ludhiana,Ludhiana,Potato,400,1600,800,21-12-2024,18.5,6.4,0,0,93,46
Ludhiana,Ludhiana,Potato,200,1000,600,22-12-2024,18.4,6.7,0,0,96,48
Ludhiana,Ludhiana,Potato,200,600,300,23-12-2024,13.8,8.9,2.5,2.5,95,78
Ludhiana,Ludhiana,Potato,200,1100,500,24-12-2024,18.8,7.5,0,0,95,53
Ludhiana,Ludhiana,Potato,300,1000,600,25-12-2024,19.3,7.2,0,0,95,55
Ludhiana,Ludhiana,Potato,100,700,400,26-12-2024,19.1,7,0,0,95,54
Ludhiana,Ludhiana,Potato,200,1000,600,27-12-2024,15,8.6,35.4,35.4,99,79
Ludhiana,Ludhiana,Potato,400,2000,1000,28-12-2024,16.8,9.5,13.7,13.7,98,76
Ludhiana,Ludhiana,Potato,300,600,500,29-12-2024,17.4,8.2,0,0,100,71
Ludhiana,Ludhiana,Potato,400,1800,900,30-12-2024,16.5,8,0,0,99,64
Ludhiana,Ludhiana,Potato,100,700,400,31-12-2024,15.6,5.7,0,0,100,77
Ludhiana,Ludhiana,Potato,200,1000,500,1/1/2025,15,7.4,0,0,100,78
Ludhiana,Ludhiana,Potato,500,1200,800,2/1/2025,16.5,8.1,0,0,99,73
Ludhiana,Ludhiana,Potato,500,2200,1100,3/1/2025,18.4,8.1,0,0,100,70
Ludhiana,Ludhiana,Potato,400,1900,950,4/1/2025,18.7,9.1,0,0,99,70
Ludhiana,Ludhiana,Potato,300,1700,850,5/1/2025,17.3,10,5.2,5.2,100,73
Ludhiana,Ludhiana,Potato,100,1000,500,6/1/2025,16.9,9.6,9,9,99,71
Ludhiana,Ludhiana,Potato,200,1600,800,7/1/2025,16.9,8.8,0,0,100,74
Ludhiana,Ludhiana,Potato,200,1400,700,8/1/2025,16.3,6,0,0,97,59
Ludhiana,Ludhiana,Potato,100,800,500,9/1/2025,17,4.7,0,0,100,69
Ludhiana,Ludhiana,Potato,400,1800,900,10/1/2025,15.7,6.4,0,0,100,74
Ludhiana,Ludhiana,Potato,200,1800,900,11/1/2025,15.2,7.6,3.9,3.9,100,75
Ludhiana,Ludhiana,Potato,200,1000,450,12/1/2025,16,9.8,5.3,5.3,96,66
Ludhiana,Ludhiana,Potato,200,1600,800,13-01-2025,17.8,8.4,0,0,97,66
Ludhiana,Ludhiana,Potato,200,1200,550,14-01-2025,17.2,7.3,0,0,94,60
Ludhiana,Ludhiana,Potato,300,1700,850,15-01-2025,16.6,5.1,0,0,100,77
Ludhiana,Ludhiana,Potato,200,1000,600,16-01-2025,17.1,9,0.7,0.7,100,59
Ludhiana,Ludhiana,Potato,500,2500,1250,17-01-2025,16.8,6.9,0,0,100,66
Ludhiana,Ludhiana,Potato,100,800,500,18-01-2025,16.6,8.4,0,0,99,70
Ludhiana,Ludhiana,Potato,400,1800,900,19-01-2025,19.3,9.7,0,0,99,61
Ludhiana,Ludhiana,Potato,400,1800,900,20-01-2025,20.2,11.4,0,0,95,64
Ludhiana,Ludhiana,Potato,200,800,500,21-01-2025,19.1,9.1,0,0,92,64
Ludhiana,Ludhiana,Potato,500,1100,800,22-01-2025,20.8,8.1,0,0,98,54
Ludhiana,Ludhiana,Potato,200,800,600,23-01-2025,19.2,8.1,0,0,97,56
Ludhiana,Ludhiana,Potato,200,1000,500,24-01-2025,18.8,7.3,0,0,94,52
Ludhiana,Ludhiana,Potato,400,1800,900,25-01-2025,19.1,6.9,0,0,79,42
Ludhiana,Ludhiana,Potato,500,1100,800,26-01-2025,19.9,6,0,0,93,35
Ludhiana,Ludhiana,Potato,400,1800,900,27-01-2025,20.5,5.9,0,0,93,35
Ludhiana,Ludhiana,Potato,100,1000,500,28-01-2025,21.9,7,0,0,92,29
Ludhiana,Ludhiana,Potato,400,1800,900,29-01-2025,21.4,9.3,0,0,97,50
Ludhiana,Ludhiana,Potato,200,1000,600,30-01-2025,22.2,9.6,0,0,97,38
Ludhiana,Ludhiana,Potato,500,2500,1250,31-01-2025,22.2,9.2,0,0,99,45
Ludhiana,Ludhiana,Potato,300,800,600,1/2/2025,20.3,10.1,0.4,0.4,100,51
Ludhiana,Ludhiana,Potato,400,1450,950,2/2/2025,20.9,9.4,0,0,100,47
Ludhiana,Ludhiana,Potato,100,800,500,3/2/2025,20.7,8.5,0,0,100,46
Ludhiana,Ludhiana,Potato,100,700,400,4/2/2025,20,9.9,0.3,0.3,92,54
Ludhiana,Ludhiana,Potato,400,1800,900,5/2/2025,19,8.1,0,0,100,54
Ludhiana,Ludhiana,Potato,400,1900,950,6/2/2025,19.6,7.9,0,0,94,36
Ludhiana,Ludhiana,Potato,400,1800,900,7/2/2025,18.6,7.2,0,0,80,50
Ludhiana,Ludhiana,Potato,400,2000,1000,8/2/2025,20.3,8.5,0,0,85,40
Ludhiana,Ludhiana,Potato,500,1400,800,9/2/2025,22.4,8.8,0,0,90,39
Ludhiana,Ludhiana,Potato,200,900,600,10/2/2025,23.7,10.5,0,0,91,36
Ludhiana,Ludhiana,Potato,400,1800,900,11/2/2025,24,10.2,0,0,93,35
Ludhiana,Ludhiana,Potato,500,1100,800,12/2/2025,22.7,11,0,0,88,32
Ludhiana,Ludhiana,Potato,500,1800,900,13-02-2025,21.7,8.8,0,0,85,32
Ludhiana,Ludhiana,Potato,400,1800,900,14-02-2025,22.1,8.7,0,0,82,34
Ludhiana,Ludhiana,Potato,500,2200,1100,15-02-2025,22.2,11.4,0.3,0.3,80,37
Ludhiana,Ludhiana,Potato,200,1000,600,16-02-2025,22.1,10.6,0,0,95,42
Ludhiana,Ludhiana,Potato,200,800,350,17-02-2025,24.5,11.1,0,0,95,35
Ludhiana,Ludhiana,Potato,300,1700,850,18-02-2025,25,12.2,0,0,91,31
Ludhiana,Ludhiana,Potato,200,800,600,19-02-2025,25.2,10.6,0.8,0.8,88,27
Ludhiana,Ludhiana,Potato,400,800,600,20-02-2025,20.1,12.9,19.6,19.6,97,56
Ludhiana,Ludhiana,Potato,200,1000,500,21-02-2025,21.1,9.8,0,0,100,59
Ludhiana,Ludhiana,Potato,200,1000,500,22-02-2025,21.6,11.3,0.1,0.1,95,49
Ludhiana,Ludhiana,Potato,200,600,300,23-02-2025,23.2,11.2,0,0,94,45
Ludhiana,Ludhiana,Potato,100,1000,500,24-02-2025,25.4,11.4,0,0,95,29
Ludhiana,Ludhiana,Potato,200,1400,700,25-02-2025,22.1,13.7,0.6,0.6,89,48
Ludhiana,Ludhiana,Potato,200,600,300,26-02-2025,26.5,16.5,0.3,0.3,81,40
Ludhiana,Ludhiana,Potato,200,1400,700,27-02-2025,20.8,16.3,5.8,5.8,92,61
Ludhiana,Ludhiana,Potato,400,1800,900,28-02-2025,18.9,14.5,45.8,45.8,95,76
Ludhiana,Ludhiana,Potato,200,800,600,1/3/2025,22.8,11.7,0,0,97,60
Ludhiana,Ludhiana,Potato,400,1800,900,2/3/2025,21.7,11.3,0,0,95,44
Ludhiana,Ludhiana,Potato,200,1000,600,3/3/2025,21.3,9.9,1.1,1.1,95,50
Ludhiana,Ludhiana,Potato,400,2000,1000,4/3/2025,21.4,11.5,0.6,0.6,93,44
Ludhiana,Ludhiana,Potato,400,1800,900,5/3/2025,20.8,9.1,0,0,84,41
Ludhiana,Ludhiana,Potato,300,1700,850,6/3/2025,23.5,9.3,0,0,83,38
Ludhiana,Ludhiana,Potato,500,1800,900,7/3/2025,25.3,10.3,0,0,94,28
Ludhiana,Ludhiana,Potato,400,2000,1000,8/3/2025,27,12.6,0,0,95,32
Ludhiana,Ludhiana,Potato,200,1600,800,9/3/2025,30,11.9,0,0,96,15
Ludhiana,Ludhiana,Potato,200,1000,450,10/3/2025,31,17.9,0,0,74,26
Ludhiana,Ludhiana,Potato,200,1000,600,11/3/2025,29.8,16.1,0.1,0.1,97,34
Ludhiana,Ludhiana,Potato,500,1400,800,12/3/2025,28.9,16.5,0,0,91,34
Ludhiana,Ludhiana,Potato,500,2500,1250,13-03-2025,27.6,16,3.5,3.5,95,40
Ludhiana,Ludhiana,Potato,500,2500,1250,14-03-2025,29.3,14.2,2.3,2.3,91,28
Ludhiana,Ludhiana,Potato,100,700,400,15-03-2025,23.2,14.7,7.9,7.9,96,53
Ludhiana,Ludhiana,Potato,400,1800,900,16-03-2025,25.6,12.1,0.1,0.1,99,37
Ludhiana,Ludhiana,Potato,200,1000,600,17-03-2025,26.4,12.2,0,0,97,28
Ludhiana,Ludhiana,Potato,200,1000,500,18-03-2025,28.7,13.8,0,0,90,25
Ludhiana,Ludhiana,Potato,200,800,400,19-03-2025,29.8,16.3,0.2,0.2,87,20
Ludhiana,Ludhiana,Potato,400,1800,900,20-03-2025,29.1,16.3,0,0,71,23
Ludhiana,Ludhiana,Potato,500,2500,1250,21-03-2025,28.9,15.1,0,0,85,23
Ludhiana,Ludhiana,Potato,400,1800,900,22-03-2025,30.2,15.2,0,0,91,20
Ludhiana,Ludhiana,Potato,400,2000,1000,23-03-2025,31.7,15.7,0,0,73,17
Ludhiana,Ludhiana,Potato,200,1000,500,24-03-2025,32.4,15.8,0,0,79,19
Ludhiana,Ludhiana,Potato,400,2000,1000,25-03-2025,33.3,17.3,0,0,75,18
Ludhiana,Ludhiana,Potato,200,600,300,26-03-2025,35.3,19.1,0,0,77,14
Ludhiana,Ludhiana,Potato,500,2200,1100,27-03-2025,35.6,21.2,0,0,56,14
Ludhiana,Ludhiana,Pumpkin,100,500,300,1/4/2024,28.3,15.7,0,0,76,29
Ludhiana,Ludhiana,Pumpkin,100,500,300,2/4/2024,29.5,13,0,0,79,26
Ludhiana,Ludhiana,Pumpkin,100,500,300,3/4/2024,32.3,14.8,0,0,68,22
Ludhiana,Ludhiana,Pumpkin,100,500,300,4/4/2024,32.9,17.7,0,0,64,20
Ludhiana,Ludhiana,Pumpkin,100,500,300,5/4/2024,32,15.9,0,0,71,18
Ludhiana,Ludhiana,Pumpkin,100,500,300,6/4/2024,32.2,14.8,0,0,62,15
Ludhiana,Ludhiana,Pumpkin,100,500,300,7/4/2024,32.5,14.1,0,0,65,17
Ludhiana,Ludhiana,Pumpkin,100,500,300,8/4/2024,33.3,15.8,0,0,68,15
Ludhiana,Ludhiana,Pumpkin,100,500,300,9/4/2024,33.9,15.7,0,0,58,15
Ludhiana,Ludhiana,Pumpkin,100,500,300,10/4/2024,34.7,16.1,0,0,57,15
Ludhiana,Ludhiana,Pumpkin,100,500,300,11/4/2024,34.3,18.6,0,0,45,19
Ludhiana,Ludhiana,Pumpkin,100,500,300,12/4/2024,35.4,16.7,0,0,63,17
Ludhiana,Ludhiana,Pumpkin,100,500,300,13-04-2024,34.2,20.4,0.7,0.7,68,24
Ludhiana,Ludhiana,Pumpkin,100,500,300,14-04-2024,31.4,19.8,1.2,1.2,77,33
Ludhiana,Ludhiana,Pumpkin,100,500,300,15-04-2024,31.3,19.7,12.5,12.5,88,37
Ludhiana,Ludhiana,Pumpkin,100,500,300,16-04-2024,31.1,18,0.2,0.2,94,37
Ludhiana,Ludhiana,Pumpkin,100,500,300,17-04-2024,32.5,16.6,0,0,80,18
Ludhiana,Ludhiana,Pumpkin,100,500,300,18-04-2024,32.6,18.4,0,0,60,29
Ludhiana,Ludhiana,Pumpkin,100,500,300,19-04-2024,33.8,21.1,5.4,5.4,67,29
Ludhiana,Ludhiana,Pumpkin,100,500,300,20-04-2024,32.6,18.8,1.6,1.6,78,28
Ludhiana,Ludhiana,Pumpkin,100,500,300,21-04-2024,34.4,19,0,0,71,16
Ludhiana,Ludhiana,Pumpkin,100,500,300,22-04-2024,35.2,17.9,0,0,78,18
Ludhiana,Ludhiana,Pumpkin,100,500,300,23-04-2024,33.8,19.9,0,0,52,17
Ludhiana,Ludhiana,Pumpkin,100,500,300,24-04-2024,34.9,19.7,0.1,0.1,61,21
Ludhiana,Ludhiana,Pumpkin,100,500,300,25-04-2024,37,18.5,0,0,61,14
Ludhiana,Ludhiana,Pumpkin,100,500,300,26-04-2024,38.5,21.7,0,0,53,12
Ludhiana,Ludhiana,Pumpkin,100,500,300,27-04-2024,34.8,22.3,1.6,1.6,53,19
Ludhiana,Ludhiana,Pumpkin,200,400,300,28-04-2024,34.6,20.4,0,0,63,22
Ludhiana,Ludhiana,Pumpkin,200,400,300,29-04-2024,29.4,21.5,1.2,1.2,57,33
Ludhiana,Ludhiana,Pumpkin,200,400,300,30-04-2024,32.9,16.7,0,0,72,17
Ludhiana,Ludhiana,Pumpkin,200,400,300,1/5/2024,29.1,14.8,0,0,77,23
Ludhiana,Ludhiana,Pumpkin,200,400,300,2/5/2024,32.9,16,0,0,64,19
Ludhiana,Ludhiana,Pumpkin,200,400,300,3/5/2024,36.3,17.7,0,0,49,14
Ludhiana,Ludhiana,Pumpkin,200,400,300,4/5/2024,38.6,22.3,0,0,53,14
Ludhiana,Ludhiana,Pumpkin,200,400,300,5/5/2024,37.8,21.9,0,0,49,16
Ludhiana,Ludhiana,Pumpkin,200,400,300,6/5/2024,38.9,22.8,0,0,49,15
Ludhiana,Ludhiana,Pumpkin,200,400,300,7/5/2024,40.2,23.4,0,0,41,12
Ludhiana,Ludhiana,Pumpkin,200,400,300,8/5/2024,39.2,23.1,0,0,49,19
Ludhiana,Ludhiana,Pumpkin,200,400,300,9/5/2024,38.4,26,0,0,57,20
Ludhiana,Ludhiana,Pumpkin,200,400,300,10/5/2024,37.4,25.1,0.4,0.4,82,28
Ludhiana,Ludhiana,Pumpkin,200,400,300,11/5/2024,36.1,22.6,0.8,0.8,83,25
Ludhiana,Ludhiana,Pumpkin,200,400,300,12/5/2024,34,23.3,0.5,0.5,73,29
Ludhiana,Ludhiana,Pumpkin,200,400,300,13-05-2024,38.3,22,0,0,60,13
Ludhiana,Ludhiana,Pumpkin,200,400,300,14-05-2024,38.3,21.5,0,0,54,14
Ludhiana,Ludhiana,Pumpkin,200,400,300,15-05-2024,40.8,21.9,0,0,37,12
Ludhiana,Ludhiana,Pumpkin,200,500,300,16-05-2024,41.5,22.6,0,0,44,13
Ludhiana,Ludhiana,Pumpkin,200,500,300,17-05-2024,42.6,24.3,0,0,43,13
Ludhiana,Ludhiana,Pumpkin,200,500,300,18-05-2024,42.9,24.6,0,0,42,13
Ludhiana,Ludhiana,Pumpkin,200,500,300,19-05-2024,43.5,25.4,0,0,39,11
Ludhiana,Ludhiana,Pumpkin,200,500,300,20-05-2024,42.1,25.4,0,0,37,14
Ludhiana,Ludhiana,Pumpkin,200,500,300,21-05-2024,42.1,25.8,0,0,34,14
Ludhiana,Ludhiana,Pumpkin,200,500,300,22-05-2024,40.5,26.2,0,0,52,18
Ludhiana,Ludhiana,Pumpkin,200,500,300,23-05-2024,40,28.4,0,0,58,25
Ludhiana,Ludhiana,Pumpkin,200,500,300,24-05-2024,40.5,29.1,0.3,0.3,59,20
Ludhiana,Ludhiana,Pumpkin,200,500,300,25-05-2024,43.3,26.1,0,0,50,13
Ludhiana,Ludhiana,Pumpkin,200,500,300,26-05-2024,44.3,25.8,0,0,41,12
Ludhiana,Ludhiana,Pumpkin,200,500,300,27-05-2024,44.4,27.3,0,0,38,7
Ludhiana,Ludhiana,Pumpkin,200,500,400,28-05-2024,44.9,25.8,0,0,30,7
Ludhiana,Ludhiana,Pumpkin,200,500,400,29-05-2024,45.2,25.9,0,0,23,7
Ludhiana,Ludhiana,Pumpkin,200,500,400,30-05-2024,45.3,26.9,0,0,27,5
Ludhiana,Ludhiana,Pumpkin,200,600,400,31-05-2024,44.4,26.4,0,0,27,7
Ludhiana,Ludhiana,Pumpkin,200,600,400,1/6/2024,44.4,27.5,0,0,26,7
Ludhiana,Ludhiana,Pumpkin,200,600,400,2/6/2024,42.8,26.8,0,0,50,12
Ludhiana,Ludhiana,Pumpkin,200,600,400,3/6/2024,44.2,26.8,0,0,30,12
Ludhiana,Ludhiana,Pumpkin,200,600,400,4/6/2024,42.4,29.2,0,0,25,14
Ludhiana,Ludhiana,Pumpkin,200,600,400,5/6/2024,40.2,27.5,2,2,59,17
Ludhiana,Ludhiana,Pumpkin,200,600,400,6/6/2024,38.6,23.5,1.2,1.2,77,25
Ludhiana,Ludhiana,Pumpkin,200,600,400,7/6/2024,40.4,25.5,0,0,60,18
Ludhiana,Ludhiana,Pumpkin,200,600,400,8/6/2024,38.4,25.1,0,0,48,19
Ludhiana,Ludhiana,Pumpkin,200,600,400,9/6/2024,40.9,24.8,0,0,51,12
Ludhiana,Ludhiana,Pumpkin,200,600,400,10/6/2024,41.5,24.8,0,0,38,12
Ludhiana,Ludhiana,Pumpkin,300,500,400,11/6/2024,42.2,25.7,0,0,44,11
Ludhiana,Ludhiana,Pumpkin,300,500,400,12/6/2024,44.1,26.6,0,0,35,9
Ludhiana,Ludhiana,Pumpkin,300,500,400,13-06-2024,44.3,27.9,0,0,40,11
Ludhiana,Ludhiana,Pumpkin,300,500,400,14-06-2024,43.3,29.7,0,0,39,12
Ludhiana,Ludhiana,Pumpkin,300,500,400,15-06-2024,43.6,27.9,0,0,38,15
Ludhiana,Ludhiana,Pumpkin,300,500,400,16-06-2024,44.2,30.1,0,0,44,16
Ludhiana,Ludhiana,Pumpkin,300,500,400,17-06-2024,44.5,29.1,0,0,49,15
Ludhiana,Ludhiana,Pumpkin,300,500,400,18-06-2024,44.1,30.3,0,0,48,16
Ludhiana,Ludhiana,Pumpkin,300,500,400,19-06-2024,42.4,30.1,0,0,52,17
Ludhiana,Ludhiana,Pumpkin,300,500,400,20-06-2024,37.9,24.6,0.1,0.1,83,35
Ludhiana,Ludhiana,Pumpkin,300,600,400,21-06-2024,35.6,26.3,5.3,5.3,73,41
Ludhiana,Ludhiana,Pumpkin,300,600,400,22-06-2024,37.9,25.9,0,0,81,30
Ludhiana,Ludhiana,Pumpkin,300,600,400,23-06-2024,38.7,27,0,0,67,26
Ludhiana,Ludhiana,Pumpkin,300,600,400,24-06-2024,40.7,29.4,0.4,0.4,63,26
Ludhiana,Ludhiana,Pumpkin,300,600,500,25-06-2024,40,29.6,0,0,72,28
Ludhiana,Ludhiana,Pumpkin,300,600,500,26-06-2024,39.1,30.9,0.2,0.2,66,38
Ludhiana,Ludhiana,Pumpkin,300,600,500,27-06-2024,35.3,26.8,13.1,13.1,92,52
Ludhiana,Ludhiana,Pumpkin,300,600,500,28-06-2024,37.1,28,0,0,81,44
Ludhiana,Ludhiana,Pumpkin,300,700,500,29-06-2024,35.6,28.3,0.5,0.5,79,50
Ludhiana,Ludhiana,Pumpkin,300,700,500,30-06-2024,38.6,27.8,0.7,0.7,82,42
Ludhiana,Ludhiana,Pumpkin,300,700,500,1/7/2024,37.2,26.7,1.6,1.6,91,50
Ludhiana,Ludhiana,Pumpkin,300,700,500,2/7/2024,37.3,26,5.3,5.3,95,51
Ludhiana,Ludhiana,Pumpkin,300,700,500,3/7/2024,35.7,25.3,15.2,15.2,97,62
Ludhiana,Ludhiana,Pumpkin,300,700,500,4/7/2024,31.7,25.4,13.7,13.7,93,68
Ludhiana,Ludhiana,Pumpkin,300,700,500,5/7/2024,32.7,26.3,0.4,0.4,91,63
Ludhiana,Ludhiana,Pumpkin,300,700,500,6/7/2024,32.1,25.5,0.3,0.3,87,64
Ludhiana,Ludhiana,Pumpkin,300,700,500,7/7/2024,31.7,25.5,1.5,1.5,94,63
Ludhiana,Ludhiana,Pumpkin,300,700,500,8/7/2024,32.3,25.8,0.4,0.4,90,62
Ludhiana,Ludhiana,Pumpkin,300,700,500,9/7/2024,34.7,25.2,0,0,92,56
Ludhiana,Ludhiana,Pumpkin,300,700,500,10/7/2024,34.6,26.6,1.8,1.8,94,58
Ludhiana,Ludhiana,Pumpkin,300,700,500,11/7/2024,35.7,27.4,0.1,0.1,96,53
Ludhiana,Ludhiana,Pumpkin,300,700,500,12/7/2024,35.4,26.2,0,0,92,55
Ludhiana,Ludhiana,Pumpkin,300,700,500,13-07-2024,34.2,24,2.7,2.7,96,54
Ludhiana,Ludhiana,Pumpkin,300,700,500,14-07-2024,34,25.8,0,0,93,56
Ludhiana,Ludhiana,Pumpkin,300,700,500,15-07-2024,35.6,26.9,0,0,89,53
Ludhiana,Ludhiana,Pumpkin,300,700,500,16-07-2024,35.7,28.1,0.3,0.3,85,56
Ludhiana,Ludhiana,Pumpkin,300,700,500,17-07-2024,35.5,28.1,0.5,0.5,84,56
Ludhiana,Ludhiana,Pumpkin,300,700,500,18-07-2024,35.8,27.1,0.3,0.3,90,57
Ludhiana,Ludhiana,Pumpkin,300,800,500,19-07-2024,36.3,27.1,0.3,0.3,92,51
Ludhiana,Ludhiana,Pumpkin,400,600,500,20-07-2024,36.4,26.9,1,1,88,51
Ludhiana,Ludhiana,Pumpkin,400,600,500,21-07-2024,36.9,28.1,0.3,0.3,83,51
Ludhiana,Ludhiana,Pumpkin,400,800,600,22-07-2024,35.1,27.1,3.9,3.9,92,62
Ludhiana,Ludhiana,Pumpkin,400,800,600,23-07-2024,34.9,25,15.4,15.4,97,58
Ludhiana,Ludhiana,Pumpkin,400,800,600,24-07-2024,33.9,26.6,8.6,8.6,91,61
Ludhiana,Ludhiana,Pumpkin,400,800,600,25-07-2024,34.6,27,0.9,0.9,90,63
Ludhiana,Ludhiana,Pumpkin,500,700,600,26-07-2024,34.9,26.4,1.7,1.7,95,61
Ludhiana,Ludhiana,Pumpkin,500,700,600,27-07-2024,34.9,26.9,2.7,2.7,95,64
Ludhiana,Ludhiana,Pumpkin,500,700,600,28-07-2024,34.5,28.1,0.1,0.1,94,63
Ludhiana,Ludhiana,Pumpkin,500,700,600,29-07-2024,34.6,27.9,5.9,5.9,93,62
Ludhiana,Ludhiana,Pumpkin,500,700,600,30-07-2024,36.3,27.3,1.5,1.5,96,58
Ludhiana,Ludhiana,Pumpkin,500,700,600,31-07-2024,35.9,26.9,8.2,8.2,98,61
Ludhiana,Ludhiana,Pumpkin,500,700,600,1/8/2024,27.9,25.1,23.8,23.8,96,85
Ludhiana,Ludhiana,Pumpkin,500,700,600,2/8/2024,33.7,25.1,0.9,0.9,98,64
Ludhiana,Ludhiana,Pumpkin,500,700,600,3/8/2024,33,26.9,6,6,90,66
Ludhiana,Ludhiana,Pumpkin,500,700,600,4/8/2024,33.1,26.9,0.5,0.5,89,59
Ludhiana,Ludhiana,Pumpkin,500,700,600,5/8/2024,33.1,26.8,1.4,1.4,91,64
Ludhiana,Ludhiana,Pumpkin,500,700,600,6/8/2024,33.7,26.9,0.1,0.1,87,60
Ludhiana,Ludhiana,Pumpkin,500,800,600,7/8/2024,32.1,25.8,1.8,1.8,91,67
Ludhiana,Ludhiana,Pumpkin,500,800,600,8/8/2024,32.8,25.1,0.6,0.6,96,63
Ludhiana,Ludhiana,Pumpkin,500,800,600,9/8/2024,32.8,25.9,0,0,92,63
Ludhiana,Ludhiana,Pumpkin,500,800,600,10/8/2024,33.6,26,0.4,0.4,94,63
Ludhiana,Ludhiana,Pumpkin,500,800,600,11/8/2024,31.4,25.6,2.5,2.5,96,71
Ludhiana,Ludhiana,Pumpkin,500,800,600,12/8/2024,33.2,25.3,1.3,1.3,94,60
Ludhiana,Ludhiana,Pumpkin,500,800,600,13-08-2024,33,25.8,0.6,0.6,94,64
Ludhiana,Ludhiana,Pumpkin,500,900,700,14-08-2024,33.5,26.6,3.4,3.4,91,61
Ludhiana,Ludhiana,Pumpkin,500,900,700,15-08-2024,33,26.8,8.8,8.8,97,63
Ludhiana,Ludhiana,Pumpkin,500,900,700,16-08-2024,34.4,25.9,14.7,14.7,97,61
Ludhiana,Ludhiana,Pumpkin,500,900,700,17-08-2024,31.6,25.2,7,7,98,69
Ludhiana,Ludhiana,Pumpkin,500,900,700,18-08-2024,32.8,25.6,3.3,3.3,99,69
Ludhiana,Ludhiana,Pumpkin,500,900,700,19-08-2024,32.1,25.3,8.9,8.9,98,68
Ludhiana,Ludhiana,Pumpkin,500,900,700,20-08-2024,32.2,24.3,12.8,12.8,98,69
Ludhiana,Ludhiana,Pumpkin,500,900,700,21-08-2024,32.8,25,0.8,0.8,99,63
Ludhiana,Ludhiana,Pumpkin,500,900,700,22-08-2024,33.1,25.2,0.7,0.7,97,61
Ludhiana,Ludhiana,Pumpkin,500,900,700,23-08-2024,32.8,24.5,6.9,6.9,97,63
Ludhiana,Ludhiana,Pumpkin,500,900,700,24-08-2024,32.9,24.1,4.8,4.8,97,66
Ludhiana,Ludhiana,Pumpkin,500,900,700,25-08-2024,33.3,25.8,1.5,1.5,96,60
Ludhiana,Ludhiana,Pumpkin,500,900,700,26-08-2024,33.5,26,0.8,0.8,94,57
Ludhiana,Ludhiana,Pumpkin,500,900,700,27-08-2024,33,25.6,3.3,3.3,92,60
Ludhiana,Ludhiana,Pumpkin,500,1000,800,28-08-2024,31.6,25,4.2,4.2,94,68
Ludhiana,Ludhiana,Pumpkin,600,800,700,29-08-2024,27.3,24,13.7,13.7,94,80
Ludhiana,Ludhiana,Pumpkin,600,800,700,30-08-2024,32,23.9,7.9,7.9,95,68
Ludhiana,Ludhiana,Pumpkin,600,900,800,31-08-2024,33.8,25.1,0,0,97,58
Ludhiana,Ludhiana,Pumpkin,600,900,800,1/9/2024,33.9,25.3,0,0,94,58
Ludhiana,Ludhiana,Pumpkin,600,900,800,2/9/2024,31.5,24.6,9.9,9.9,95,68
Ludhiana,Ludhiana,Pumpkin,600,900,800,3/9/2024,32.9,25.3,4.9,4.9,95,61
Ludhiana,Ludhiana,Pumpkin,600,900,800,4/9/2024,31.5,24.9,3.9,3.9,96,64
Ludhiana,Ludhiana,Pumpkin,600,900,800,5/9/2024,31.4,23.7,1.8,1.8,99,64
Ludhiana,Ludhiana,Pumpkin,600,900,800,6/9/2024,32.6,23.4,2.7,2.7,97,57
Ludhiana,Ludhiana,Pumpkin,600,900,800,7/9/2024,30.3,23.5,39.4,39.4,99,71
Ludhiana,Ludhiana,Pumpkin,600,900,800,8/9/2024,32.5,24.2,0.1,0.1,100,60
Ludhiana,Ludhiana,Pumpkin,600,900,800,9/9/2024,33.1,25.2,1.2,1.2,95,63
Ludhiana,Ludhiana,Pumpkin,600,900,800,10/9/2024,31,25.8,7.7,7.7,97,68
Ludhiana,Ludhiana,Pumpkin,600,900,800,11/9/2024,33.1,24.8,0,0,99,56
Ludhiana,Ludhiana,Pumpkin,600,900,800,12/9/2024,33.8,24.1,0,0,97,55
Ludhiana,Ludhiana,Pumpkin,600,900,800,13-09-2024,31.5,23.4,1.1,1.1,100,64
Ludhiana,Ludhiana,Pumpkin,600,900,800,14-09-2024,32,22.7,0.9,0.9,96,62
Ludhiana,Ludhiana,Pumpkin,600,1000,800,15-09-2024,32.9,23.1,0,0,99,50
Ludhiana,Ludhiana,Pumpkin,600,1000,800,16-09-2024,33.9,22.6,0,0,97,44
Ludhiana,Ludhiana,Pumpkin,600,1000,800,17-09-2024,33.9,23.3,0.4,0.4,86,50
Ludhiana,Ludhiana,Pumpkin,600,1000,800,18-09-2024,32.7,23,2.4,2.4,96,55
Ludhiana,Ludhiana,Pumpkin,600,1000,800,19-09-2024,28.7,23.5,4.7,4.7,91,67
Ludhiana,Ludhiana,Pumpkin,600,1000,800,20-09-2024,33.4,21.8,0,0,90,50
Ludhiana,Ludhiana,Pumpkin,600,1000,800,21-09-2024,34.6,23.6,0,0,90,44
Ludhiana,Ludhiana,Pumpkin,600,1000,800,22-09-2024,35.4,25.7,0,0,90,47
Ludhiana,Ludhiana,Pumpkin,600,1000,800,23-09-2024,36.5,25.9,0,0,87,44
Ludhiana,Ludhiana,Pumpkin,600,1000,800,24-09-2024,36.4,25.9,0,0,84,45
Ludhiana,Ludhiana,Pumpkin,600,1000,800,25-09-2024,35.2,26.6,0.4,0.4,88,52
Ludhiana,Ludhiana,Pumpkin,600,1000,800,26-09-2024,30.7,24.4,6.5,6.5,94,64
Ludhiana,Ludhiana,Pumpkin,600,1000,800,27-09-2024,32.9,22.4,1.7,1.7,93,53
Ludhiana,Ludhiana,Pumpkin,600,1000,800,28-09-2024,32.8,23.8,0,0,95,49
Ludhiana,Ludhiana,Pumpkin,600,1000,800,29-09-2024,33.2,23.3,0,0,94,47
Ludhiana,Ludhiana,Pumpkin,600,1000,800,30-09-2024,34.1,22.2,0,0,92,46
Ludhiana,Ludhiana,Pumpkin,600,1000,800,1/10/2024,34.6,23,0,0,96,47
Ludhiana,Ludhiana,Pumpkin,600,1000,800,2/10/2024,35.8,22.6,0,0,96,38
Ludhiana,Ludhiana,Pumpkin,600,1000,800,3/10/2024,36.1,22.2,0,0,92,33
Ludhiana,Ludhiana,Pumpkin,600,1000,800,4/10/2024,36,22.7,0,0,88,33
Ludhiana,Ludhiana,Pumpkin,600,1000,800,5/10/2024,35.2,22.8,1.3,1.3,83,38
Ludhiana,Ludhiana,Pumpkin,600,1000,800,6/10/2024,33.5,22.6,0.7,0.7,85,38
Ludhiana,Ludhiana,Pumpkin,600,1000,800,7/10/2024,33.8,20.7,0,0,90,33
Ludhiana,Ludhiana,Pumpkin,600,1000,800,8/10/2024,33.5,22.2,0,0,82,34
Ludhiana,Ludhiana,Pumpkin,600,1000,800,9/10/2024,33.9,20.5,0,0,95,29
Ludhiana,Ludhiana,Pumpkin,600,1000,800,10/10/2024,33.8,19.9,0,0,78,23
Ludhiana,Ludhiana,Pumpkin,600,1000,800,11/10/2024,33.1,18.7,0,0,81,29
Ludhiana,Ludhiana,Pumpkin,600,1000,800,12/10/2024,33.2,19.1,0,0,76,26
Ludhiana,Ludhiana,Pumpkin,600,1000,800,13-10-2024,33,19.8,0,0,81,29
Ludhiana,Ludhiana,Pumpkin,600,1000,800,14-10-2024,32.4,19.4,0,0,77,30
Ludhiana,Ludhiana,Pumpkin,600,1000,800,15-10-2024,32.9,20.3,0,0,69,29
Ludhiana,Ludhiana,Pumpkin,600,1000,800,16-10-2024,33.4,20.1,0,0,74,29
Ludhiana,Ludhiana,Pumpkin,600,1000,800,17-10-2024,33.7,18.5,0,0,84,31
Ludhiana,Ludhiana,Pumpkin,600,1000,800,18-10-2024,33.5,17.9,0,0,94,31
Ludhiana,Ludhiana,Pumpkin,600,1000,800,19-10-2024,33,19.9,0,0,84,34
Ludhiana,Ludhiana,Pumpkin,600,1000,800,20-10-2024,32.5,18.9,0,0,92,35
Ludhiana,Ludhiana,Pumpkin,600,1000,800,21-10-2024,31.8,19,0,0,94,38
Ludhiana,Ludhiana,Pumpkin,600,1000,800,22-10-2024,31.7,19.3,0,0,94,38
Ludhiana,Ludhiana,Pumpkin,600,1000,800,23-10-2024,32.3,19.3,0,0,94,32
Ludhiana,Ludhiana,Pumpkin,600,1000,800,24-10-2024,32.7,18.8,0,0,90,29
Ludhiana,Ludhiana,Pumpkin,600,1000,800,25-10-2024,31.8,18.4,0,0,92,33
Ludhiana,Ludhiana,Pumpkin,600,1000,800,26-10-2024,32.5,17.8,0,0,88,37
Ludhiana,Ludhiana,Pumpkin,600,1000,800,27-10-2024,32.2,18.3,0,0,95,41
Ludhiana,Ludhiana,Pumpkin,600,1000,800,28-10-2024,32,19.2,0,0,96,39
Ludhiana,Ludhiana,Pumpkin,600,1000,800,29-10-2024,32.8,19.6,0,0,96,37
Ludhiana,Ludhiana,Pumpkin,600,1000,800,30-10-2024,32.8,18.8,0,0,94,36
Ludhiana,Ludhiana,Pumpkin,600,1000,800,31-10-2024,31.7,18.4,0,0,85,36
Ludhiana,Ludhiana,Pumpkin,600,1000,800,1/11/2024,31.5,16.9,0,0,88,27
Ludhiana,Ludhiana,Pumpkin,600,1000,800,2/11/2024,31.2,14.8,0,0,95,28
Ludhiana,Ludhiana,Pumpkin,600,1000,800,3/11/2024,30.8,15.3,0,0,92,33
Ludhiana,Ludhiana,Pumpkin,600,1000,800,4/11/2024,31,16,0,0,94,35
Ludhiana,Ludhiana,Pumpkin,600,1000,800,5/11/2024,30,17.5,0,0,95,42
Ludhiana,Ludhiana,Pumpkin,600,1000,800,6/11/2024,30.2,16.1,0,0,97,41
Ludhiana,Ludhiana,Pumpkin,600,1000,800,7/11/2024,29.9,16.7,0,0,96,45
Ludhiana,Ludhiana,Pumpkin,600,1000,800,8/11/2024,29.7,17.2,0,0,97,46
Ludhiana,Ludhiana,Pumpkin,600,1000,800,9/11/2024,29.5,17.6,0,0,97,48
Ludhiana,Ludhiana,Pumpkin,600,1000,800,10/11/2024,29.1,17.5,0,0,97,49
Ludhiana,Ludhiana,Pumpkin,600,1000,800,11/11/2024,29.2,17.4,0,0,97,46
Ludhiana,Ludhiana,Pumpkin,600,1000,800,12/11/2024,28.4,16.8,0,0,96,44
Ludhiana,Ludhiana,Pumpkin,600,1000,800,13-11-2024,27,17,0,0,100,50
Ludhiana,Ludhiana,Pumpkin,600,1000,800,14-11-2024,26.9,15.7,0,0,100,46
Ludhiana,Ludhiana,Pumpkin,600,1000,800,15-11-2024,26,14.8,0,0,99,48
Ludhiana,Ludhiana,Pumpkin,600,1000,800,16-11-2024,24.9,14.7,0,0,99,53
Ludhiana,Ludhiana,Pumpkin,600,1000,800,17-11-2024,24,14.2,0,0,100,58
Ludhiana,Ludhiana,Pumpkin,600,1000,800,18-11-2024,23.7,12.9,0,0,96,48
Ludhiana,Ludhiana,Pumpkin,600,1000,800,19-11-2024,23.7,11.4,0,0,92,46
Ludhiana,Ludhiana,Pumpkin,600,1000,800,20-11-2024,23.8,11,0,0,95,49
Ludhiana,Ludhiana,Pumpkin,600,1000,800,21-11-2024,23.5,11.3,0,0,99,51
Ludhiana,Ludhiana,Pumpkin,600,1000,800,22-11-2024,24.1,11.6,0,0,99,51
Ludhiana,Ludhiana,Pumpkin,600,1000,800,23-11-2024,25.2,12.6,0,0,95,46
Ludhiana,Ludhiana,Pumpkin,600,1000,800,24-11-2024,24.4,12.5,0,0,99,52
Ludhiana,Ludhiana,Pumpkin,600,1000,800,25-11-2024,23.1,12.3,0,0,95,50
Ludhiana,Ludhiana,Pumpkin,600,1000,800,26-11-2024,22.9,11.7,0,0,90,55
Ludhiana,Ludhiana,Pumpkin,600,1000,800,27-11-2024,22.6,11.1,0,0,94,52
Ludhiana,Ludhiana,Pumpkin,600,1000,800,28-11-2024,22.8,11,0,0,98,54
Ludhiana,Ludhiana,Pumpkin,600,1000,800,29-11-2024,22.2,10.1,0,0,99,56
Ludhiana,Ludhiana,Pumpkin,600,1000,800,30-11-2024,21.7,11.5,0,0,95,57
Ludhiana,Ludhiana,Pumpkin,600,1000,800,1/12/2024,22,11,0,0,90,53
Ludhiana,Ludhiana,Pumpkin,600,1000,800,2/12/2024,22.6,11.2,0,0,91,56
Ludhiana,Ludhiana,Pumpkin,600,1000,800,3/12/2024,22.4,11.7,0,0,92,53
Ludhiana,Ludhiana,Pumpkin,600,1000,800,4/12/2024,21,10.9,0,0,90,53
Ludhiana,Ludhiana,Pumpkin,600,1100,800,5/12/2024,21.1,8.9,0,0,84,45
Ludhiana,Ludhiana,Pumpkin,600,1100,800,6/12/2024,20.5,7.8,0,0,88,44
Ludhiana,Ludhiana,Pumpkin,600,1200,800,7/12/2024,19.5,7.2,0,0,90,51
Ludhiana,Ludhiana,Pumpkin,600,1200,800,8/12/2024,17.6,8.5,2.5,2.5,91,49
Ludhiana,Ludhiana,Pumpkin,600,1200,800,9/12/2024,18.3,7.9,0,0,95,53
Ludhiana,Ludhiana,Pumpkin,700,900,800,10/12/2024,17.1,6.3,0,0,92,40
Ludhiana,Ludhiana,Pumpkin,700,900,800,11/12/2024,17.5,5.6,0,0,80,41
Ludhiana,Ludhiana,Pumpkin,700,1000,900,12/12/2024,17.8,5.8,0,0,86,43
Ludhiana,Ludhiana,Pumpkin,700,1000,900,13-12-2024,17.2,5.4,0,0,84,51
Ludhiana,Ludhiana,Pumpkin,700,1000,900,14-12-2024,17.7,5.7,0,0,81,45
Ludhiana,Ludhiana,Pumpkin,700,1000,900,15-12-2024,18.5,5.8,0,0,88,48
Ludhiana,Ludhiana,Pumpkin,700,1100,900,16-12-2024,17.2,3.4,0,0,100,51
Ludhiana,Ludhiana,Pumpkin,700,1100,900,17-12-2024,17.8,3.9,0,0,98,46
Ludhiana,Ludhiana,Pumpkin,700,1100,900,18-12-2024,18.5,5.7,0,0,91,49
Ludhiana,Ludhiana,Pumpkin,700,1100,900,19-12-2024,17.7,5.2,0,0,97,51
Ludhiana,Ludhiana,Pumpkin,700,1100,900,20-12-2024,20,6.7,0,0,96,48
Ludhiana,Ludhiana,Pumpkin,700,1100,900,21-12-2024,18.5,6.4,0,0,93,46
Ludhiana,Ludhiana,Pumpkin,700,1100,900,22-12-2024,18.4,6.7,0,0,96,48
Ludhiana,Ludhiana,Pumpkin,700,1100,900,23-12-2024,13.8,8.9,2.5,2.5,95,78
Ludhiana,Ludhiana,Pumpkin,700,1100,900,24-12-2024,18.8,7.5,0,0,95,53
Ludhiana,Ludhiana,Pumpkin,700,1100,900,25-12-2024,19.3,7.2,0,0,95,55
Ludhiana,Ludhiana,Pumpkin,700,1100,900,26-12-2024,19.1,7,0,0,95,54
Ludhiana,Ludhiana,Pumpkin,700,1100,900,27-12-2024,15,8.6,35.4,35.4,99,79
Ludhiana,Ludhiana,Pumpkin,700,1100,900,28-12-2024,16.8,9.5,13.7,13.7,98,76
Ludhiana,Ludhiana,Pumpkin,700,1100,900,29-12-2024,17.4,8.2,0,0,100,71
Ludhiana,Ludhiana,Pumpkin,700,1100,900,30-12-2024,16.5,8,0,0,99,64
Ludhiana,Ludhiana,Pumpkin,700,1100,900,31-12-2024,15.6,5.7,0,0,100,77
Ludhiana,Ludhiana,Pumpkin,700,1100,900,1/1/2025,15,7.4,0,0,100,78
Ludhiana,Ludhiana,Pumpkin,700,1100,900,2/1/2025,16.5,8.1,0,0,99,73
Ludhiana,Ludhiana,Pumpkin,700,1100,900,3/1/2025,18.4,8.1,0,0,100,70
Ludhiana,Ludhiana,Pumpkin,700,1100,900,4/1/2025,18.7,9.1,0,0,99,70
Ludhiana,Ludhiana,Pumpkin,700,1100,900,5/1/2025,17.3,10,5.2,5.2,100,73
Ludhiana,Ludhiana,Pumpkin,700,1100,900,6/1/2025,16.9,9.6,9,9,99,71
Ludhiana,Ludhiana,Pumpkin,700,1100,900,7/1/2025,16.9,8.8,0,0,100,74
Ludhiana,Ludhiana,Pumpkin,700,1100,900,8/1/2025,16.3,6,0,0,97,59
Ludhiana,Ludhiana,Pumpkin,700,1200,900,9/1/2025,17,4.7,0,0,100,69
Ludhiana,Ludhiana,Pumpkin,700,1200,900,10/1/2025,15.7,6.4,0,0,100,74
Ludhiana,Ludhiana,Pumpkin,700,1200,900,11/1/2025,15.2,7.6,3.9,3.9,100,75
Ludhiana,Ludhiana,Pumpkin,700,1200,900,12/1/2025,16,9.8,5.3,5.3,96,66
Ludhiana,Ludhiana,Pumpkin,700,1200,900,13-01-2025,17.8,8.4,0,0,97,66
Ludhiana,Ludhiana,Pumpkin,700,1200,900,14-01-2025,17.2,7.3,0,0,94,60
Ludhiana,Ludhiana,Pumpkin,700,1200,900,15-01-2025,16.6,5.1,0,0,100,77
Ludhiana,Ludhiana,Pumpkin,700,1300,1000,16-01-2025,17.1,9,0.7,0.7,100,59
Ludhiana,Ludhiana,Pumpkin,700,1300,1000,17-01-2025,16.8,6.9,0,0,100,66
Ludhiana,Ludhiana,Pumpkin,700,1300,1000,18-01-2025,16.6,8.4,0,0,99,70
Ludhiana,Ludhiana,Pumpkin,700,1800,1200,19-01-2025,19.3,9.7,0,0,99,61
Ludhiana,Ludhiana,Pumpkin,700,1800,1200,20-01-2025,20.2,11.4,0,0,95,64
Ludhiana,Ludhiana,Pumpkin,700,1800,1200,21-01-2025,19.1,9.1,0,0,92,64
Ludhiana,Ludhiana,Pumpkin,800,1000,900,22-01-2025,20.8,8.1,0,0,98,54
Ludhiana,Ludhiana,Pumpkin,800,1000,900,23-01-2025,19.2,8.1,0,0,97,56
Ludhiana,Ludhiana,Pumpkin,800,1000,900,24-01-2025,18.8,7.3,0,0,94,52
Ludhiana,Ludhiana,Pumpkin,800,1000,900,25-01-2025,19.1,6.9,0,0,79,42
Ludhiana,Ludhiana,Pumpkin,800,1200,1000,26-01-2025,19.9,6,0,0,93,35
Ludhiana,Ludhiana,Pumpkin,800,1200,1000,27-01-2025,20.5,5.9,0,0,93,35
Ludhiana,Ludhiana,Pumpkin,800,1200,1000,28-01-2025,21.9,7,0,0,92,29
Ludhiana,Ludhiana,Pumpkin,800,1200,1000,29-01-2025,21.4,9.3,0,0,97,50
Ludhiana,Ludhiana,Pumpkin,800,1200,1000,30-01-2025,22.2,9.6,0,0,97,38
Ludhiana,Ludhiana,Pumpkin,800,1200,1000,31-01-2025,22.2,9.2,0,0,99,45
Ludhiana,Ludhiana,Pumpkin,800,1200,1000,1/2/2025,20.3,10.1,0.4,0.4,100,51
Ludhiana,Ludhiana,Pumpkin,800,1200,1000,2/2/2025,20.9,9.4,0,0,100,47
Ludhiana,Ludhiana,Pumpkin,800,1200,1000,3/2/2025,20.7,8.5,0,0,100,46
Ludhiana,Ludhiana,Pumpkin,800,1200,1000,4/2/2025,20,9.9,0.3,0.3,92,54
Ludhiana,Ludhiana,Pumpkin,800,1200,1000,5/2/2025,19,8.1,0,0,100,54
Ludhiana,Ludhiana,Pumpkin,800,1200,1000,6/2/2025,19.6,7.9,0,0,94,36
Ludhiana,Ludhiana,Pumpkin,800,1200,1000,7/2/2025,18.6,7.2,0,0,80,50
Ludhiana,Ludhiana,Pumpkin,800,1200,1000,8/2/2025,20.3,8.5,0,0,85,40
Ludhiana,Ludhiana,Pumpkin,800,1200,1000,9/2/2025,22.4,8.8,0,0,90,39
Ludhiana,Ludhiana,Pumpkin,800,1200,1000,10/2/2025,23.7,10.5,0,0,91,36
Ludhiana,Ludhiana,Pumpkin,800,1200,1000,11/2/2025,24,10.2,0,0,93,35
Ludhiana,Ludhiana,Pumpkin,800,1200,1000,12/2/2025,22.7,11,0,0,88,32
Ludhiana,Ludhiana,Pumpkin,800,1200,1000,13-02-2025,21.7,8.8,0,0,85,32
Ludhiana,Ludhiana,Pumpkin,800,1200,1000,14-02-2025,22.1,8.7,0,0,82,34
Ludhiana,Ludhiana,Pumpkin,800,1200,1000,15-02-2025,22.2,11.4,0.3,0.3,80,37
Ludhiana,Ludhiana,Pumpkin,800,1200,1000,16-02-2025,22.1,10.6,0,0,95,42
Ludhiana,Ludhiana,Pumpkin,800,1200,1000,17-02-2025,24.5,11.1,0,0,95,35
Ludhiana,Ludhiana,Pumpkin,800,1200,1000,18-02-2025,25,12.2,0,0,91,31
Ludhiana,Ludhiana,Pumpkin,800,1200,1000,19-02-2025,25.2,10.6,0.8,0.8,88,27
Ludhiana,Ludhiana,Pumpkin,800,1200,1000,20-02-2025,20.1,12.9,19.6,19.6,97,56
Ludhiana,Ludhiana,Pumpkin,800,1200,1000,21-02-2025,21.1,9.8,0,0,100,59
Ludhiana,Ludhiana,Pumpkin,800,1200,1000,22-02-2025,21.6,11.3,0.1,0.1,95,49
Ludhiana,Ludhiana,Pumpkin,800,1200,1000,23-02-2025,23.2,11.2,0,0,94,45
Ludhiana,Ludhiana,Pumpkin,800,1200,1000,24-02-2025,25.4,11.4,0,0,95,29
Ludhiana,Ludhiana,Pumpkin,800,1200,1000,25-02-2025,22.1,13.7,0.6,0.6,89,48
Ludhiana,Ludhiana,Pumpkin,800,1200,1000,26-02-2025,26.5,16.5,0.3,0.3,81,40
Ludhiana,Ludhiana,Pumpkin,800,1200,1000,27-02-2025,20.8,16.3,5.8,5.8,92,61
Ludhiana,Ludhiana,Pumpkin,800,1200,1000,28-02-2025,18.9,14.5,45.8,45.8,95,76
Ludhiana,Ludhiana,Pumpkin,800,1200,1000,1/3/2025,22.8,11.7,0,0,97,60
Ludhiana,Ludhiana,Pumpkin,800,1200,1000,2/3/2025,21.7,11.3,0,0,95,44
Ludhiana,Ludhiana,Pumpkin,800,1200,1000,3/3/2025,21.3,9.9,1.1,1.1,95,50
Ludhiana,Ludhiana,Pumpkin,800,1200,1000,4/3/2025,21.4,11.5,0.6,0.6,93,44
Ludhiana,Ludhiana,Pumpkin,800,1200,1000,5/3/2025,20.8,9.1,0,0,84,41
Ludhiana,Ludhiana,Pumpkin,800,1200,1000,6/3/2025,23.5,9.3,0,0,83,38
Ludhiana,Ludhiana,Pumpkin,800,1200,1000,7/3/2025,25.3,10.3,0,0,94,28
Ludhiana,Ludhiana,Pumpkin,800,1200,1000,8/3/2025,27,12.6,0,0,95,32
Ludhiana,Ludhiana,Pumpkin,800,1300,1000,9/3/2025,30,11.9,0,0,96,15
Ludhiana,Ludhiana,Pumpkin,800,1400,1100,10/3/2025,31,17.9,0,0,74,26
Ludhiana,Ludhiana,Pumpkin,800,1400,1100,11/3/2025,29.8,16.1,0.1,0.1,97,34
Ludhiana,Ludhiana,Pumpkin,800,1500,1200,12/3/2025,28.9,16.5,0,0,91,34
Ludhiana,Ludhiana,Pumpkin,800,1500,1200,13-03-2025,27.6,16,3.5,3.5,95,40
Ludhiana,Ludhiana,Pumpkin,800,1500,1200,14-03-2025,29.3,14.2,2.3,2.3,91,28
Ludhiana,Ludhiana,Pumpkin,800,1500,1200,15-03-2025,23.2,14.7,7.9,7.9,96,53
Ludhiana,Ludhiana,Pumpkin,800,1500,1200,16-03-2025,25.6,12.1,0.1,0.1,99,37
Ludhiana,Ludhiana,Pumpkin,800,1500,1200,17-03-2025,26.4,12.2,0,0,97,28
Ludhiana,Ludhiana,Pumpkin,800,1500,1200,18-03-2025,28.7,13.8,0,0,90,25
Ludhiana,Ludhiana,Pumpkin,800,1500,1200,19-03-2025,29.8,16.3,0.2,0.2,87,20
Ludhiana,Ludhiana,Pumpkin,800,1500,1200,20-03-2025,29.1,16.3,0,0,71,23
Ludhiana,Ludhiana,Pumpkin,800,1500,1200,21-03-2025,28.9,15.1,0,0,85,23
Ludhiana,Ludhiana,Pumpkin,800,1500,1200,22-03-2025,30.2,15.2,0,0,91,20
Ludhiana,Ludhiana,Pumpkin,800,1500,1200,23-03-2025,31.7,15.7,0,0,73,17
Ludhiana,Ludhiana,Pumpkin,800,1500,1200,24-03-2025,32.4,15.8,0,0,79,19
Ludhiana,Ludhiana,Pumpkin,800,1500,1200,25-03-2025,33.3,17.3,0,0,75,18
Ludhiana,Ludhiana,Pumpkin,800,1500,1200,26-03-2025,35.3,19.1,0,0,77,14
Ludhiana,Ludhiana,Pumpkin,800,1500,1200,27-03-2025,35.6,21.2,0,0,56,14
Ludhiana,Ludhiana,Green Chilli,400,1100,700,1/4/2024,28.3,15.7,0,0,76,29
Ludhiana,Ludhiana,Green Chilli,600,900,800,2/4/2024,29.5,13,0,0,79,26
Ludhiana,Ludhiana,Green Chilli,600,2800,1500,3/4/2024,32.3,14.8,0,0,68,22
Ludhiana,Ludhiana,Green Chilli,600,3000,1500,4/4/2024,32.9,17.7,0,0,64,20
Ludhiana,Ludhiana,Green Chilli,700,1000,800,5/4/2024,32,15.9,0,0,71,18
Ludhiana,Ludhiana,Green Chilli,700,1000,800,6/4/2024,32.2,14.8,0,0,62,15
Ludhiana,Ludhiana,Green Chilli,700,1000,800,7/4/2024,32.5,14.1,0,0,65,17
Ludhiana,Ludhiana,Green Chilli,700,1000,800,8/4/2024,33.3,15.8,0,0,68,15
Ludhiana,Ludhiana,Green Chilli,700,1000,800,9/4/2024,33.9,15.7,0,0,58,15
Ludhiana,Ludhiana,Green Chilli,700,1100,900,10/4/2024,34.7,16.1,0,0,57,15
Ludhiana,Ludhiana,Green Chilli,700,1100,900,11/4/2024,34.3,18.6,0,0,45,19
Ludhiana,Ludhiana,Green Chilli,700,1100,900,12/4/2024,35.4,16.7,0,0,63,17
Ludhiana,Ludhiana,Green Chilli,700,1100,900,13-04-2024,34.2,20.4,0.7,0.7,68,24
Ludhiana,Ludhiana,Green Chilli,700,1100,900,14-04-2024,31.4,19.8,1.2,1.2,77,33
Ludhiana,Ludhiana,Green Chilli,700,1100,900,15-04-2024,31.3,19.7,12.5,12.5,88,37
Ludhiana,Ludhiana,Green Chilli,700,1100,900,16-04-2024,31.1,18,0.2,0.2,94,37
Ludhiana,Ludhiana,Green Chilli,700,1200,1000,17-04-2024,32.5,16.6,0,0,80,18
Ludhiana,Ludhiana,Green Chilli,700,1400,1000,18-04-2024,32.6,18.4,0,0,60,29
Ludhiana,Ludhiana,Green Chilli,700,1400,1000,19-04-2024,33.8,21.1,5.4,5.4,67,29
Ludhiana,Ludhiana,Green Chilli,700,1400,1000,20-04-2024,32.6,18.8,1.6,1.6,78,28
Ludhiana,Ludhiana,Green Chilli,700,2000,1200,21-04-2024,34.4,19,0,0,71,16
Ludhiana,Ludhiana,Green Chilli,700,2200,1000,22-04-2024,35.2,17.9,0,0,78,18
Ludhiana,Ludhiana,Green Chilli,700,2200,1000,23-04-2024,33.8,19.9,0,0,52,17
Ludhiana,Ludhiana,Green Chilli,700,2500,2000,24-04-2024,34.9,19.7,0.1,0.1,61,21
Ludhiana,Ludhiana,Green Chilli,700,2500,2000,25-04-2024,37,18.5,0,0,61,14
Ludhiana,Ludhiana,Green Chilli,700,2500,2000,26-04-2024,38.5,21.7,0,0,53,12
Ludhiana,Ludhiana,Green Chilli,700,2500,2000,27-04-2024,34.8,22.3,1.6,1.6,53,19
Ludhiana,Ludhiana,Green Chilli,700,2500,2000,28-04-2024,34.6,20.4,0,0,63,22
Ludhiana,Ludhiana,Green Chilli,700,2500,2000,29-04-2024,29.4,21.5,1.2,1.2,57,33
Ludhiana,Ludhiana,Green Chilli,700,2600,1300,30-04-2024,32.9,16.7,0,0,72,17
Ludhiana,Ludhiana,Green Chilli,700,2600,1300,1/5/2024,29.1,14.8,0,0,77,23
Ludhiana,Ludhiana,Green Chilli,700,2600,1300,2/5/2024,32.9,16,0,0,64,19
Ludhiana,Ludhiana,Green Chilli,700,2600,1300,3/5/2024,36.3,17.7,0,0,49,14
Ludhiana,Ludhiana,Green Chilli,700,2600,1300,4/5/2024,38.6,22.3,0,0,53,14
Ludhiana,Ludhiana,Green Chilli,700,2600,1300,5/5/2024,37.8,21.9,0,0,49,16
Ludhiana,Ludhiana,Green Chilli,700,2600,1300,6/5/2024,38.9,22.8,0,0,49,15
Ludhiana,Ludhiana,Green Chilli,700,2600,1300,7/5/2024,40.2,23.4,0,0,41,12
Ludhiana,Ludhiana,Green Chilli,700,2600,1300,8/5/2024,39.2,23.1,0,0,49,19
Ludhiana,Ludhiana,Green Chilli,700,2600,1300,9/5/2024,38.4,26,0,0,57,20
Ludhiana,Ludhiana,Green Chilli,700,2600,1300,10/5/2024,37.4,25.1,0.4,0.4,82,28
Ludhiana,Ludhiana,Green Chilli,700,2600,1300,11/5/2024,36.1,22.6,0.8,0.8,83,25
Ludhiana,Ludhiana,Green Chilli,700,2600,1300,12/5/2024,34,23.3,0.5,0.5,73,29
Ludhiana,Ludhiana,Green Chilli,700,2900,2000,13-05-2024,38.3,22,0,0,60,13
Ludhiana,Ludhiana,Green Chilli,700,3000,1700,14-05-2024,38.3,21.5,0,0,54,14
Ludhiana,Ludhiana,Green Chilli,700,3000,1700,15-05-2024,40.8,21.9,0,0,37,12
Ludhiana,Ludhiana,Green Chilli,700,3000,2000,16-05-2024,41.5,22.6,0,0,44,13
Ludhiana,Ludhiana,Green Chilli,700,3000,2000,17-05-2024,42.6,24.3,0,0,43,13
Ludhiana,Ludhiana,Green Chilli,800,1100,900,18-05-2024,42.9,24.6,0,0,42,13
Ludhiana,Ludhiana,Green Chilli,800,1100,900,19-05-2024,43.5,25.4,0,0,39,11
Ludhiana,Ludhiana,Green Chilli,800,1100,900,20-05-2024,42.1,25.4,0,0,37,14
Ludhiana,Ludhiana,Green Chilli,800,1100,900,21-05-2024,42.1,25.8,0,0,34,14
Ludhiana,Ludhiana,Green Chilli,800,1100,900,22-05-2024,40.5,26.2,0,0,52,18
Ludhiana,Ludhiana,Green Chilli,800,1200,1000,23-05-2024,40,28.4,0,0,58,25
Ludhiana,Ludhiana,Green Chilli,800,1300,1000,24-05-2024,40.5,29.1,0.3,0.3,59,20
Ludhiana,Ludhiana,Green Chilli,800,1300,1000,25-05-2024,43.3,26.1,0,0,50,13
Ludhiana,Ludhiana,Green Chilli,800,1300,1000,26-05-2024,44.3,25.8,0,0,41,12
Ludhiana,Ludhiana,Green Chilli,800,1400,1000,27-05-2024,44.4,27.3,0,0,38,7
Ludhiana,Ludhiana,Green Chilli,800,1400,1000,28-05-2024,44.9,25.8,0,0,30,7
Ludhiana,Ludhiana,Green Chilli,800,1400,1000,29-05-2024,45.2,25.9,0,0,23,7
Ludhiana,Ludhiana,Green Chilli,800,1400,1100,30-05-2024,45.3,26.9,0,0,27,5
Ludhiana,Ludhiana,Green Chilli,800,1400,1100,31-05-2024,44.4,26.4,0,0,27,7
Ludhiana,Ludhiana,Green Chilli,800,1400,1100,1/6/2024,44.4,27.5,0,0,26,7
Ludhiana,Ludhiana,Green Chilli,800,1400,1100,2/6/2024,42.8,26.8,0,0,50,12
Ludhiana,Ludhiana,Green Chilli,800,1400,1100,3/6/2024,44.2,26.8,0,0,30,12
Ludhiana,Ludhiana,Green Chilli,800,1400,1100,4/6/2024,42.4,29.2,0,0,25,14
Ludhiana,Ludhiana,Green Chilli,800,1500,1100,5/6/2024,40.2,27.5,2,2,59,17
Ludhiana,Ludhiana,Green Chilli,800,1500,1200,6/6/2024,38.6,23.5,1.2,1.2,77,25
Ludhiana,Ludhiana,Green Chilli,800,1500,1200,7/6/2024,40.4,25.5,0,0,60,18
Ludhiana,Ludhiana,Green Chilli,800,1600,1200,8/6/2024,38.4,25.1,0,0,48,19
Ludhiana,Ludhiana,Green Chilli,800,1600,1200,9/6/2024,40.9,24.8,0,0,51,12
Ludhiana,Ludhiana,Green Chilli,800,1600,1200,10/6/2024,41.5,24.8,0,0,38,12
Ludhiana,Ludhiana,Green Chilli,800,1600,1200,11/6/2024,42.2,25.7,0,0,44,11
Ludhiana,Ludhiana,Green Chilli,800,1600,1200,12/6/2024,44.1,26.6,0,0,35,9
Ludhiana,Ludhiana,Green Chilli,800,1600,1200,13-06-2024,44.3,27.9,0,0,40,11
Ludhiana,Ludhiana,Green Chilli,800,1600,1200,14-06-2024,43.3,29.7,0,0,39,12
Ludhiana,Ludhiana,Green Chilli,800,1600,1200,15-06-2024,43.6,27.9,0,0,38,15
Ludhiana,Ludhiana,Green Chilli,800,1600,1200,16-06-2024,44.2,30.1,0,0,44,16
Ludhiana,Ludhiana,Green Chilli,800,1600,1200,17-06-2024,44.5,29.1,0,0,49,15
Ludhiana,Ludhiana,Green Chilli,800,1600,1200,18-06-2024,44.1,30.3,0,0,48,16
Ludhiana,Ludhiana,Green Chilli,800,1600,1200,19-06-2024,42.4,30.1,0,0,52,17
Ludhiana,Ludhiana,Green Chilli,800,1600,1200,20-06-2024,37.9,24.6,0.1,0.1,83,35
Ludhiana,Ludhiana,Green Chilli,800,1600,1200,21-06-2024,35.6,26.3,5.3,5.3,73,41
Ludhiana,Ludhiana,Green Chilli,800,1700,1200,22-06-2024,37.9,25.9,0,0,81,30
Ludhiana,Ludhiana,Green Chilli,900,1300,1100,23-06-2024,38.7,27,0,0,67,26
Ludhiana,Ludhiana,Green Chilli,900,1300,1100,24-06-2024,40.7,29.4,0.4,0.4,63,26
Ludhiana,Ludhiana,Green Chilli,900,1400,1100,25-06-2024,40,29.6,0,0,72,28
Ludhiana,Ludhiana,Green Chilli,900,1400,1100,26-06-2024,39.1,30.9,0.2,0.2,66,38
Ludhiana,Ludhiana,Green Chilli,900,1400,1100,27-06-2024,35.3,26.8,13.1,13.1,92,52
Ludhiana,Ludhiana,Green Chilli,900,1400,1100,28-06-2024,37.1,28,0,0,81,44
Ludhiana,Ludhiana,Green Chilli,900,1400,1100,29-06-2024,35.6,28.3,0.5,0.5,79,50
Ludhiana,Ludhiana,Green Chilli,900,1400,1100,30-06-2024,38.6,27.8,0.7,0.7,82,42
Ludhiana,Ludhiana,Green Chilli,900,1500,1100,1/7/2024,37.2,26.7,1.6,1.6,91,50
Ludhiana,Ludhiana,Green Chilli,900,1500,1100,2/7/2024,37.3,26,5.3,5.3,95,51
Ludhiana,Ludhiana,Green Chilli,900,1500,1100,3/7/2024,35.7,25.3,15.2,15.2,97,62
Ludhiana,Ludhiana,Green Chilli,900,1500,1100,4/7/2024,31.7,25.4,13.7,13.7,93,68
Ludhiana,Ludhiana,Green Chilli,900,1500,1100,5/7/2024,32.7,26.3,0.4,0.4,91,63
Ludhiana,Ludhiana,Green Chilli,900,1500,1200,6/7/2024,32.1,25.5,0.3,0.3,87,64
Ludhiana,Ludhiana,Green Chilli,900,1500,1200,7/7/2024,31.7,25.5,1.5,1.5,94,63
Ludhiana,Ludhiana,Green Chilli,900,1500,1300,8/7/2024,32.3,25.8,0.4,0.4,90,62
Ludhiana,Ludhiana,Green Chilli,900,1500,1300,9/7/2024,34.7,25.2,0,0,92,56
Ludhiana,Ludhiana,Green Chilli,900,1800,1200,10/7/2024,34.6,26.6,1.8,1.8,94,58
Ludhiana,Ludhiana,Green Chilli,900,1800,1200,11/7/2024,35.7,27.4,0.1,0.1,96,53
Ludhiana,Ludhiana,Green Chilli,900,3400,2000,12/7/2024,35.4,26.2,0,0,92,55
Ludhiana,Ludhiana,Green Chilli,1000,1400,1200,13-07-2024,34.2,24,2.7,2.7,96,54
Ludhiana,Ludhiana,Green Chilli,1000,1400,1200,14-07-2024,34,25.8,0,0,93,56
Ludhiana,Ludhiana,Green Chilli,1000,1400,1200,15-07-2024,35.6,26.9,0,0,89,53
Ludhiana,Ludhiana,Green Chilli,1000,1400,1200,16-07-2024,35.7,28.1,0.3,0.3,85,56
Ludhiana,Ludhiana,Green Chilli,1000,1400,1200,17-07-2024,35.5,28.1,0.5,0.5,84,56
Ludhiana,Ludhiana,Green Chilli,1000,1400,1200,18-07-2024,35.8,27.1,0.3,0.3,90,57
Ludhiana,Ludhiana,Green Chilli,1000,1400,1200,19-07-2024,36.3,27.1,0.3,0.3,92,51
Ludhiana,Ludhiana,Green Chilli,1000,1500,1200,20-07-2024,36.4,26.9,1,1,88,51
Ludhiana,Ludhiana,Green Chilli,1000,1500,1200,21-07-2024,36.9,28.1,0.3,0.3,83,51
Ludhiana,Ludhiana,Green Chilli,1000,1500,1200,22-07-2024,35.1,27.1,3.9,3.9,92,62
Ludhiana,Ludhiana,Green Chilli,1000,1500,1200,23-07-2024,34.9,25,15.4,15.4,97,58
Ludhiana,Ludhiana,Green Chilli,1000,1600,1300,24-07-2024,33.9,26.6,8.6,8.6,91,61
Ludhiana,Ludhiana,Green Chilli,1000,1600,1300,25-07-2024,34.6,27,0.9,0.9,90,63
Ludhiana,Ludhiana,Green Chilli,1000,1700,1300,26-07-2024,34.9,26.4,1.7,1.7,95,61
Ludhiana,Ludhiana,Green Chilli,1000,1700,1300,27-07-2024,34.9,26.9,2.7,2.7,95,64
Ludhiana,Ludhiana,Green Chilli,1000,1700,1300,28-07-2024,34.5,28.1,0.1,0.1,94,63
Ludhiana,Ludhiana,Green Chilli,1000,1800,1300,29-07-2024,34.6,27.9,5.9,5.9,93,62
Ludhiana,Ludhiana,Green Chilli,1000,1800,1300,30-07-2024,36.3,27.3,1.5,1.5,96,58
Ludhiana,Ludhiana,Green Chilli,1000,1800,1300,31-07-2024,35.9,26.9,8.2,8.2,98,61
Ludhiana,Ludhiana,Green Chilli,1000,1800,1300,1/8/2024,27.9,25.1,23.8,23.8,96,85
Ludhiana,Ludhiana,Green Chilli,1000,1800,1300,2/8/2024,33.7,25.1,0.9,0.9,98,64
Ludhiana,Ludhiana,Green Chilli,1000,1800,1300,3/8/2024,33,26.9,6,6,90,66
Ludhiana,Ludhiana,Green Chilli,1000,1800,1300,4/8/2024,33.1,26.9,0.5,0.5,89,59
Ludhiana,Ludhiana,Green Chilli,1000,1800,1400,5/8/2024,33.1,26.8,1.4,1.4,91,64
Ludhiana,Ludhiana,Green Chilli,1000,1900,1500,6/8/2024,33.7,26.9,0.1,0.1,87,60
Ludhiana,Ludhiana,Green Chilli,1000,1900,1500,7/8/2024,32.1,25.8,1.8,1.8,91,67
Ludhiana,Ludhiana,Green Chilli,1000,2000,1400,8/8/2024,32.8,25.1,0.6,0.6,96,63
Ludhiana,Ludhiana,Green Chilli,1000,2000,1400,9/8/2024,32.8,25.9,0,0,92,63
Ludhiana,Ludhiana,Green Chilli,1000,2000,1500,10/8/2024,33.6,26,0.4,0.4,94,63
Ludhiana,Ludhiana,Green Chilli,1000,2000,1500,11/8/2024,31.4,25.6,2.5,2.5,96,71
Ludhiana,Ludhiana,Green Chilli,1000,2100,1400,12/8/2024,33.2,25.3,1.3,1.3,94,60
Ludhiana,Ludhiana,Green Chilli,1000,2100,1400,13-08-2024,33,25.8,0.6,0.6,94,64
Ludhiana,Ludhiana,Green Chilli,1000,2200,1400,14-08-2024,33.5,26.6,3.4,3.4,91,61
Ludhiana,Ludhiana,Green Chilli,1000,2200,1400,15-08-2024,33,26.8,8.8,8.8,97,63
Ludhiana,Ludhiana,Green Chilli,1000,2200,1500,16-08-2024,34.4,25.9,14.7,14.7,97,61
Ludhiana,Ludhiana,Green Chilli,1000,2200,1500,17-08-2024,31.6,25.2,7,7,98,69
Ludhiana,Ludhiana,Green Chilli,1000,3000,2300,18-08-2024,32.8,25.6,3.3,3.3,99,69
Ludhiana,Ludhiana,Green Chilli,1000,3000,2300,19-08-2024,32.1,25.3,8.9,8.9,98,68
Ludhiana,Ludhiana,Green Chilli,1000,3200,2400,20-08-2024,32.2,24.3,12.8,12.8,98,69
Ludhiana,Ludhiana,Green Chilli,1000,3500,2100,21-08-2024,32.8,25,0.8,0.8,99,63
Ludhiana,Ludhiana,Green Chilli,1000,3500,2100,22-08-2024,33.1,25.2,0.7,0.7,97,61
Ludhiana,Ludhiana,Green Chilli,1000,3500,2400,23-08-2024,32.8,24.5,6.9,6.9,97,63
Ludhiana,Ludhiana,Green Chilli,1000,3500,2400,24-08-2024,32.9,24.1,4.8,4.8,97,66
Ludhiana,Ludhiana,Green Chilli,1000,3600,2400,25-08-2024,33.3,25.8,1.5,1.5,96,60
Ludhiana,Ludhiana,Green Chilli,1000,3600,2400,26-08-2024,33.5,26,0.8,0.8,94,57
Ludhiana,Ludhiana,Green Chilli,1000,3600,2400,27-08-2024,33,25.6,3.3,3.3,92,60
Ludhiana,Ludhiana,Green Chilli,1000,3600,2400,28-08-2024,31.6,25,4.2,4.2,94,68
Ludhiana,Ludhiana,Green Chilli,1000,4000,2500,29-08-2024,27.3,24,13.7,13.7,94,80
Ludhiana,Ludhiana,Green Chilli,1100,1400,1200,30-08-2024,32,23.9,7.9,7.9,95,68
Ludhiana,Ludhiana,Green Chilli,1100,1600,1300,31-08-2024,33.8,25.1,0,0,97,58
Ludhiana,Ludhiana,Green Chilli,1100,1800,1400,1/9/2024,33.9,25.3,0,0,94,58
Ludhiana,Ludhiana,Green Chilli,1100,1800,1400,2/9/2024,31.5,24.6,9.9,9.9,95,68
Ludhiana,Ludhiana,Green Chilli,1100,1800,1400,3/9/2024,32.9,25.3,4.9,4.9,95,61
Ludhiana,Ludhiana,Green Chilli,1100,1800,1400,4/9/2024,31.5,24.9,3.9,3.9,96,64
Ludhiana,Ludhiana,Green Chilli,1100,1800,1400,5/9/2024,31.4,23.7,1.8,1.8,99,64
Ludhiana,Ludhiana,Green Chilli,1100,1800,1400,6/9/2024,32.6,23.4,2.7,2.7,97,57
Ludhiana,Ludhiana,Green Chilli,1100,1800,1400,7/9/2024,30.3,23.5,39.4,39.4,99,71
Ludhiana,Ludhiana,Green Chilli,1200,1600,1400,8/9/2024,32.5,24.2,0.1,0.1,100,60
Ludhiana,Ludhiana,Green Chilli,1200,1600,1400,9/9/2024,33.1,25.2,1.2,1.2,95,63
Ludhiana,Ludhiana,Green Chilli,1200,1600,1400,10/9/2024,31,25.8,7.7,7.7,97,68
Ludhiana,Ludhiana,Green Chilli,1200,1600,1400,11/9/2024,33.1,24.8,0,0,99,56
Ludhiana,Ludhiana,Green Chilli,1200,1600,1400,12/9/2024,33.8,24.1,0,0,97,55
Ludhiana,Ludhiana,Green Chilli,1200,1600,1400,13-09-2024,31.5,23.4,1.1,1.1,100,64
Ludhiana,Ludhiana,Green Chilli,1200,1600,1400,14-09-2024,32,22.7,0.9,0.9,96,62
Ludhiana,Ludhiana,Green Chilli,1200,1600,1400,15-09-2024,32.9,23.1,0,0,99,50
Ludhiana,Ludhiana,Green Chilli,1200,1600,1400,16-09-2024,33.9,22.6,0,0,97,44
Ludhiana,Ludhiana,Green Chilli,1200,1700,1400,17-09-2024,33.9,23.3,0.4,0.4,86,50
Ludhiana,Ludhiana,Green Chilli,1200,1700,1400,18-09-2024,32.7,23,2.4,2.4,96,55
Ludhiana,Ludhiana,Green Chilli,1200,1700,1400,19-09-2024,28.7,23.5,4.7,4.7,91,67
Ludhiana,Ludhiana,Green Chilli,1200,1700,1400,20-09-2024,33.4,21.8,0,0,90,50
Ludhiana,Ludhiana,Green Chilli,1200,1700,1400,21-09-2024,34.6,23.6,0,0,90,44
Ludhiana,Ludhiana,Green Chilli,1200,1700,1400,22-09-2024,35.4,25.7,0,0,90,47
Ludhiana,Ludhiana,Green Chilli,1200,1700,1400,23-09-2024,36.5,25.9,0,0,87,44
Ludhiana,Ludhiana,Green Chilli,1200,1700,1400,24-09-2024,36.4,25.9,0,0,84,45
Ludhiana,Ludhiana,Green Chilli,1200,2000,1500,25-09-2024,35.2,26.6,0.4,0.4,88,52
Ludhiana,Ludhiana,Green Chilli,1200,2000,1500,26-09-2024,30.7,24.4,6.5,6.5,94,64
Ludhiana,Ludhiana,Green Chilli,1200,2000,1500,27-09-2024,32.9,22.4,1.7,1.7,93,53
Ludhiana,Ludhiana,Green Chilli,1200,2000,1500,28-09-2024,32.8,23.8,0,0,95,49
Ludhiana,Ludhiana,Green Chilli,1200,2500,1500,29-09-2024,33.2,23.3,0,0,94,47
Ludhiana,Ludhiana,Green Chilli,1200,2500,1500,30-09-2024,34.1,22.2,0,0,92,46
Ludhiana,Ludhiana,Green Chilli,1200,2500,1500,1/10/2024,34.6,23,0,0,96,47
Ludhiana,Ludhiana,Green Chilli,1200,2500,1500,2/10/2024,35.8,22.6,0,0,96,38
Ludhiana,Ludhiana,Green Chilli,1200,2500,1500,3/10/2024,36.1,22.2,0,0,92,33
Ludhiana,Ludhiana,Green Chilli,1200,2500,1500,4/10/2024,36,22.7,0,0,88,33
Ludhiana,Ludhiana,Green Chilli,1200,2600,1800,5/10/2024,35.2,22.8,1.3,1.3,83,38
Ludhiana,Ludhiana,Green Chilli,1200,3200,2300,6/10/2024,33.5,22.6,0.7,0.7,85,38
Ludhiana,Ludhiana,Green Chilli,1200,4500,3300,7/10/2024,33.8,20.7,0,0,90,33
Ludhiana,Ludhiana,Green Chilli,1200,5000,3500,8/10/2024,33.5,22.2,0,0,82,34
Ludhiana,Ludhiana,Green Chilli,1200,5000,3500,9/10/2024,33.9,20.5,0,0,95,29
Ludhiana,Ludhiana,Green Chilli,1200,5000,3500,10/10/2024,33.8,19.9,0,0,78,23
Ludhiana,Ludhiana,Green Chilli,1300,2100,1600,11/10/2024,33.1,18.7,0,0,81,29
Ludhiana,Ludhiana,Green Chilli,1300,2100,1600,12/10/2024,33.2,19.1,0,0,76,26
Ludhiana,Ludhiana,Green Chilli,1300,2100,1600,13-10-2024,33,19.8,0,0,81,29
Ludhiana,Ludhiana,Green Chilli,1300,2100,1600,14-10-2024,32.4,19.4,0,0,77,30
Ludhiana,Ludhiana,Green Chilli,1300,2100,1600,15-10-2024,32.9,20.3,0,0,69,29
Ludhiana,Ludhiana,Green Chilli,1300,2100,1600,16-10-2024,33.4,20.1,0,0,74,29
Ludhiana,Ludhiana,Green Chilli,1400,1800,1600,17-10-2024,33.7,18.5,0,0,84,31
Ludhiana,Ludhiana,Green Chilli,1400,1800,1600,18-10-2024,33.5,17.9,0,0,94,31
Ludhiana,Ludhiana,Green Chilli,1400,1800,1600,19-10-2024,33,19.9,0,0,84,34
Ludhiana,Ludhiana,Green Chilli,1400,1800,1600,20-10-2024,32.5,18.9,0,0,92,35
Ludhiana,Ludhiana,Green Chilli,1400,1900,1700,21-10-2024,31.8,19,0,0,94,38
Ludhiana,Ludhiana,Green Chilli,1400,1900,1700,22-10-2024,31.7,19.3,0,0,94,38
Ludhiana,Ludhiana,Green Chilli,1400,1900,1700,23-10-2024,32.3,19.3,0,0,94,32
Ludhiana,Ludhiana,Green Chilli,1400,1900,1700,24-10-2024,32.7,18.8,0,0,90,29
Ludhiana,Ludhiana,Green Chilli,1400,1900,1700,25-10-2024,31.8,18.4,0,0,92,33
Ludhiana,Ludhiana,Green Chilli,1400,2000,1700,26-10-2024,32.5,17.8,0,0,88,37
Ludhiana,Ludhiana,Green Chilli,1400,2000,1700,27-10-2024,32.2,18.3,0,0,95,41
Ludhiana,Ludhiana,Green Chilli,1400,2000,1700,28-10-2024,32,19.2,0,0,96,39
Ludhiana,Ludhiana,Green Chilli,1400,2000,1700,29-10-2024,32.8,19.6,0,0,96,37
Ludhiana,Ludhiana,Green Chilli,1400,2000,1700,30-10-2024,32.8,18.8,0,0,94,36
Ludhiana,Ludhiana,Green Chilli,1400,2000,1700,31-10-2024,31.7,18.4,0,0,85,36
Ludhiana,Ludhiana,Green Chilli,1400,2000,1700,1/11/2024,31.5,16.9,0,0,88,27
Ludhiana,Ludhiana,Green Chilli,1400,2200,1700,2/11/2024,31.2,14.8,0,0,95,28
Ludhiana,Ludhiana,Green Chilli,1400,2200,1700,3/11/2024,30.8,15.3,0,0,92,33
Ludhiana,Ludhiana,Green Chilli,1400,2500,2300,4/11/2024,31,16,0,0,94,35
Ludhiana,Ludhiana,Green Chilli,1400,3000,2300,5/11/2024,30,17.5,0,0,95,42
Ludhiana,Ludhiana,Green Chilli,1400,3000,2300,6/11/2024,30.2,16.1,0,0,97,41
Ludhiana,Ludhiana,Green Chilli,1400,3000,2300,7/11/2024,29.9,16.7,0,0,96,45
Ludhiana,Ludhiana,Green Chilli,1400,3200,2300,8/11/2024,29.7,17.2,0,0,97,46
Ludhiana,Ludhiana,Green Chilli,1400,3200,2300,9/11/2024,29.5,17.6,0,0,97,48
Ludhiana,Ludhiana,Green Chilli,1400,3500,2300,10/11/2024,29.1,17.5,0,0,97,49
Ludhiana,Ludhiana,Green Chilli,1400,3500,2300,11/11/2024,29.2,17.4,0,0,97,46
Ludhiana,Ludhiana,Green Chilli,1400,3500,2300,12/11/2024,28.4,16.8,0,0,96,44
Ludhiana,Ludhiana,Green Chilli,1500,1900,1700,13-11-2024,27,17,0,0,100,50
Ludhiana,Ludhiana,Green Chilli,1500,2000,1700,14-11-2024,26.9,15.7,0,0,100,46
Ludhiana,Ludhiana,Green Chilli,1500,2100,1800,15-11-2024,26,14.8,0,0,99,48
Ludhiana,Ludhiana,Green Chilli,1500,2100,1800,16-11-2024,24.9,14.7,0,0,99,53
Ludhiana,Ludhiana,Green Chilli,1500,2100,1800,17-11-2024,24,14.2,0,0,100,58
Ludhiana,Ludhiana,Green Chilli,1500,2100,1800,18-11-2024,23.7,12.9,0,0,96,48
Ludhiana,Ludhiana,Green Chilli,1500,2100,1800,19-11-2024,23.7,11.4,0,0,92,46
Ludhiana,Ludhiana,Green Chilli,1500,2100,1800,20-11-2024,23.8,11,0,0,95,49
Ludhiana,Ludhiana,Green Chilli,1500,2200,1700,21-11-2024,23.5,11.3,0,0,99,51
Ludhiana,Ludhiana,Green Chilli,1500,2300,1800,22-11-2024,24.1,11.6,0,0,99,51
Ludhiana,Ludhiana,Green Chilli,1500,2400,1800,23-11-2024,25.2,12.6,0,0,95,46
Ludhiana,Ludhiana,Green Chilli,1500,2400,1800,24-11-2024,24.4,12.5,0,0,99,52
Ludhiana,Ludhiana,Green Chilli,1500,2400,1800,25-11-2024,23.1,12.3,0,0,95,50
Ludhiana,Ludhiana,Green Chilli,1500,2400,1800,26-11-2024,22.9,11.7,0,0,90,55
Ludhiana,Ludhiana,Green Chilli,1500,2600,2000,27-11-2024,22.6,11.1,0,0,94,52
Ludhiana,Ludhiana,Green Chilli,1500,2600,2000,28-11-2024,22.8,11,0,0,98,54
Ludhiana,Ludhiana,Green Chilli,1500,3000,2000,29-11-2024,22.2,10.1,0,0,99,56
Ludhiana,Ludhiana,Green Chilli,1500,3000,2000,30-11-2024,21.7,11.5,0,0,95,57
Ludhiana,Ludhiana,Green Chilli,1500,3000,2000,1/12/2024,22,11,0,0,90,53
Ludhiana,Ludhiana,Green Chilli,1500,3000,2000,2/12/2024,22.6,11.2,0,0,91,56
Ludhiana,Ludhiana,Green Chilli,1500,3000,2000,3/12/2024,22.4,11.7,0,0,92,53
Ludhiana,Ludhiana,Green Chilli,1500,3000,2200,4/12/2024,21,10.9,0,0,90,53
Ludhiana,Ludhiana,Green Chilli,1500,3000,2200,5/12/2024,21.1,8.9,0,0,84,45
Ludhiana,Ludhiana,Green Chilli,1500,3000,2200,6/12/2024,20.5,7.8,0,0,88,44
Ludhiana,Ludhiana,Green Chilli,1500,3000,2200,7/12/2024,19.5,7.2,0,0,90,51
Ludhiana,Ludhiana,Green Chilli,1500,4800,3000,8/12/2024,17.6,8.5,2.5,2.5,91,49
Ludhiana,Ludhiana,Green Chilli,1500,4800,3000,9/12/2024,18.3,7.9,0,0,95,53
Ludhiana,Ludhiana,Green Chilli,1600,2000,1800,10/12/2024,17.1,6.3,0,0,92,40
Ludhiana,Ludhiana,Green Chilli,1600,2000,1800,11/12/2024,17.5,5.6,0,0,80,41
Ludhiana,Ludhiana,Green Chilli,1600,2000,1800,12/12/2024,17.8,5.8,0,0,86,43
Ludhiana,Ludhiana,Green Chilli,1600,2000,1800,13-12-2024,17.2,5.4,0,0,84,51
Ludhiana,Ludhiana,Green Chilli,1600,2000,1800,14-12-2024,17.7,5.7,0,0,81,45
Ludhiana,Ludhiana,Green Chilli,1600,2000,1800,15-12-2024,18.5,5.8,0,0,88,48
Ludhiana,Ludhiana,Green Chilli,1600,2000,1800,16-12-2024,17.2,3.4,0,0,100,51
Ludhiana,Ludhiana,Green Chilli,1700,2500,2200,17-12-2024,17.8,3.9,0,0,98,46
Ludhiana,Ludhiana,Green Chilli,1700,2500,2200,18-12-2024,18.5,5.7,0,0,91,49
Ludhiana,Ludhiana,Green Chilli,1700,2500,2200,19-12-2024,17.7,5.2,0,0,97,51
Ludhiana,Ludhiana,Green Chilli,1700,2500,2200,20-12-2024,20,6.7,0,0,96,48
Ludhiana,Ludhiana,Green Chilli,1700,2600,2200,21-12-2024,18.5,6.4,0,0,93,46
Ludhiana,Ludhiana,Green Chilli,1700,3000,2500,22-12-2024,18.4,6.7,0,0,96,48
Ludhiana,Ludhiana,Green Chilli,1800,2100,2000,23-12-2024,13.8,8.9,2.5,2.5,95,78
Ludhiana,Ludhiana,Green Chilli,1800,2200,2000,24-12-2024,18.8,7.5,0,0,95,53
Ludhiana,Ludhiana,Green Chilli,1800,2500,2100,25-12-2024,19.3,7.2,0,0,95,55
Ludhiana,Ludhiana,Green Chilli,1800,2500,2100,26-12-2024,19.1,7,0,0,95,54
Ludhiana,Ludhiana,Green Chilli,1800,2500,2200,27-12-2024,15,8.6,35.4,35.4,99,79
Ludhiana,Ludhiana,Green Chilli,1800,2500,2200,28-12-2024,16.8,9.5,13.7,13.7,98,76
Ludhiana,Ludhiana,Green Chilli,1800,2500,2200,29-12-2024,17.4,8.2,0,0,100,71
Ludhiana,Ludhiana,Green Chilli,1800,2500,2200,30-12-2024,16.5,8,0,0,99,64
Ludhiana,Ludhiana,Green Chilli,1800,2500,2200,31-12-2024,15.6,5.7,0,0,100,77
Ludhiana,Ludhiana,Green Chilli,1800,2700,2400,1/1/2025,15,7.4,0,0,100,78
Ludhiana,Ludhiana,Green Chilli,1800,2700,2400,2/1/2025,16.5,8.1,0,0,99,73
Ludhiana,Ludhiana,Green Chilli,1800,2700,2400,3/1/2025,18.4,8.1,0,0,100,70
Ludhiana,Ludhiana,Green Chilli,1800,2700,2400,4/1/2025,18.7,9.1,0,0,99,70
Ludhiana,Ludhiana,Green Chilli,1800,2700,2400,5/1/2025,17.3,10,5.2,5.2,100,73
Ludhiana,Ludhiana,Green Chilli,1800,2700,2400,6/1/2025,16.9,9.6,9,9,99,71
Ludhiana,Ludhiana,Green Chilli,1800,2700,2400,7/1/2025,16.9,8.8,0,0,100,74
Ludhiana,Ludhiana,Green Chilli,1800,2700,2400,8/1/2025,16.3,6,0,0,97,59
Ludhiana,Ludhiana,Green Chilli,1800,2700,2400,9/1/2025,17,4.7,0,0,100,69
Ludhiana,Ludhiana,Green Chilli,1800,2700,2400,10/1/2025,15.7,6.4,0,0,100,74
Ludhiana,Ludhiana,Green Chilli,1800,2700,2400,11/1/2025,15.2,7.6,3.9,3.9,100,75
Ludhiana,Ludhiana,Green Chilli,1800,2700,2400,12/1/2025,16,9.8,5.3,5.3,96,66
Ludhiana,Ludhiana,Green Chilli,1800,2700,2400,13-01-2025,17.8,8.4,0,0,97,66
Ludhiana,Ludhiana,Green Chilli,1800,2700,2400,14-01-2025,17.2,7.3,0,0,94,60
Ludhiana,Ludhiana,Green Chilli,1800,2700,2400,15-01-2025,16.6,5.1,0,0,100,77
Ludhiana,Ludhiana,Green Chilli,1800,2700,2400,16-01-2025,17.1,9,0.7,0.7,100,59
Ludhiana,Ludhiana,Green Chilli,1800,2700,2400,17-01-2025,16.8,6.9,0,0,100,66
Ludhiana,Ludhiana,Green Chilli,1800,2700,2400,18-01-2025,16.6,8.4,0,0,99,70
Ludhiana,Ludhiana,Green Chilli,1800,2700,2400,19-01-2025,19.3,9.7,0,0,99,61
Ludhiana,Ludhiana,Green Chilli,1800,2700,2400,20-01-2025,20.2,11.4,0,0,95,64
Ludhiana,Ludhiana,Green Chilli,1800,3000,2500,21-01-2025,19.1,9.1,0,0,92,64
Ludhiana,Ludhiana,Green Chilli,1800,3000,2500,22-01-2025,20.8,8.1,0,0,98,54
Ludhiana,Ludhiana,Green Chilli,1800,3000,2500,23-01-2025,19.2,8.1,0,0,97,56
Ludhiana,Ludhiana,Green Chilli,1800,3000,2500,24-01-2025,18.8,7.3,0,0,94,52
Ludhiana,Ludhiana,Green Chilli,1800,3000,2500,25-01-2025,19.1,6.9,0,0,79,42
Ludhiana,Ludhiana,Green Chilli,1800,3000,2500,26-01-2025,19.9,6,0,0,93,35
Ludhiana,Ludhiana,Green Chilli,1800,3000,2500,27-01-2025,20.5,5.9,0,0,93,35
Ludhiana,Ludhiana,Green Chilli,1800,3000,2500,28-01-2025,21.9,7,0,0,92,29
Ludhiana,Ludhiana,Green Chilli,1800,3000,2500,29-01-2025,21.4,9.3,0,0,97,50
Ludhiana,Ludhiana,Green Chilli,1800,3000,2500,30-01-2025,22.2,9.6,0,0,97,38
Ludhiana,Ludhiana,Green Chilli,1800,3200,2600,31-01-2025,22.2,9.2,0,0,99,45
Ludhiana,Ludhiana,Green Chilli,1800,3200,2600,1/2/2025,20.3,10.1,0.4,0.4,100,51
Ludhiana,Ludhiana,Green Chilli,1800,3200,2600,2/2/2025,20.9,9.4,0,0,100,47
Ludhiana,Ludhiana,Green Chilli,1800,5500,3500,3/2/2025,20.7,8.5,0,0,100,46
Ludhiana,Ludhiana,Green Chilli,1800,5500,3500,4/2/2025,20,9.9,0.3,0.3,92,54
Ludhiana,Ludhiana,Green Chilli,2000,2600,2300,5/2/2025,19,8.1,0,0,100,54
Ludhiana,Ludhiana,Green Chilli,2000,2600,2300,6/2/2025,19.6,7.9,0,0,94,36
Ludhiana,Ludhiana,Green Chilli,2000,2600,2400,7/2/2025,18.6,7.2,0,0,80,50
Ludhiana,Ludhiana,Green Chilli,2000,2700,2400,8/2/2025,20.3,8.5,0,0,85,40
Ludhiana,Ludhiana,Green Chilli,2000,2700,2400,9/2/2025,22.4,8.8,0,0,90,39
Ludhiana,Ludhiana,Green Chilli,2000,2800,2400,10/2/2025,23.7,10.5,0,0,91,36
Ludhiana,Ludhiana,Green Chilli,2000,2800,2400,11/2/2025,24,10.2,0,0,93,35
Ludhiana,Ludhiana,Green Chilli,2000,2800,2400,12/2/2025,22.7,11,0,0,88,32
Ludhiana,Ludhiana,Green Chilli,2000,2800,2400,13-02-2025,21.7,8.8,0,0,85,32
Ludhiana,Ludhiana,Green Chilli,2000,2800,2400,14-02-2025,22.1,8.7,0,0,82,34
Ludhiana,Ludhiana,Green Chilli,2000,2800,2400,15-02-2025,22.2,11.4,0.3,0.3,80,37
Ludhiana,Ludhiana,Green Chilli,2000,2800,2400,16-02-2025,22.1,10.6,0,0,95,42
Ludhiana,Ludhiana,Green Chilli,2000,2800,2400,17-02-2025,24.5,11.1,0,0,95,35
Ludhiana,Ludhiana,Green Chilli,2000,2800,2400,18-02-2025,25,12.2,0,0,91,31
Ludhiana,Ludhiana,Green Chilli,2000,2800,2400,19-02-2025,25.2,10.6,0.8,0.8,88,27
Ludhiana,Ludhiana,Green Chilli,2000,3200,2500,20-02-2025,20.1,12.9,19.6,19.6,97,56
Ludhiana,Ludhiana,Green Chilli,2000,3200,2500,21-02-2025,21.1,9.8,0,0,100,59
Ludhiana,Ludhiana,Green Chilli,2000,3200,2500,22-02-2025,21.6,11.3,0.1,0.1,95,49
Ludhiana,Ludhiana,Green Chilli,2000,4000,3000,23-02-2025,23.2,11.2,0,0,94,45
Ludhiana,Ludhiana,Green Chilli,2000,4000,3000,24-02-2025,25.4,11.4,0,0,95,29
Ludhiana,Ludhiana,Green Chilli,2000,4000,3000,25-02-2025,22.1,13.7,0.6,0.6,89,48
Ludhiana,Ludhiana,Green Chilli,2000,4000,3200,26-02-2025,26.5,16.5,0.3,0.3,81,40
Ludhiana,Ludhiana,Green Chilli,2000,4000,3200,27-02-2025,20.8,16.3,5.8,5.8,92,61
Ludhiana,Ludhiana,Green Chilli,2000,4500,3000,28-02-2025,18.9,14.5,45.8,45.8,95,76
Ludhiana,Ludhiana,Green Chilli,2000,4500,3400,1/3/2025,22.8,11.7,0,0,97,60
Ludhiana,Ludhiana,Green Chilli,2000,4500,3400,2/3/2025,21.7,11.3,0,0,95,44
Ludhiana,Ludhiana,Green Chilli,2000,5000,3400,3/3/2025,21.3,9.9,1.1,1.1,95,50
Ludhiana,Ludhiana,Green Chilli,2000,5300,3600,4/3/2025,21.4,11.5,0.6,0.6,93,44
Ludhiana,Ludhiana,Green Chilli,2000,5300,3600,5/3/2025,20.8,9.1,0,0,84,41
Ludhiana,Ludhiana,Green Chilli,2000,5500,3500,6/3/2025,23.5,9.3,0,0,83,38
Ludhiana,Ludhiana,Green Chilli,2000,5600,3500,7/3/2025,25.3,10.3,0,0,94,28
Ludhiana,Ludhiana,Green Chilli,2000,6000,4000,8/3/2025,27,12.6,0,0,95,32
Ludhiana,Ludhiana,Green Chilli,2200,2800,2500,9/3/2025,30,11.9,0,0,96,15
Ludhiana,Ludhiana,Green Chilli,2200,2900,2500,10/3/2025,31,17.9,0,0,74,26
Ludhiana,Ludhiana,Green Chilli,2200,2900,2500,11/3/2025,29.8,16.1,0.1,0.1,97,34
Ludhiana,Ludhiana,Green Chilli,2200,2900,2500,12/3/2025,28.9,16.5,0,0,91,34
Ludhiana,Ludhiana,Green Chilli,2200,2900,2500,13-03-2025,27.6,16,3.5,3.5,95,40
Ludhiana,Ludhiana,Green Chilli,2200,2900,2500,14-03-2025,29.3,14.2,2.3,2.3,91,28
Ludhiana,Ludhiana,Green Chilli,2200,3500,2700,15-03-2025,23.2,14.7,7.9,7.9,96,53
Ludhiana,Ludhiana,Green Chilli,2200,3500,2700,16-03-2025,25.6,12.1,0.1,0.1,99,37
Ludhiana,Ludhiana,Green Chilli,2500,3000,2700,17-03-2025,26.4,12.2,0,0,97,28
Ludhiana,Ludhiana,Green Chilli,2500,3000,2700,18-03-2025,28.7,13.8,0,0,90,25
Ludhiana,Ludhiana,Green Chilli,2500,3200,2800,19-03-2025,29.8,16.3,0.2,0.2,87,20
Ludhiana,Ludhiana,Green Chilli,2500,3200,2800,20-03-2025,29.1,16.3,0,0,71,23
Ludhiana,Ludhiana,Green Chilli,2500,3200,2800,21-03-2025,28.9,15.1,0,0,85,23
Ludhiana,Ludhiana,Green Chilli,2500,3400,3000,22-03-2025,30.2,15.2,0,0,91,20
Ludhiana,Ludhiana,Green Chilli,2500,3400,3000,23-03-2025,31.7,15.7,0,0,73,17
Ludhiana,Ludhiana,Green Chilli,2500,3500,3000,24-03-2025,32.4,15.8,0,0,79,19
Ludhiana,Ludhiana,Green Chilli,2500,3500,3000,25-03-2025,33.3,17.3,0,0,75,18
Ludhiana,Ludhiana,Green Chilli,2500,3800,3000,26-03-2025,35.3,19.1,0,0,77,14
Ludhiana,Ludhiana,Green Chilli,2500,3800,3000,27-03-2025,35.6,21.2,0,0,56,14
Jaunpur,Shahganj,Potato,1160,1260,1210,2/4/2024,36.6,21.4,0,0,40,11
Jaunpur,Shahganj,Potato,2300,2450,2340,3/4/2024,37.5,22.9,0,0,39,14
Jaunpur,Shahganj,Potato,1700,1800,1730,4/4/2024,39.2,23.9,0,0,38,16
Jaunpur,Shahganj,Potato,1150,1250,1200,5/4/2024,39.4,23.2,0,0,44,13
Jaunpur,Shahganj,Potato,1180,1280,1230,6/4/2024,38.2,24.2,0,0,43,15
Jaunpur,Shahganj,Potato,2150,2300,2210,7/4/2024,38,22.4,0,0,36,13
Jaunpur,Shahganj,Potato,2100,2200,2140,8/4/2024,38,19.7,0,0,52,10
Jaunpur,Shahganj,Potato,650,800,710,9/4/2024,38.5,21.8,0,0,57,10
Jaunpur,Shahganj,Potato,2100,2250,2150,10/4/2024,38.8,24.4,0,0,43,10
Jaunpur,Shahganj,Potato,1800,1880,1840,11/4/2024,38.3,22,0,0,46,13
Jaunpur,Shahganj,Potato,1200,1300,1260,12/4/2024,37.6,24.2,0,0,46,18
Jaunpur,Shahganj,Potato,1200,1350,1250,13-04-2024,37.7,23,0,0,50,21
Jaunpur,Shahganj,Potato,850,1000,900,14-04-2024,37.5,24.7,0,0,56,24
Jaunpur,Shahganj,Potato,900,1000,960,15-04-2024,40,25.7,0,0,53,21
Jaunpur,Shahganj,Potato,1200,1300,1250,16-04-2024,40,25.8,0,0,54,18
Jaunpur,Shahganj,Potato,650,750,700,17-04-2024,38.8,26.2,0,0,36,8
Jaunpur,Shahganj,Potato,2250,2450,2320,18-04-2024,40.1,25.2,0,0,26,15
Jaunpur,Shahganj,Potato,1000,1150,1050,19-04-2024,41.8,27,0,0,33,11
Jaunpur,Shahganj,Potato,1150,1300,1210,20-04-2024,42.2,28.2,0,0,28,11
Jaunpur,Shahganj,Potato,800,900,850,21-04-2024,40.5,25.3,0,0,26,10
Jaunpur,Shahganj,Potato,640,750,670,22-04-2024,40.1,28,0,0,32,15
Jaunpur,Shahganj,Potato,2300,2400,2345,23-04-2024,40,27.6,0,0,43,16
Jaunpur,Shahganj,Potato,1170,1270,1220,24-04-2024,40.7,24.2,0,0,36,11
Jaunpur,Shahganj,Potato,900,1080,980,25-04-2024,41.5,25,0,0,26,9
Jaunpur,Shahganj,Potato,600,700,660,26-04-2024,42.4,24.8,0,0,28,10
Jaunpur,Shahganj,Potato,2150,2300,2210,27-04-2024,40.8,30.2,0,0,34,16
Jaunpur,Shahganj,Potato,2150,2300,2200,28-04-2024,42,27.1,0,0,35,10
Jaunpur,Shahganj,Potato,1200,1350,1240,29-04-2024,42.7,25,0,0,29,11
Jaunpur,Shahganj,Potato,700,850,780,30-04-2024,42.5,26.1,0,0,30,11
Jaunpur,Shahganj,Potato,2100,2200,2160,1/5/2024,40.2,26.1,0,0,22,10
Jaunpur,Shahganj,Potato,580,700,670,2/5/2024,38.1,23.9,0,0,26,8
Jaunpur,Shahganj,Potato,1200,1350,1230,3/5/2024,39.8,22.1,0,0,33,9
Jaunpur,Shahganj,Potato,600,700,650,4/5/2024,41.6,24.6,0,0,28,8
Jaunpur,Shahganj,Potato,2100,2250,2180,5/5/2024,43.4,26.1,0,0,27,8
Jaunpur,Shahganj,Potato,1200,1350,1250,6/5/2024,41.3,27.7,0,0,62,18
Jaunpur,Shahganj,Potato,2250,2400,2300,7/5/2024,38.6,26.7,0.6,0.6,73,31
Jaunpur,Shahganj,Potato,1100,1250,1180,8/5/2024,37.4,25,0.6,0.6,73,30
Jaunpur,Shahganj,Potato,1700,1850,1780,9/5/2024,35.3,25.3,2.3,2.3,72,38
Jaunpur,Shahganj,Potato,1650,1800,1710,10/5/2024,36.8,25.9,0,0,77,32
Jaunpur,Shahganj,Potato,1170,1250,1220,11/5/2024,38.4,27.1,0.2,0.2,66,33
Jaunpur,Shahganj,Potato,1400,1500,1430,12/5/2024,36.7,27.6,0,0,68,36
Jaunpur,Shahganj,Potato,1200,1350,1250,13-05-2024,34.7,27.3,1,1,76,42
Jaunpur,Shahganj,Potato,2100,2250,2180,14-05-2024,39.6,26.5,0,0,72,20
Jaunpur,Shahganj,Potato,1100,1200,1150,15-05-2024,40.7,24.4,0,0,58,16
Jaunpur,Shahganj,Potato,900,1050,960,16-05-2024,41,26,0,0,54,17
Jaunpur,Shahganj,Potato,1650,1800,1710,17-05-2024,40.1,26.8,0,0,48,25
Jaunpur,Shahganj,Potato,2300,2450,2390,18-05-2024,43.1,30.1,0,0,51,17
Jaunpur,Shahganj,Potato,2100,2250,2160,19-05-2024,44.4,28.3,0,0,57,12
Jaunpur,Shahganj,Potato,1250,1400,1320,20-05-2024,40.2,28.1,0.5,0.5,69,29
Jaunpur,Shahganj,Potato,1510,1610,1560,21-05-2024,39.4,27.7,0,0,74,35
Jaunpur,Shahganj,Potato,2200,2300,2250,22-05-2024,38.5,28.4,0.4,0.4,69,35
Jaunpur,Shahganj,Potato,1650,1800,1700,23-05-2024,35.9,27.2,1.6,1.6,75,45
Jaunpur,Shahganj,Potato,850,950,890,24-05-2024,39.2,28.5,0,0,72,36
Jaunpur,Shahganj,Potato,1100,1200,1120,25-05-2024,41.3,30.5,0,0,64,27
Jaunpur,Shahganj,Potato,1200,1350,1250,26-05-2024,41.2,30.8,1.2,1.2,54,29
Jaunpur,Shahganj,Potato,750,900,800,27-05-2024,41.7,31.4,0,0,61,32
Jaunpur,Shahganj,Potato,2070,2170,2120,28-05-2024,46.2,29.8,0,0,65,11
Jaunpur,Shahganj,Potato,1200,1300,1250,29-05-2024,46.2,30.6,0,0,68,12
Jaunpur,Shahganj,Potato,700,800,750,30-05-2024,46.5,32.4,0,0,70,13
Jaunpur,Shahganj,Potato,2100,2200,2160,31-05-2024,45.2,32.3,0,0,75,12
Jaunpur,Shahganj,Potato,2050,2150,2100,1/6/2024,44.1,29.7,0,0,77,14
Jaunpur,Shahganj,Potato,1150,1300,1220,2/6/2024,40.6,29,0,0,84,28
Jaunpur,Shahganj,Potato,2100,2200,2120,3/6/2024,43.7,29.5,0,0,64,13
Jaunpur,Shahganj,Potato,640,750,680,4/6/2024,44.7,29.7,0,0,62,14
Jaunpur,Shahganj,Potato,2300,2450,2370,5/6/2024,40.5,28.9,0,0,71,32
Jaunpur,Shahganj,Potato,1200,1350,1260,6/6/2024,42.4,28,0,0,79,21
Jaunpur,Shahganj,Potato,1500,1700,1600,7/6/2024,42.9,28.4,0,0,63,18
Jaunpur,Shahganj,Potato,600,700,660,8/6/2024,43.8,27.8,0,0,60,18
Jaunpur,Shahganj,Potato,2260,2340,2300,9/6/2024,44.3,29,0,0,56,15
Jaunpur,Shahganj,Potato,1700,1850,1760,10/6/2024,44.7,29,0,0,44,11
Jaunpur,Shahganj,Potato,2100,2250,2180,11/6/2024,45,29.5,0,0,37,14
Jaunpur,Shahganj,Potato,2250,2350,2300,12/6/2024,44.8,29.7,0,0,66,17
Jaunpur,Shahganj,Potato,2090,2190,2140,13-06-2024,45.5,29.6,0,0,57,13
Jaunpur,Shahganj,Potato,1370,1500,1415,14-06-2024,45.5,32.4,0,0,38,15
Jaunpur,Shahganj,Potato,1350,1500,1420,15-06-2024,44.8,31.4,0,0,75,18
Jaunpur,Shahganj,Potato,1100,1300,1200,16-06-2024,46.2,30.3,0,0,64,14
Jaunpur,Shahganj,Potato,2300,2450,2370,17-06-2024,46.8,31.7,0,0,69,15
Jaunpur,Shahganj,Potato,800,980,900,18-06-2024,45.4,34.9,0,0,42,21
Jaunpur,Shahganj,Potato,1500,1650,1580,19-06-2024,42.4,31.7,0,0,60,28
Jaunpur,Shahganj,Potato,1200,1350,1280,20-06-2024,35.3,27.7,1.3,1.3,85,45
Jaunpur,Shahganj,Potato,1170,1270,1220,21-06-2024,36.1,27.7,0.2,0.2,84,47
Jaunpur,Shahganj,Potato,1750,1850,1800,22-06-2024,37,27.8,1,1,87,48
Jaunpur,Shahganj,Potato,1650,1800,1700,23-06-2024,37.6,27.4,4.5,4.5,93,46
Jaunpur,Shahganj,Potato,650,780,710,24-06-2024,37.3,27.5,10.2,10.2,95,48
Jaunpur,Shahganj,Potato,800,900,860,25-06-2024,35.8,27.1,13.3,13.3,92,54
Jaunpur,Shahganj,Potato,1600,1700,1650,26-06-2024,34.6,27.4,10.9,10.9,97,58
Jaunpur,Shahganj,Potato,680,800,720,27-06-2024,35.9,26.7,9.8,9.8,94,57
Jaunpur,Shahganj,Potato,2300,2480,2390,28-06-2024,33.6,26.9,22.5,22.5,95,63
Jaunpur,Shahganj,Potato,1200,1350,1250,29-06-2024,34,27.2,9,9,95,63
Jaunpur,Shahganj,Potato,1150,1200,1175,30-06-2024,33.1,26.1,15.1,15.1,95,64
Jaunpur,Shahganj,Potato,1400,1550,1480,1/7/2024,33.1,25.9,29.1,29.1,96,67
Jaunpur,Shahganj,Potato,2150,2300,2210,2/7/2024,30.7,26,43,43,96,75
Jaunpur,Shahganj,Potato,1110,1210,1160,3/7/2024,30,26.5,11.3,11.3,96,76
Jaunpur,Shahganj,Potato,2100,2200,2150,4/7/2024,31.7,26.3,6.9,6.9,97,71
Jaunpur,Shahganj,Potato,2150,2230,2180,5/7/2024,30.4,26.3,27.3,27.3,96,74
Jaunpur,Shahganj,Potato,1200,1350,1250,6/7/2024,32.4,26.2,34.5,34.5,97,66
Jaunpur,Shahganj,Potato,2000,2200,2100,7/7/2024,30.8,26.2,15.7,15.7,97,75
Jaunpur,Shahganj,Potato,1400,1500,1425,8/7/2024,32.6,26.5,5.6,5.6,97,73
Jaunpur,Shahganj,Potato,1150,1250,1200,9/7/2024,34,27.2,6.8,6.8,94,65
Jaunpur,Shahganj,Potato,1000,1200,1100,10/7/2024,34.1,26.7,19.8,19.8,97,66
Jaunpur,Shahganj,Potato,600,700,660,11/7/2024,32.8,26.9,16.5,16.5,98,73
Jaunpur,Shahganj,Potato,900,1050,960,12/7/2024,32.4,25.8,20.1,20.1,96,71
Jaunpur,Shahganj,Potato,2100,2200,2120,13-07-2024,32.1,26,15.2,15.2,99,68
Jaunpur,Shahganj,Potato,1700,1800,1740,14-07-2024,32.6,25.7,30.9,30.9,97,70
Jaunpur,Shahganj,Potato,1200,1400,1300,15-07-2024,34.7,26.5,9.9,9.9,95,60
Jaunpur,Shahganj,Potato,1540,1700,1600,16-07-2024,34.5,28.6,0.5,0.5,84,59
Jaunpur,Shahganj,Potato,1700,1800,1730,17-07-2024,33.1,28.2,0.2,0.2,85,68
Jaunpur,Shahganj,Potato,600,800,700,18-07-2024,35.5,28.4,0.3,0.3,89,58
Jaunpur,Shahganj,Potato,1650,1760,1700,19-07-2024,34.8,27.1,1.6,1.6,94,64
Jaunpur,Shahganj,Potato,2250,2400,2310,20-07-2024,35.1,27.8,1.8,1.8,92,59
Jaunpur,Shahganj,Potato,1100,1250,1160,21-07-2024,34.5,28.6,0.3,0.3,82,58
Jaunpur,Shahganj,Potato,1120,1280,1200,22-07-2024,34.8,28.4,1.4,1.4,87,58
Jaunpur,Shahganj,Potato,2350,2450,2400,23-07-2024,32.7,27.5,6.5,6.5,97,67
Jaunpur,Shahganj,Potato,1100,1300,1200,24-07-2024,34.2,26.9,1.4,1.4,97,62
Jaunpur,Shahganj,Potato,2300,2400,2350,25-07-2024,33.8,27,9,9,98,68
Jaunpur,Shahganj,Potato,1170,1270,1220,26-07-2024,34.3,26.6,9.3,9.3,97,67
Jaunpur,Shahganj,Potato,1100,1260,1200,27-07-2024,34.5,26.8,4.6,4.6,96,64
Jaunpur,Shahganj,Potato,1200,1330,1240,28-07-2024,35,28.8,0.5,0.5,82,58
Jaunpur,Shahganj,Potato,800,900,860,29-07-2024,35.6,28.8,2.9,2.9,87,57
Jaunpur,Shahganj,Potato,900,1000,950,30-07-2024,35.5,26.7,3,3,95,59
Jaunpur,Shahganj,Potato,1000,1150,1050,31-07-2024,33.6,26,15.7,15.7,97,65
Jaunpur,Shahganj,Potato,1700,1800,1730,1/8/2024,32.5,25.4,13.8,13.8,97,69
Jaunpur,Shahganj,Potato,1900,2100,1980,2/8/2024,31.7,26,4.8,4.8,97,67
Jaunpur,Shahganj,Potato,1180,1280,1230,3/8/2024,29.6,26.4,8.7,8.7,89,75
Jaunpur,Shahganj,Potato,1150,1250,1200,4/8/2024,32.7,26.1,7.1,7.1,92,67
Jaunpur,Shahganj,Potato,600,750,680,5/8/2024,33.1,26,0.4,0.4,95,60
Jaunpur,Shahganj,Potato,1800,1950,1850,6/8/2024,30.1,26.6,0.8,0.8,97,78
Jaunpur,Shahganj,Potato,2300,2350,2315,7/8/2024,31.7,25.4,5.2,5.2,98,70
Jaunpur,Shahganj,Potato,1280,1400,1320,8/8/2024,30.1,25.5,20.4,20.4,97,75
Jaunpur,Shahganj,Potato,1200,1400,1300,9/8/2024,30.7,25.7,16.6,16.6,97,76
Jaunpur,Shahganj,Potato,2350,2500,2400,10/8/2024,31.1,25.4,10.3,10.3,97,69
Jaunpur,Shahganj,Potato,1650,1800,1700,11/8/2024,31.2,25.6,2.9,2.9,96,73
Jaunpur,Shahganj,Potato,2100,2250,2180,12/8/2024,31.6,26,3.4,3.4,97,72
Jaunpur,Shahganj,Potato,1550,1650,1600,13-08-2024,32.5,26,2.6,2.6,98,69
Jaunpur,Shahganj,Potato,2000,2200,2150,14-08-2024,31,26.5,20.2,20.2,98,74
Jaunpur,Shahganj,Potato,1600,1750,1710,15-08-2024,32.9,26.2,8.7,8.7,99,67
Jaunpur,Shahganj,Potato,2100,2250,2170,16-08-2024,33.5,25.6,3.7,3.7,97,66
Jaunpur,Shahganj,Potato,700,800,730,17-08-2024,33,25.7,5.4,5.4,98,68
Jaunpur,Shahganj,Potato,2100,2200,2150,18-08-2024,32.5,25.8,11.6,11.6,97,66
Jaunpur,Shahganj,Potato,1200,1350,1240,19-08-2024,32.8,25.2,1.8,1.8,98,66
Jaunpur,Shahganj,Potato,1700,1800,1750,20-08-2024,32.1,26,7.4,7.4,98,72
Jaunpur,Shahganj,Potato,2250,2330,2300,21-08-2024,32.2,25.6,6.8,6.8,96,70
Jaunpur,Shahganj,Potato,1200,1300,1250,22-08-2024,31.6,24.8,21.8,21.8,99,74
Jaunpur,Shahganj,Potato,1400,1500,1450,23-08-2024,31.1,24.7,18.9,18.9,99,70
Jaunpur,Shahganj,Potato,780,900,820,24-08-2024,32.2,25.4,11.2,11.2,95,67
Jaunpur,Shahganj,Potato,700,800,740,25-08-2024,32.2,25.5,4.1,4.1,97,67
Jaunpur,Shahganj,Potato,2100,2250,2180,26-08-2024,31.8,25.6,12.5,12.5,96,73
Jaunpur,Shahganj,Potato,900,1050,980,27-08-2024,29.4,25.3,16.9,16.9,96,75
Jaunpur,Shahganj,Potato,1650,1800,1710,28-08-2024,30.2,24.7,33.3,33.3,99,74
Jaunpur,Shahganj,Potato,1200,1350,1240,29-08-2024,33.2,24.2,0.5,0.5,98,57
Jaunpur,Shahganj,Potato,2300,2360,2335,30-08-2024,33,25.8,1.1,1.1,97,70
Jaunpur,Shahganj,Potato,1200,1400,1300,31-08-2024,33.4,26.5,8,8,96,64
Jaunpur,Shahganj,Potato,1250,1400,1320,1/9/2024,32,26,14.1,14.1,98,71
Jaunpur,Shahganj,Potato,2200,2300,2240,2/9/2024,32.7,26.6,0.6,0.6,91,63
Jaunpur,Shahganj,Potato,1400,1500,1430,3/9/2024,33.5,26.8,0,0,89,60
Jaunpur,Shahganj,Potato,2300,2450,2380,4/9/2024,32.5,26.6,5.1,5.1,98,71
Jaunpur,Shahganj,Potato,600,700,650,5/9/2024,30.9,25.9,22.2,22.2,100,76
Jaunpur,Shahganj,Potato,1140,1240,1190,6/9/2024,32.1,25.6,0.6,0.6,98,65
Jaunpur,Shahganj,Potato,2300,2400,2350,7/9/2024,33.1,25.7,1.4,1.4,99,65
Jaunpur,Shahganj,Potato,1200,1350,1250,8/9/2024,33.1,26.6,6.4,6.4,97,68
Jaunpur,Shahganj,Potato,2100,2200,2160,9/9/2024,32.8,26.3,7.3,7.3,97,72
Jaunpur,Shahganj,Potato,950,1100,1000,10/9/2024,32.8,27.5,0.5,0.5,90,62
Jaunpur,Shahganj,Potato,1000,1150,1050,11/9/2024,32.2,27,19.3,19.3,95,68
Jaunpur,Shahganj,Potato,1175,1250,1215,12/9/2024,32.5,27,8.8,8.8,93,67
Jaunpur,Shahganj,Potato,1150,1220,1180,13-09-2024,31.8,26.4,0.8,0.8,92,71
Jaunpur,Shahganj,Potato,1350,1500,1420,14-09-2024,31.5,25.2,0.2,0.2,93,62
Jaunpur,Shahganj,Potato,950,1100,1000,15-09-2024,30.8,26.3,0.7,0.7,87,68
Jaunpur,Shahganj,Potato,1200,1350,1250,16-09-2024,31.4,25.5,2.4,2.4,92,65
Jaunpur,Shahganj,Potato,1000,1100,1030,17-09-2024,27.8,25.3,52.1,52.1,92,78
Jaunpur,Shahganj,Potato,2200,2300,2240,18-09-2024,32,25.8,0.3,0.3,87,62
Jaunpur,Shahganj,Potato,1650,1750,1690,19-09-2024,32.8,24.9,0,0,94,61
Jaunpur,Shahganj,Potato,900,1000,950,20-09-2024,32.6,24.6,0,0,94,58
Jaunpur,Shahganj,Potato,1400,1550,1450,21-09-2024,33.3,25,0,0,94,56
Jaunpur,Shahganj,Potato,2100,2300,2200,22-09-2024,33.6,25.5,0,0,91,57
Jaunpur,Shahganj,Potato,1100,1200,1150,23-09-2024,33.4,25.6,0,0,95,64
Jaunpur,Shahganj,Potato,2000,2200,2100,24-09-2024,32.3,25.6,4,4,95,70
Jaunpur,Shahganj,Potato,2100,2300,2200,25-09-2024,31.6,26.6,4,4,92,69
Jaunpur,Shahganj,Potato,1150,1300,1210,26-09-2024,29.4,24.9,23.1,23.1,96,74
Jaunpur,Shahganj,Potato,2000,2200,2100,27-09-2024,29.7,24.9,37,37,96,76
Jaunpur,Shahganj,Potato,2250,2350,2310,28-09-2024,29.5,24.8,15.9,15.9,99,80
Jaunpur,Shahganj,Potato,1730,1830,1780,29-09-2024,30.7,24.2,7.1,7.1,99,75
Jaunpur,Shahganj,Potato,2100,2200,2160,30-09-2024,31.5,24.9,1.1,1.1,99,67
Jaunpur,Shahganj,Potato,1000,1100,1020,1/10/2024,32.2,25.6,0.2,0.2,91,59
Jaunpur,Shahganj,Potato,1850,2000,1910,2/10/2024,32.7,25.5,0.4,0.4,92,59
Jaunpur,Shahganj,Potato,1650,1750,1700,3/10/2024,32.7,25.2,0.3,0.3,94,60
Jaunpur,Shahganj,Potato,900,1100,1000,4/10/2024,32.7,24.4,0.2,0.2,99,63
Jaunpur,Shahganj,Potato,1210,1310,1260,5/10/2024,31.4,24.7,2.3,2.3,97,71
Jaunpur,Shahganj,Potato,2300,2450,2380,6/10/2024,30.7,23.6,1.6,1.6,98,71
Jaunpur,Shahganj,Potato,1300,1450,1380,7/10/2024,30.9,23.5,0,0,99,69
Jaunpur,Shahganj,Potato,1200,1340,1250,8/10/2024,31.8,23.7,0,0,99,60
Jaunpur,Shahganj,Potato,2100,2300,2200,9/10/2024,31.6,24.5,4.8,4.8,93,67
Jaunpur,Shahganj,Potato,2200,2300,2220,10/10/2024,32,23.4,0,0,98,53
Jaunpur,Shahganj,Potato,600,700,640,11/10/2024,31.6,23.8,0,0,89,56
Jaunpur,Shahganj,Potato,1590,1690,1640,12/10/2024,30.4,22.8,0,0,84,50
Jaunpur,Shahganj,Potato,2100,2250,2150,13-10-2024,31.2,23.8,0,0,91,54
Jaunpur,Shahganj,Potato,800,1050,900,14-10-2024,30.4,23,0.1,0.1,97,53
Jaunpur,Shahganj,Potato,1450,1600,1500,15-10-2024,31.1,23.4,0,0,93,58
Jaunpur,Shahganj,Potato,970,1070,1020,16-10-2024,31.4,21.4,0,0,95,47
Jaunpur,Shahganj,Potato,660,750,700,17-10-2024,31.1,21,0,0,92,48
Jaunpur,Shahganj,Potato,1350,1500,1400,18-10-2024,31.5,21.3,0,0,91,48
Jaunpur,Shahganj,Potato,1230,1330,1280,19-10-2024,32,21.2,0,0,93,49
Jaunpur,Shahganj,Potato,2300,2450,2380,20-10-2024,32.3,22.2,0,0,88,48
Jaunpur,Shahganj,Potato,2300,2400,2340,21-10-2024,32.1,21.6,0.4,0.4,96,48
Jaunpur,Shahganj,Potato,1150,1350,1250,22-10-2024,31.6,21.7,0,0,96,53
Jaunpur,Shahganj,Potato,2100,2250,2150,23-10-2024,31.4,21.7,0,0,92,49
Jaunpur,Shahganj,Potato,900,1080,980,24-10-2024,31,22.3,0.2,0.2,89,58
Jaunpur,Shahganj,Potato,2200,2350,2250,25-10-2024,30.3,22.2,0,0,94,57
Jaunpur,Shahganj,Potato,2050,2200,2100,26-10-2024,30.8,20.4,0,0,96,53
Jaunpur,Shahganj,Potato,600,740,700,27-10-2024,29,23.9,0.2,0.2,92,66
Jaunpur,Shahganj,Potato,2200,2350,2240,28-10-2024,31,23.3,0.3,0.3,95,61
Jaunpur,Shahganj,Potato,1120,1220,1170,29-10-2024,30.7,23.6,0.5,0.5,96,62
Jaunpur,Shahganj,Potato,1100,1250,1180,30-10-2024,32.4,22.7,0,0,96,49
Jaunpur,Shahganj,Potato,2100,2250,2160,31-10-2024,33.3,22.3,0,0,91,42
Jaunpur,Shahganj,Potato,1200,1350,1260,1/11/2024,32.8,21.4,0,0,88,33
Jaunpur,Shahganj,Potato,1230,1380,1300,2/11/2024,31.3,18.8,0,0,88,36
Jaunpur,Shahganj,Potato,1100,1250,1180,3/11/2024,30.9,19.6,0,0,77,41
Jaunpur,Shahganj,Potato,2300,2450,2380,4/11/2024,30.1,19.9,0,0,89,50
Jaunpur,Shahganj,Potato,1600,1750,1680,5/11/2024,29.2,20.7,0.2,0.2,97,57
Jaunpur,Shahganj,Potato,2150,2300,2200,6/11/2024,30.2,19.9,0,0,97,50
Jaunpur,Shahganj,Potato,2050,2150,2100,7/11/2024,29.9,20.7,0,0,93,51
Jaunpur,Shahganj,Potato,890,990,940,8/11/2024,29.2,20.6,0.2,0.2,95,53
Jaunpur,Shahganj,Potato,2300,2400,2350,9/11/2024,29.2,19.8,0,0,95,52
Jaunpur,Shahganj,Potato,1300,1450,1360,10/11/2024,29.4,20.3,0,0,96,52
Jaunpur,Shahganj,Potato,1150,1300,1210,11/11/2024,29.7,19.4,0,0,94,50
Jaunpur,Shahganj,Potato,850,960,900,12/11/2024,29.9,19,0,0,94,47
Jaunpur,Shahganj,Potato,2150,2250,2200,13-11-2024,30.5,18.2,0,0,94,38
Jaunpur,Shahganj,Potato,700,800,750,14-11-2024,29.5,17.3,0,0,91,38
Jaunpur,Shahganj,Potato,1200,1350,1250,15-11-2024,29.1,16.9,0,0,94,39
Jaunpur,Shahganj,Potato,950,1080,1000,16-11-2024,28.7,16.5,0,0,92,38
Jaunpur,Shahganj,Potato,1200,1320,1260,17-11-2024,28.9,16.1,0,0,90,38
Jaunpur,Shahganj,Potato,650,740,680,18-11-2024,28.3,16.3,0,0,91,42
Jaunpur,Shahganj,Potato,1800,1900,1850,19-11-2024,27.7,15.8,0,0,94,43
Jaunpur,Shahganj,Potato,2100,2250,2170,20-11-2024,26,14.9,0,0,90,41
Jaunpur,Shahganj,Potato,2150,2300,2210,21-11-2024,24.8,13.1,0,0,90,45
Jaunpur,Shahganj,Potato,650,750,700,22-11-2024,24.3,12.8,0,0,92,44
Jaunpur,Shahganj,Potato,2150,2300,2210,23-11-2024,24.9,13.1,0,0,89,50
Jaunpur,Shahganj,Potato,2350,2450,2390,24-11-2024,25.6,14,0,0,94,47
Jaunpur,Shahganj,Potato,2300,2400,2315,25-11-2024,26.6,14,0,0,93,43
Jaunpur,Shahganj,Potato,600,700,640,26-11-2024,26.2,13.9,0,0,94,47
Jaunpur,Shahganj,Potato,750,900,800,27-11-2024,25,13.2,0,0,91,36
Jaunpur,Shahganj,Potato,1800,1950,1850,28-11-2024,24.6,12.5,0,0,91,41
Jaunpur,Shahganj,Potato,1165,1265,1215,29-11-2024,24.5,12,0,0,89,42
Jaunpur,Shahganj,Potato,2100,2210,2120,30-11-2024,24.3,11.5,0,0,91,42
Jaunpur,Shahganj,Potato,650,800,720,1/12/2024,23.8,10.8,0,0,95,48
Jaunpur,Shahganj,Potato,1100,1300,1200,2/12/2024,24.4,11.5,0,0,94,49
Jaunpur,Shahganj,Potato,1600,1700,1635,3/12/2024,25.3,11.9,0,0,94,53
Jaunpur,Shahganj,Potato,2100,2250,2170,4/12/2024,26.3,13.9,0,0,91,44
Jaunpur,Shahganj,Potato,600,750,650,5/12/2024,25.1,14,0,0,90,38
Jaunpur,Shahganj,Potato,900,1100,1000,6/12/2024,23.2,12,0,0,84,34
Jaunpur,Shahganj,Potato,2100,2250,2160,7/12/2024,23.2,10.4,0,0,90,45
Jaunpur,Shahganj,Potato,1100,1250,1200,8/12/2024,23.5,10.8,0,0,90,45
Jaunpur,Shahganj,Potato,2300,2400,2335,9/12/2024,24,13.1,0.9,0.9,92,49
Jaunpur,Shahganj,Potato,2300,2400,2340,10/12/2024,21.9,12,0,0,94,41
Jaunpur,Shahganj,Potato,1300,1400,1320,11/12/2024,21.1,9.4,0,0,83,40
Jaunpur,Shahganj,Potato,1200,1350,1280,12/12/2024,21.4,7.9,0,0,85,43
Jaunpur,Shahganj,Potato,1180,1240,1210,13-12-2024,21.3,9,0,0,84,43
Jaunpur,Shahganj,Potato,1400,1500,1440,14-12-2024,19.9,8.9,0,0,82,47
Jaunpur,Shahganj,Potato,1120,1220,1170,15-12-2024,20.3,6.7,0,0,94,47
Jaunpur,Shahganj,Potato,2100,2250,2180,16-12-2024,21.7,7.7,0,0,94,45
Jaunpur,Shahganj,Potato,1200,1350,1270,17-12-2024,22.3,8.3,0,0,93,47
Jaunpur,Shahganj,Potato,1650,1800,1710,18-12-2024,22.5,9,0,0,94,51
Jaunpur,Shahganj,Potato,1200,1300,1220,19-12-2024,22.7,9.7,0,0,94,53
Jaunpur,Shahganj,Potato,1150,1250,1200,20-12-2024,23,10.3,0,0,96,54
Jaunpur,Shahganj,Potato,2300,2450,2380,21-12-2024,22.9,10.6,0,0,93,50
Jaunpur,Shahganj,Potato,1150,1280,1200,22-12-2024,22.5,9.4,0,0,94,42
Jaunpur,Shahganj,Potato,650,750,700,23-12-2024,23.3,10.2,0,0,90,54
Jaunpur,Shahganj,Potato,1600,1700,1650,24-12-2024,23.1,12.6,0,0,92,53
Jaunpur,Shahganj,Potato,1000,1150,1060,25-12-2024,21.9,14.4,1,1,92,63
Jaunpur,Shahganj,Potato,1150,1250,1200,26-12-2024,24,13.1,0,0,97,57
Jaunpur,Shahganj,Potato,1700,1850,1750,27-12-2024,25.3,13.4,0,0,100,57
Jaunpur,Shahganj,Potato,640,740,680,28-12-2024,19.4,15.1,17.2,17.2,96,85
Jaunpur,Shahganj,Potato,800,950,880,29-12-2024,23.2,13.7,0,0,100,65
Jaunpur,Shahganj,Potato,1650,1750,1700,30-12-2024,21,11.6,0,0,96,60
Jaunpur,Shahganj,Potato,2100,2200,2145,31-12-2024,19.6,9.7,0,0,99,66
Jaunpur,Shahganj,Potato,1650,1800,1720,1/1/2025,17.9,8.4,0,0,97,63
Jaunpur,Shahganj,Potato,2100,2200,2160,2/1/2025,18.6,8.4,0,0,97,63
Jaunpur,Shahganj,Potato,1650,1750,1700,3/1/2025,19.5,7.9,0,0,100,69
Jaunpur,Shahganj,Potato,1500,1700,1610,4/1/2025,18.6,8.7,0,0,100,72
Jaunpur,Shahganj,Potato,2150,2300,2200,5/1/2025,18.1,7.1,0,0,100,73
Jaunpur,Shahganj,Potato,1650,1800,1710,6/1/2025,22,11.1,0,0,99,71
Jaunpur,Shahganj,Potato,1000,1100,1020,7/1/2025,19.3,11.2,0,0,98,66
Jaunpur,Shahganj,Potato,1550,1700,1610,8/1/2025,17.4,9.4,0,0,97,61
Jaunpur,Shahganj,Potato,2250,2400,2300,9/1/2025,19.2,7.5,0,0,98,57
Jaunpur,Shahganj,Potato,2100,2250,2160,10/1/2025,19.1,7.4,0,0,96,63
Jaunpur,Shahganj,Potato,1150,1250,1200,11/1/2025,19.8,7.7,0,0,100,64
Jaunpur,Shahganj,Potato,1200,1275,1230,12/1/2025,21,11.1,0.2,0.2,96,75
Jaunpur,Shahganj,Potato,1100,1240,1180,13-01-2025,20.6,11.4,0,0,100,67
Jaunpur,Shahganj,Potato,800,950,880,14-01-2025,20.8,10.3,0,0,97,57
Jaunpur,Shahganj,Potato,2100,2250,2210,15-01-2025,20.3,8.8,0,0,100,61
Jaunpur,Shahganj,Potato,2300,2400,2380,16-01-2025,19.7,8.2,0,0,100,64
Jaunpur,Shahganj,Potato,2300,2450,2370,17-01-2025,21.3,11,0,0,98,58
Jaunpur,Shahganj,Potato,1650,1750,1700,18-01-2025,20.7,10.3,0,0,96,62
Jaunpur,Shahganj,Potato,1100,1300,1200,19-01-2025,20.7,8.9,0,0,97,60
Jaunpur,Shahganj,Potato,1200,1250,1220,20-01-2025,24,12.6,0,0,93,62
Jaunpur,Shahganj,Potato,1430,1530,1480,21-01-2025,23.6,13.4,0,0,96,61
Jaunpur,Shahganj,Potato,1550,1700,1600,22-01-2025,23.6,11.3,0,0,95,63
Jaunpur,Shahganj,Potato,2300,2450,2380,23-01-2025,24,10.8,0,0,100,60
Jaunpur,Shahganj,Potato,1000,1100,1020,24-01-2025,23.4,12.7,0,0,95,56
Jaunpur,Shahganj,Potato,1160,1260,1210,25-01-2025,21.5,10.9,0,0,84,53
Jaunpur,Shahganj,Potato,1220,1320,1270,26-01-2025,20.9,8.7,0,0,93,55
Jaunpur,Shahganj,Potato,950,1050,1000,27-01-2025,21.1,8.9,0,0,95,53
Jaunpur,Shahganj,Potato,1650,1750,1700,28-01-2025,20.9,8.7,0,0,94,55
Jaunpur,Shahganj,Potato,1150,1250,1200,29-01-2025,21.5,8.8,0,0,95,59
Jaunpur,Shahganj,Potato,850,950,900,30-01-2025,23.3,9.4,0,0,100,60
Jaunpur,Shahganj,Potato,1300,1500,1400,31-01-2025,25,9.8,0,0,98,52
Jaunpur,Shahganj,Potato,1650,1800,1710,1/2/2025,25.7,12.1,0,0,96,50
Jaunpur,Shahganj,Potato,2150,2300,2200,2/2/2025,26.2,13,0,0,94,43
Jaunpur,Shahganj,Potato,1950,2100,2000,3/2/2025,25.6,13.3,0,0,90,39
Jaunpur,Shahganj,Potato,900,1050,980,4/2/2025,25.7,11.9,0,0,91,41
Jaunpur,Shahganj,Potato,940,1100,1000,5/2/2025,27.6,15.5,0,0,89,45
Jaunpur,Shahganj,Potato,1250,1400,1310,6/2/2025,23.9,12.7,0,0,73,31
Jaunpur,Shahganj,Potato,2200,2300,2260,7/2/2025,23.2,11.8,0,0,70,34
Jaunpur,Shahganj,Potato,1160,1260,1210,8/2/2025,23.7,10.8,0,0,69,33
Jaunpur,Shahganj,Potato,2350,2450,2390,9/2/2025,25.6,10.8,0,0,80,35
Jaunpur,Shahganj,Potato,940,1050,990,10/2/2025,27.3,10.4,0,0,91,32
Jaunpur,Shahganj,Potato,1150,1235,1200,11/2/2025,28,13.4,0,0,85,31
Jaunpur,Shahganj,Potato,1150,1300,1210,12/2/2025,29.2,14.3,0,0,81,30
Jaunpur,Shahganj,Potato,1400,1500,1430,13-02-2025,24.8,13.9,0,0,69,31
Jaunpur,Shahganj,Potato,1100,1300,1200,14-02-2025,25.6,13.2,0,0,57,25
Jaunpur,Shahganj,Potato,1150,1300,1200,15-02-2025,26.8,12.8,0,0,73,35
Jaunpur,Shahganj,Potato,2150,2300,2210,16-02-2025,27.7,13.2,0,0,89,41
Jaunpur,Shahganj,Potato,700,800,730,17-02-2025,27.7,14.7,0,0,90,39
Jaunpur,Shahganj,Potato,2100,2250,2160,18-02-2025,27.9,14,0,0,93,39
Jaunpur,Shahganj,Potato,2200,2350,2230,19-02-2025,27.5,14.5,0,0,92,38
Jaunpur,Shahganj,Potato,2200,2300,2260,20-02-2025,28.8,14.9,0,0,84,34
Jaunpur,Shahganj,Potato,2300,2450,2370,21-02-2025,29.2,15.3,0,0,91,40
Jaunpur,Shahganj,Potato,1360,1460,1410,22-02-2025,28.9,16,0,0,85,35
Jaunpur,Shahganj,Potato,1200,1320,1240,23-02-2025,26.9,14.7,0,0,88,35
Jaunpur,Shahganj,Potato,2300,2400,2350,24-02-2025,27,13.7,0,0,87,35
Jaunpur,Shahganj,Potato,1350,1500,1430,25-02-2025,27,13.3,0,0,85,34
Jaunpur,Shahganj,Potato,700,800,730,26-02-2025,27.3,12.7,0,0,89,33
Jaunpur,Shahganj,Potato,1140,1250,1190,27-02-2025,29.8,14.9,0,0,77,35
Jaunpur,Shahganj,Potato,800,900,850,28-02-2025,30.6,17.1,0,0,87,36
Jaunpur,Shahganj,Potato,2150,2300,2200,1/3/2025,28.7,18.9,0.6,0.6,94,45
Jaunpur,Shahganj,Potato,2100,2250,2180,2/3/2025,31,16.3,0,0,94,30
Jaunpur,Shahganj,Potato,900,1050,990,3/3/2025,29.7,16.9,0,0,73,23
Jaunpur,Shahganj,Potato,700,800,730,4/3/2025,30.4,15.7,0,0,83,33
Jaunpur,Shahganj,Potato,1200,1350,1250,5/3/2025,24.9,16.4,0,0,70,28
Jaunpur,Shahganj,Potato,2000,2150,2080,6/3/2025,25.1,13.5,0,0,59,33
Jaunpur,Shahganj,Potato,2260,2500,2400,7/3/2025,28.3,12.6,0,0,80,26
Jaunpur,Jaunpur,Masur Dal,6650,6750,6700,2/4/2024,36.6,21.4,0,0,40,11
Jaunpur,Jaunpur,Masur Dal,6700,6800,6750,3/4/2024,37.5,22.9,0,0,39,14
Jaunpur,Jaunpur,Masur Dal,6730,6810,6760,4/4/2024,39.2,23.9,0,0,38,16
Jaunpur,Jaunpur,Masur Dal,7350,8450,8400,5/4/2024,39.4,23.2,0,0,44,13
Jaunpur,Jaunpur,Masur Dal,7550,7650,7600,6/4/2024,38.2,24.2,0,0,43,15
Jaunpur,Jaunpur,Masur Dal,7550,7650,7600,7/4/2024,38,22.4,0,0,36,13
Jaunpur,Jaunpur,Masur Dal,7575,7675,7625,8/4/2024,38,19.7,0,0,52,10
Jaunpur,Jaunpur,Masur Dal,7600,7700,7650,9/4/2024,38.5,21.8,0,0,57,10
Jaunpur,Jaunpur,Masur Dal,7600,7700,7650,10/4/2024,38.8,24.4,0,0,43,10
Jaunpur,Jaunpur,Masur Dal,7600,7700,7650,11/4/2024,38.3,22,0,0,46,13
Jaunpur,Jaunpur,Masur Dal,7600,7700,7650,12/4/2024,37.6,24.2,0,0,46,18
Jaunpur,Jaunpur,Masur Dal,7620,7680,7650,13-04-2024,37.7,23,0,0,50,21
Jaunpur,Jaunpur,Masur Dal,7625,7675,7650,14-04-2024,37.5,24.7,0,0,56,24
Jaunpur,Jaunpur,Masur Dal,7625,7725,7675,15-04-2024,40,25.7,0,0,53,21
Jaunpur,Jaunpur,Masur Dal,7630,7670,7650,16-04-2024,40,25.8,0,0,54,18
Jaunpur,Jaunpur,Masur Dal,7630,7670,7650,17-04-2024,38.8,26.2,0,0,36,8
Jaunpur,Jaunpur,Masur Dal,7640,7680,7660,18-04-2024,40.1,25.2,0,0,26,15
Jaunpur,Jaunpur,Masur Dal,7640,7755,7700,19-04-2024,41.8,27,0,0,33,11
Jaunpur,Jaunpur,Masur Dal,7650,7750,7700,20-04-2024,42.2,28.2,0,0,28,11
Jaunpur,Jaunpur,Masur Dal,7650,7750,7700,21-04-2024,40.5,25.3,0,0,26,10
Jaunpur,Jaunpur,Masur Dal,7650,7750,7700,22-04-2024,40.1,28,0,0,32,15
Jaunpur,Jaunpur,Masur Dal,7655,7705,7680,23-04-2024,40,27.6,0,0,43,16
Jaunpur,Jaunpur,Masur Dal,7660,7710,7685,24-04-2024,40.7,24.2,0,0,36,11
Jaunpur,Jaunpur,Masur Dal,7670,7710,7690,25-04-2024,41.5,25,0,0,26,9
Jaunpur,Jaunpur,Masur Dal,7670,7710,7690,26-04-2024,42.4,24.8,0,0,28,10
Jaunpur,Jaunpur,Masur Dal,7670,7730,7700,27-04-2024,40.8,30.2,0,0,34,16
Jaunpur,Jaunpur,Masur Dal,7675,7725,7700,28-04-2024,42,27.1,0,0,35,10
Jaunpur,Jaunpur,Masur Dal,7675,7765,7725,29-04-2024,42.7,25,0,0,29,11
Jaunpur,Jaunpur,Masur Dal,7675,7840,7725,30-04-2024,42.5,26.1,0,0,30,11
Jaunpur,Jaunpur,Masur Dal,7680,7720,7700,1/5/2024,40.2,26.1,0,0,22,10
Jaunpur,Jaunpur,Masur Dal,7680,7770,7725,2/5/2024,38.1,23.9,0,0,26,8
Jaunpur,Jaunpur,Masur Dal,7685,7735,7710,3/5/2024,39.8,22.1,0,0,33,9
Jaunpur,Jaunpur,Masur Dal,7685,7745,7715,4/5/2024,41.6,24.6,0,0,28,8
Jaunpur,Jaunpur,Masur Dal,7700,7740,7720,5/5/2024,43.4,26.1,0,0,27,8
Jaunpur,Jaunpur,Masur Dal,7700,7750,7725,6/5/2024,41.3,27.7,0,0,62,18
Jaunpur,Jaunpur,Masur Dal,7700,7750,7725,7/5/2024,38.6,26.7,0.6,0.6,73,31
Jaunpur,Jaunpur,Masur Dal,7700,7750,7725,8/5/2024,37.4,25,0.6,0.6,73,30
Jaunpur,Jaunpur,Masur Dal,7700,7785,7740,9/5/2024,35.3,25.3,2.3,2.3,72,38
Jaunpur,Jaunpur,Masur Dal,7700,7800,7750,10/5/2024,36.8,25.9,0,0,77,32
Jaunpur,Jaunpur,Masur Dal,7700,7800,7750,11/5/2024,38.4,27.1,0.2,0.2,66,33
Jaunpur,Jaunpur,Masur Dal,7700,7800,7750,12/5/2024,36.7,27.6,0,0,68,36
Jaunpur,Jaunpur,Masur Dal,7700,7800,7750,13-05-2024,34.7,27.3,1,1,76,42
Jaunpur,Jaunpur,Masur Dal,7730,7770,7750,14-05-2024,39.6,26.5,0,0,72,20
Jaunpur,Jaunpur,Masur Dal,7740,7815,7775,15-05-2024,40.7,24.4,0,0,58,16
Jaunpur,Jaunpur,Masur Dal,7750,7850,7800,16-05-2024,41,26,0,0,54,17
Jaunpur,Jaunpur,Masur Dal,7775,7825,7800,17-05-2024,40.1,26.8,0,0,48,25
Jaunpur,Jaunpur,Masur Dal,7775,7860,7825,18-05-2024,43.1,30.1,0,0,51,17
Jaunpur,Jaunpur,Masur Dal,7800,7900,7860,19-05-2024,44.4,28.3,0,0,57,12
Jaunpur,Jaunpur,Masur Dal,7825,7875,7850,20-05-2024,40.2,28.1,0.5,0.5,69,29
Jaunpur,Jaunpur,Masur Dal,7870,7930,7900,21-05-2024,39.4,27.7,0,0,74,35
Jaunpur,Jaunpur,Masur Dal,7900,7950,7925,22-05-2024,38.5,28.4,0.4,0.4,69,35
Jaunpur,Jaunpur,Masur Dal,7900,7960,7930,23-05-2024,35.9,27.2,1.6,1.6,75,45
Jaunpur,Jaunpur,Masur Dal,7900,7960,7930,24-05-2024,39.2,28.5,0,0,72,36
Jaunpur,Jaunpur,Masur Dal,7900,8000,7950,25-05-2024,41.3,30.5,0,0,64,27
Jaunpur,Jaunpur,Masur Dal,7900,8020,7970,26-05-2024,41.2,30.8,1.2,1.2,54,29
Jaunpur,Jaunpur,Masur Dal,7920,7980,7950,27-05-2024,41.7,31.4,0,0,61,32
Jaunpur,Jaunpur,Masur Dal,7940,8025,7975,28-05-2024,46.2,29.8,0,0,65,11
Jaunpur,Jaunpur,Masur Dal,7940,8040,7980,29-05-2024,46.2,30.6,0,0,68,12
Jaunpur,Jaunpur,Masur Dal,7950,8000,7975,30-05-2024,46.5,32.4,0,0,70,13
Jaunpur,Jaunpur,Masur Dal,7950,8050,8000,31-05-2024,45.2,32.3,0,0,75,12
Jaunpur,Jaunpur,Masur Dal,7950,8050,8000,1/6/2024,44.1,29.7,0,0,77,14
Jaunpur,Jaunpur,Masur Dal,7950,8070,8015,2/6/2024,40.6,29,0,0,84,28
Jaunpur,Jaunpur,Masur Dal,7970,8030,8000,3/6/2024,43.7,29.5,0,0,64,13
Jaunpur,Jaunpur,Masur Dal,7975,8025,8000,4/6/2024,44.7,29.7,0,0,62,14
Jaunpur,Jaunpur,Masur Dal,7980,8060,8025,5/6/2024,40.5,28.9,0,0,71,32
Jaunpur,Jaunpur,Masur Dal,7980,8070,8025,6/6/2024,42.4,28,0,0,79,21
Jaunpur,Jaunpur,Masur Dal,7990,8040,8015,7/6/2024,42.9,28.4,0,0,63,18
Jaunpur,Jaunpur,Masur Dal,7990,8040,8015,8/6/2024,43.8,27.8,0,0,60,18
Jaunpur,Jaunpur,Masur Dal,8000,8040,8020,9/6/2024,44.3,29,0,0,56,15
Jaunpur,Jaunpur,Masur Dal,8000,8040,8020,10/6/2024,44.7,29,0,0,44,11
Jaunpur,Jaunpur,Masur Dal,8000,8060,8025,11/6/2024,45,29.5,0,0,37,14
Jaunpur,Jaunpur,Masur Dal,8000,8060,8025,12/6/2024,44.8,29.7,0,0,66,17
Jaunpur,Jaunpur,Masur Dal,8000,8070,8025,13-06-2024,45.5,29.6,0,0,57,13
Jaunpur,Jaunpur,Masur Dal,8000,8100,8040,14-06-2024,45.5,32.4,0,0,38,15
Jaunpur,Jaunpur,Masur Dal,8000,8100,8050,15-06-2024,44.8,31.4,0,0,75,18
Jaunpur,Jaunpur,Masur Dal,8000,8100,8050,16-06-2024,46.2,30.3,0,0,64,14
Jaunpur,Jaunpur,Masur Dal,8000,8100,8050,17-06-2024,46.8,31.7,0,0,69,15
Jaunpur,Jaunpur,Masur Dal,8000,8100,8050,18-06-2024,45.4,34.9,0,0,42,21
Jaunpur,Jaunpur,Masur Dal,8000,8100,8050,19-06-2024,42.4,31.7,0,0,60,28
Jaunpur,Jaunpur,Masur Dal,8000,8100,8060,20-06-2024,35.3,27.7,1.3,1.3,85,45
Jaunpur,Jaunpur,Masur Dal,8030,8070,8050,21-06-2024,36.1,27.7,0.2,0.2,84,47
Jaunpur,Jaunpur,Masur Dal,8030,8110,8075,22-06-2024,37,27.8,1,1,87,48
Jaunpur,Jaunpur,Masur Dal,8040,8120,8075,23-06-2024,37.6,27.4,4.5,4.5,93,46
Jaunpur,Jaunpur,Masur Dal,8050,8125,8100,24-06-2024,37.3,27.5,10.2,10.2,95,48
Jaunpur,Jaunpur,Masur Dal,8050,8140,8100,25-06-2024,35.8,27.1,13.3,13.3,92,54
Jaunpur,Jaunpur,Masur Dal,8050,8150,8100,26-06-2024,34.6,27.4,10.9,10.9,97,58
Jaunpur,Jaunpur,Masur Dal,8050,8150,8100,27-06-2024,35.9,26.7,9.8,9.8,94,57
Jaunpur,Jaunpur,Masur Dal,8050,8150,8100,28-06-2024,33.6,26.9,22.5,22.5,95,63
Jaunpur,Jaunpur,Masur Dal,8050,8150,8100,29-06-2024,34,27.2,9,9,95,63
Jaunpur,Jaunpur,Masur Dal,8060,8140,8100,30-06-2024,33.1,26.1,15.1,15.1,95,64
Jaunpur,Jaunpur,Masur Dal,8060,8150,8100,1/7/2024,33.1,25.9,29.1,29.1,96,67
Jaunpur,Jaunpur,Masur Dal,8070,8130,8100,2/7/2024,30.7,26,43,43,96,75
Jaunpur,Jaunpur,Masur Dal,8080,8280,8180,3/7/2024,30,26.5,11.3,11.3,96,76
Jaunpur,Jaunpur,Masur Dal,8100,8140,8120,4/7/2024,31.7,26.3,6.9,6.9,97,71
Jaunpur,Jaunpur,Masur Dal,8100,8160,8125,5/7/2024,30.4,26.3,27.3,27.3,96,74
Jaunpur,Jaunpur,Masur Dal,8100,8160,8125,6/7/2024,32.4,26.2,34.5,34.5,97,66
Jaunpur,Jaunpur,Masur Dal,8100,8170,8125,7/7/2024,30.8,26.2,15.7,15.7,97,75
Jaunpur,Jaunpur,Masur Dal,8100,8200,8150,8/7/2024,32.6,26.5,5.6,5.6,97,73
Jaunpur,Jaunpur,Masur Dal,8100,8200,8150,9/7/2024,34,27.2,6.8,6.8,94,65
Jaunpur,Jaunpur,Masur Dal,8100,8200,8150,10/7/2024,34.1,26.7,19.8,19.8,97,66
Jaunpur,Jaunpur,Masur Dal,8100,8200,8150,11/7/2024,32.8,26.9,16.5,16.5,98,73
Jaunpur,Jaunpur,Masur Dal,8100,8200,8150,12/7/2024,32.4,25.8,20.1,20.1,96,71
Jaunpur,Jaunpur,Masur Dal,8100,8200,8150,13-07-2024,32.1,26,15.2,15.2,99,68
Jaunpur,Jaunpur,Masur Dal,8100,8200,8160,14-07-2024,32.6,25.7,30.9,30.9,97,70
Jaunpur,Jaunpur,Masur Dal,8100,8200,8160,15-07-2024,34.7,26.5,9.9,9.9,95,60
Jaunpur,Jaunpur,Masur Dal,8110,8200,8160,16-07-2024,34.5,28.6,0.5,0.5,84,59
Jaunpur,Jaunpur,Masur Dal,8120,8215,8175,17-07-2024,33.1,28.2,0.2,0.2,85,68
Jaunpur,Jaunpur,Masur Dal,8125,8175,8150,18-07-2024,35.5,28.4,0.3,0.3,89,58
Jaunpur,Jaunpur,Masur Dal,8125,8175,8150,19-07-2024,34.8,27.1,1.6,1.6,94,64
Jaunpur,Jaunpur,Masur Dal,8125,8200,8160,20-07-2024,35.1,27.8,1.8,1.8,92,59
Jaunpur,Jaunpur,Masur Dal,8130,8190,8160,21-07-2024,34.5,28.6,0.3,0.3,82,58
Jaunpur,Jaunpur,Masur Dal,8130,8230,8185,22-07-2024,34.8,28.4,1.4,1.4,87,58
Jaunpur,Jaunpur,Masur Dal,8140,8190,8165,23-07-2024,32.7,27.5,6.5,6.5,97,67
Jaunpur,Jaunpur,Masur Dal,8140,8200,8175,24-07-2024,34.2,26.9,1.4,1.4,97,62
Jaunpur,Jaunpur,Masur Dal,8140,8200,8175,25-07-2024,33.8,27,9,9,98,68
Jaunpur,Jaunpur,Masur Dal,8140,8220,8175,26-07-2024,34.3,26.6,9.3,9.3,97,67
Jaunpur,Jaunpur,Masur Dal,8145,8205,8175,27-07-2024,34.5,26.8,4.6,4.6,96,64
Jaunpur,Jaunpur,Masur Dal,8145,8205,8175,28-07-2024,35,28.8,0.5,0.5,82,58
Jaunpur,Jaunpur,Masur Dal,8145,8220,8185,29-07-2024,35.6,28.8,2.9,2.9,87,57
Jaunpur,Jaunpur,Masur Dal,8150,8250,8200,30-07-2024,35.5,26.7,3,3,95,59
Jaunpur,Jaunpur,Masur Dal,8150,8250,8200,31-07-2024,33.6,26,15.7,15.7,97,65
Jaunpur,Jaunpur,Masur Dal,8150,8250,8200,1/8/2024,32.5,25.4,13.8,13.8,97,69
Jaunpur,Jaunpur,Masur Dal,8170,8230,8200,2/8/2024,31.7,26,4.8,4.8,97,67
Jaunpur,Jaunpur,Masur Dal,8170,8230,8200,3/8/2024,29.6,26.4,8.7,8.7,89,75
Jaunpur,Jaunpur,Masur Dal,8175,8375,8275,4/8/2024,32.7,26.1,7.1,7.1,92,67
Jaunpur,Jaunpur,Masur Dal,8190,8260,8210,5/8/2024,33.1,26,0.4,0.4,95,60
Jaunpur,Jaunpur,Masur Dal,8200,8260,8230,6/8/2024,30.1,26.6,0.8,0.8,97,78
Jaunpur,Jaunpur,Masur Dal,8200,8265,8225,7/8/2024,31.7,25.4,5.2,5.2,98,70
Jaunpur,Jaunpur,Masur Dal,8200,8265,8245,8/8/2024,30.1,25.5,20.4,20.4,97,75
Jaunpur,Jaunpur,Masur Dal,8200,8270,8225,9/8/2024,30.7,25.7,16.6,16.6,97,76
Jaunpur,Jaunpur,Masur Dal,8200,8300,8250,10/8/2024,31.1,25.4,10.3,10.3,97,69
Jaunpur,Jaunpur,Masur Dal,8200,8300,8250,11/8/2024,31.2,25.6,2.9,2.9,96,73
Jaunpur,Jaunpur,Masur Dal,8200,8300,8250,12/8/2024,31.6,26,3.4,3.4,97,72
Jaunpur,Jaunpur,Masur Dal,8200,8300,8250,13-08-2024,32.5,26,2.6,2.6,98,69
Jaunpur,Jaunpur,Masur Dal,8200,8300,8250,14-08-2024,31,26.5,20.2,20.2,98,74
Jaunpur,Jaunpur,Masur Dal,8220,8280,8250,15-08-2024,32.9,26.2,8.7,8.7,99,67
Jaunpur,Jaunpur,Masur Dal,8225,8275,8250,16-08-2024,33.5,25.6,3.7,3.7,97,66
Jaunpur,Jaunpur,Masur Dal,8225,8275,8250,17-08-2024,33,25.7,5.4,5.4,98,68
Jaunpur,Jaunpur,Masur Dal,8240,8300,8270,18-08-2024,32.5,25.8,11.6,11.6,97,66
Jaunpur,Jaunpur,Masur Dal,8240,8325,8275,19-08-2024,32.8,25.2,1.8,1.8,98,66
Jaunpur,Jaunpur,Masur Dal,8250,8350,8300,20-08-2024,32.1,26,7.4,7.4,98,72
Jaunpur,Jaunpur,Masur Dal,8325,8410,8370,21-08-2024,32.2,25.6,6.8,6.8,96,70
Jaunpur,Jaunpur,Masur Dal,8350,8450,8400,22-08-2024,31.6,24.8,21.8,21.8,99,74
Jaunpur,Jaunpur,Masur Dal,8350,8450,8400,23-08-2024,31.1,24.7,18.9,18.9,99,70
Jaunpur,Jaunpur,Masur Dal,8350,8450,8400,24-08-2024,32.2,25.4,11.2,11.2,95,67
Jaunpur,Jaunpur,Masur Dal,8350,8450,8400,25-08-2024,32.2,25.5,4.1,4.1,97,67
Jaunpur,Jaunpur,Masur Dal,8350,8450,8400,26-08-2024,31.8,25.6,12.5,12.5,96,73
Jaunpur,Jaunpur,Masur Dal,8400,8480,8430,27-08-2024,29.4,25.3,16.9,16.9,96,75
Jaunpur,Jaunpur,Masur Dal,8400,8500,8450,28-08-2024,30.2,24.7,33.3,33.3,99,74
Jaunpur,Jaunpur,Masur Dal,8400,8500,8450,29-08-2024,33.2,24.2,0.5,0.5,98,57
Jaunpur,Jaunpur,Masur Dal,8400,8500,8450,30-08-2024,33,25.8,1.1,1.1,97,70
Jaunpur,Jaunpur,Masur Dal,8400,8500,8450,31-08-2024,33.4,26.5,8,8,96,64
Jaunpur,Jaunpur,Masur Dal,8400,8500,8450,1/9/2024,32,26,14.1,14.1,98,71
Jaunpur,Jaunpur,Masur Dal,8400,8500,8460,2/9/2024,32.7,26.6,0.6,0.6,91,63
Jaunpur,Jaunpur,Masur Dal,8400,8500,8460,3/9/2024,33.5,26.8,0,0,89,60
Jaunpur,Jaunpur,Masur Dal,8420,8500,8450,4/9/2024,32.5,26.6,5.1,5.1,98,71
Jaunpur,Jaunpur,Masur Dal,8450,8550,8500,5/9/2024,30.9,25.9,22.2,22.2,100,76
Jaunpur,Jaunpur,Masur Dal,8450,8550,8500,6/9/2024,32.1,25.6,0.6,0.6,98,65
Jaunpur,Jaunpur,Masur Dal,8450,8650,8550,7/9/2024,33.1,25.7,1.4,1.4,99,65
Jaunpur,Jaunpur,Masur Dal,8500,8560,8530,8/9/2024,33.1,26.6,6.4,6.4,97,68
Jaunpur,Jaunpur,Masur Dal,8500,8560,8530,9/9/2024,32.8,26.3,7.3,7.3,97,72
Jaunpur,Jaunpur,Masur Dal,8500,8600,8550,10/9/2024,32.8,27.5,0.5,0.5,90,62
Jaunpur,Jaunpur,Masur Dal,8500,8600,8550,11/9/2024,32.2,27,19.3,19.3,95,68
Jaunpur,Jaunpur,Masur Dal,8500,8600,8550,12/9/2024,32.5,27,8.8,8.8,93,67
Jaunpur,Jaunpur,Masur Dal,8500,8600,8550,13-09-2024,31.8,26.4,0.8,0.8,92,71
Jaunpur,Jaunpur,Masur Dal,8500,8600,8550,14-09-2024,31.5,25.2,0.2,0.2,93,62
Jaunpur,Jaunpur,Masur Dal,8500,8600,8560,15-09-2024,30.8,26.3,0.7,0.7,87,68
Jaunpur,Jaunpur,Masur Dal,8530,8620,8570,16-09-2024,31.4,25.5,2.4,2.4,92,65
Jaunpur,Jaunpur,Masur Dal,8540,8625,8580,17-09-2024,27.8,25.3,52.1,52.1,92,78
Jaunpur,Jaunpur,Masur Dal,8550,8600,8575,18-09-2024,32,25.8,0.3,0.3,87,62
Jaunpur,Jaunpur,Masur Dal,8550,8650,8600,19-09-2024,32.8,24.9,0,0,94,61
Jaunpur,Jaunpur,Masur Dal,8550,8650,8600,20-09-2024,32.6,24.6,0,0,94,58
Jaunpur,Jaunpur,Masur Dal,8580,8630,8600,21-09-2024,33.3,25,0,0,94,56
Jaunpur,Jaunpur,Masur Dal,8600,8700,8650,22-09-2024,33.6,25.5,0,0,91,57
Jaunpur,Jaunpur,Masur Dal,8600,8700,8650,23-09-2024,33.4,25.6,0,0,95,64
Jaunpur,Jaunpur,Masur Dal,8630,8670,8650,24-09-2024,32.3,25.6,4,4,95,70
Jaunpur,Jaunpur,Masur Dal,8650,8690,8680,25-09-2024,31.6,26.6,4,4,92,69
Jaunpur,Jaunpur,Masur Dal,8650,8690,8680,26-09-2024,29.4,24.9,23.1,23.1,96,74
Jaunpur,Jaunpur,Masur Dal,8650,8750,8700,27-09-2024,29.7,24.9,37,37,96,76
Jaunpur,Jaunpur,Masur Dal,9775,9835,9810,28-09-2024,29.5,24.8,15.9,15.9,99,80
Jaunpur,Jaunpur,Masur Dal,10140,10200,10160,29-09-2024,30.7,24.2,7.1,7.1,99,75
